task_id,f1,multiset_f1,success,status,calls,tool_error,time_sec,method
oea_test_238,0.4,0.625,True,completed,10,False,517.5178771018982,Base
oea_test_1082,1.0,1.0,True,completed,4,False,243.1826012134552,Base
oea_test_153,0.3333333333333333,0.10526315789473685,False,failed,15,False,679.0584664344788,Base
oea_test_862,0.3333333333333333,0.4444444444444444,True,completed,6,False,138.43000721931458,Base
oea_test_1139,1.0,1.0,True,completed,4,False,193.43775582313538,Base
oea_test_538,0.8571428571428571,0.888888888888889,True,completed,5,False,263.63287329673767,Base
oea_test_337,1.0,0.8,True,completed,2,False,145.60113763809204,Base
oea_test_627,0.75,0.6666666666666666,True,completed,7,True,344.18972158432007,Base
oea_test_479,0.4,0.4,True,completed,2,False,149.43768191337585,Base
oea_test_215,0.8571428571428571,0.888888888888889,True,completed,5,False,321.6099605560303,Base
oea_test_959,1.0,1.0,True,completed,2,False,61.72913146018982,Base
oea_test_497,0.8571428571428571,0.888888888888889,True,completed,5,False,302.9631757736206,Base
oea_test_674,0.6666666666666666,0.8,True,completed,2,False,54.879674673080444,Base
oea_test_439,0.8571428571428571,0.888888888888889,True,completed,5,False,296.4406991004944,Base
oea_test_1057,0.8571428571428571,0.888888888888889,True,completed,5,False,338.7267220020294,Base
oea_test_647,0.8571428571428571,0.888888888888889,True,completed,5,False,287.67495560646057,Base
oea_test_1146,0.8571428571428571,0.888888888888889,True,completed,5,False,266.29275608062744,Base
oea_test_79,0.25,0.08695652173913045,False,failed,15,False,561.3793251514435,Base
oea_test_1000,0.3333333333333333,0.10526315789473685,False,failed,15,False,299.6526474952698,Base
oea_test_986,0.0,0.0,False,completed,1,False,39.32966375350952,Base
oea_test_1123,0.4,0.6666666666666665,True,completed,5,False,124.95968270301819,Base
oea_test_631,0.4444444444444445,0.23529411764705882,False,failed,15,False,445.9707555770874,Base
oea_test_646,0.8571428571428571,0.888888888888889,True,completed,5,False,316.8729796409607,Base
oea_test_845,0.8571428571428571,0.888888888888889,True,completed,5,False,323.3890995979309,Base
oea_test_390,1.0,1.0,True,completed,4,False,250.4257218837738,Base
oea_test_377,1.0,1.0,True,completed,6,False,342.30458641052246,Base
oea_test_404,0.8571428571428571,0.888888888888889,True,completed,5,False,299.36928129196167,Base
oea_test_191,0.28571428571428575,0.11764705882352941,False,failed,15,False,723.9026923179626,Base
oea_test_998,0.8571428571428571,0.5333333333333333,True,completed,11,True,433.69026255607605,Base
oea_test_888,0.8,0.6666666666666666,True,completed,4,False,106.77363228797913,Base
oea_test_489,0.5,0.28571428571428575,True,completed,4,False,234.2535297870636,Base
oea_test_485,0.7499999999999999,0.7272727272727273,True,completed,7,True,381.7812354564667,Base
oea_test_950,0.0,0.0,False,completed,2,False,59.03713369369507,Base
oea_test_927,0.75,0.8000000000000002,True,completed,5,False,256.4750168323517,Base
oea_test_125,1.0,1.0,True,completed,4,False,197.57246088981628,Base
oea_test_809,0.5714285714285715,0.4210526315789474,False,failed,15,False,295.8462610244751,Base
oea_test_387,0.5,0.3333333333333333,True,completed,3,False,129.58089089393616,Base
oea_test_351,0.888888888888889,0.9090909090909091,True,completed,5,False,440.0862147808075,Base
oea_test_988,0.8571428571428571,0.888888888888889,True,completed,5,False,276.16593956947327,Base
oea_test_27,1.0,1.0,True,completed,4,False,186.16232562065125,Base
oea_test_890,0.8571428571428571,0.888888888888889,True,completed,5,False,308.1031303405762,Base
oea_test_512,0.8571428571428571,0.8,True,completed,6,True,317.7930669784546,Base
oea_test_424,1.0,1.0,True,completed,5,False,272.1963276863098,Base
oea_test_1008,0.0,0.0,False,completed,2,False,69.07264280319214,Base
oea_test_1125,0.6666666666666666,0.5,True,completed,1,False,26.650700330734253,Base
oea_test_1149,0.6666666666666666,0.625,True,completed,11,True,1008.2888073921204,Base
oea_test_80,0.8571428571428571,0.888888888888889,True,completed,5,False,338.22571086883545,Base
oea_test_1084,0.2222222222222222,0.5,True,completed,12,False,318.32249546051025,Base
oea_test_388,0.5,0.4,True,completed,2,False,127.29326176643372,Base
oea_test_914,0.5,0.8000000000000002,True,completed,5,False,119.2935860157013,Base
oea_test_554,0.8,0.7272727272727273,True,completed,4,False,100.24868488311768,Base
oea_test_1021,0.6666666666666666,0.4,True,completed,7,False,167.11901783943176,Base
oea_test_629,0.3333333333333333,0.25,True,completed,6,False,123.22648191452026,Base
oea_test_595,0.8571428571428571,0.888888888888889,True,completed,5,False,322.54979133605957,Base
oea_test_1144,0.6666666666666666,0.4210526315789474,False,failed,15,False,693.724404335022,Base
oea_test_544,0.8,0.9090909090909091,True,completed,5,False,113.2271339893341,Base
oea_test_261,0.8571428571428571,0.7272727272727273,True,completed,7,True,872.5275597572327,Base
oea_test_87,0.6666666666666666,0.5,True,completed,6,False,328.0499725341797,Base
oea_test_1072,0.8571428571428571,0.888888888888889,True,completed,5,False,341.460054397583,Base
oea_test_604,1.0,0.8,True,completed,6,True,783.0891778469086,Base
oea_test_826,0.8571428571428571,0.888888888888889,True,completed,5,False,322.8010265827179,Base
oea_test_461,0.3333333333333333,0.2,True,completed,6,False,306.57483673095703,Base
oea_test_362,0.8571428571428571,0.888888888888889,True,completed,5,False,334.57034039497375,Base
oea_test_951,1.0,1.0,True,completed,4,False,279.01923847198486,Base
oea_test_447,0.8571428571428571,0.7272727272727273,True,completed,7,True,446.5559301376343,Base
oea_test_123,0.6666666666666666,0.4444444444444444,True,completed,6,False,314.5883345603943,Base
oea_test_624,0.6666666666666666,0.8,True,completed,2,False,94.07126045227051,Base
oea_test_155,0.5,0.4,True,completed,3,False,192.1465127468109,Base
oea_test_819,0.28571428571428575,0.22222222222222224,True,completed,7,False,173.7396969795227,Base
oea_test_26,0.7499999999999999,0.6153846153846153,True,completed,9,True,404.0161392688751,Base
oea_test_1015,0.6666666666666666,0.5454545454545454,True,completed,8,False,165.57363939285278,Base
oea_test_656,0.7499999999999999,0.6666666666666666,True,completed,8,True,429.15779995918274,Base
oea_test_210,0.7499999999999999,0.8,True,completed,6,False,367.75053358078003,Base
oea_test_955,0.5,0.4,True,completed,2,False,60.94929385185242,Base
oea_test_1129,0.8571428571428571,0.7272727272727273,True,completed,7,True,332.56534004211426,Base
oea_test_166,0.6666666666666666,0.6666666666666666,True,completed,10,False,445.9047727584839,Base
oea_test_500,1.0,1.0,True,completed,5,False,302.72268056869507,Base
oea_test_1018,0.4444444444444445,0.30769230769230765,True,completed,6,False,173.34516286849976,Base
oea_test_1081,0.8571428571428571,0.888888888888889,True,completed,5,False,291.0011320114136,Base
oea_test_126,1.0,1.0,True,completed,4,False,274.4078838825226,Base
oea_test_491,0.75,0.8000000000000002,True,completed,5,False,333.6675384044647,Base
oea_test_720,0.8571428571428571,0.888888888888889,True,completed,5,False,319.3957049846649,Base
oea_test_428,0.5,0.5714285714285715,True,completed,4,False,167.23339819908142,Base
oea_test_663,1.0,0.923076923076923,True,completed,7,False,401.00939083099365,Base
oea_test_301,1.0,1.0,True,completed,4,False,237.64274954795837,Base
oea_test_22,1.0,1.0,True,completed,4,False,132.00348949432373,Base
oea_test_999,0.4,0.3333333333333333,True,completed,2,False,63.6512451171875,Base
oea_test_731,0.6666666666666666,0.4,True,completed,8,False,174.9064655303955,Base
oea_test_753,0.6666666666666666,0.5,True,completed,1,False,37.611937046051025,Base
oea_test_885,0.4,0.5454545454545454,True,completed,5,False,121.78632259368896,Base
oea_test_781,0.7499999999999999,0.8,True,completed,6,False,361.4783720970154,Base
oea_test_691,1.0,0.6153846153846153,True,completed,9,True,941.3330945968628,Base
oea_test_365,0.5,0.5,True,completed,1,False,76.08283710479736,Base
oea_test_474,0.5,0.6,True,completed,7,False,423.31978392601013,Base
oea_test_1157,0.8571428571428571,0.888888888888889,True,completed,5,False,319.0798830986023,Base
oea_test_192,0.5714285714285714,0.5,True,completed,14,True,633.853129863739,Base
oea_test_164,0.75,0.8000000000000002,True,completed,5,False,311.59327387809753,Base
oea_test_592,0.3333333333333333,0.15384615384615383,True,completed,6,False,126.02445483207703,Base
oea_test_1085,0.8571428571428571,0.888888888888889,True,completed,5,False,331.72998046875,Base
oea_test_757,0.8571428571428571,0.888888888888889,True,completed,5,False,356.1075258255005,Base
oea_test_618,0.5,0.6,True,completed,6,False,366.221342086792,Base
oea_test_836,0.8,0.5714285714285715,True,completed,2,False,56.40690779685974,Base
oea_test_1026,0.8571428571428571,0.8,True,completed,6,True,291.3639144897461,Base
oea_test_364,0.0,0.0,False,completed,4,False,210.15203475952148,Base
oea_test_293,1.0,1.0,True,completed,4,False,219.1888246536255,Base
oea_test_591,0.8571428571428571,0.888888888888889,True,completed,5,False,311.1751389503479,Base
oea_test_445,0.8571428571428571,0.7499999999999999,True,completed,5,False,217.78398752212524,Base
oea_test_810,0.6666666666666666,0.4444444444444445,True,completed,14,True,983.8917984962463,Base
oea_test_269,0.4444444444444444,0.25,True,completed,13,False,947.9053604602814,Base
oea_test_566,0.5714285714285715,0.7058823529411764,True,completed,10,False,413.21187448501587,Base
oea_test_263,0.8571428571428571,0.888888888888889,True,completed,5,False,296.73970651626587,Base
oea_test_134,0.7499999999999999,0.8,True,completed,6,False,316.83531641960144,Base
oea_test_396,1.0,0.5714285714285715,True,completed,2,False,122.25625777244568,Base
oea_test_1032,1.0,0.6666666666666666,True,completed,2,False,62.30989623069763,Base
oea_test_793,1.0,0.888888888888889,True,completed,5,True,320.83756589889526,Base
oea_test_478,0.75,0.8000000000000002,True,completed,5,False,237.8205533027649,Base
oea_test_925,0.5,0.4,True,completed,2,False,56.96402859687805,Base
oea_test_382,0.5,0.3333333333333333,True,completed,4,False,221.96288871765137,Base
oea_test_308,1.0,1.0,True,completed,4,False,274.5914046764374,Base
oea_test_54,0.4,0.16666666666666669,True,completed,10,False,473.61635422706604,Base
oea_test_570,0.8571428571428571,0.8,True,completed,6,False,380.048775434494,Base
oea_test_891,0.8571428571428571,0.888888888888889,True,completed,4,False,279.5629644393921,Base
oea_test_776,1.0,0.8,True,completed,2,False,57.28852844238281,Base
oea_test_75,0.4444444444444445,0.4285714285714285,True,completed,10,False,483.41376972198486,Base
oea_test_145,0.75,0.8000000000000002,True,completed,5,False,283.9440484046936,Base
oea_test_288,0.8,0.9333333333333333,True,completed,8,False,407.11188793182373,Base
oea_test_407,0.8571428571428571,0.888888888888889,True,completed,5,False,328.7193992137909,Base
oea_test_316,0.8571428571428571,0.888888888888889,True,completed,5,False,276.48127365112305,Base
oea_test_1089,0.28571428571428575,0.25,True,completed,5,False,177.949049949646,Base
oea_test_259,0.7499999999999999,0.8,True,completed,6,False,328.3598346710205,Base
oea_test_1166,0.6666666666666666,0.6666666666666666,True,completed,4,False,100.16301417350769,Base
oea_test_1033,1.0,1.0,True,completed,4,False,265.50782108306885,Base
oea_test_1042,1.0,1.0,True,completed,5,False,338.5255181789398,Base
oea_test_1099,1.0,1.0,True,completed,7,False,369.0498728752136,Base
oea_test_1130,0.8571428571428571,0.5454545454545454,True,completed,8,False,191.72200655937195,Base
oea_test_913,0.6,0.5714285714285715,True,completed,10,True,463.08059310913086,Base
oea_test_693,0.7499999999999999,0.7272727272727273,True,completed,7,False,266.32225704193115,Base
oea_test_163,1.0,1.0,True,completed,4,False,204.22322130203247,Base
oea_test_761,0.6666666666666665,0.7272727272727272,True,completed,6,False,324.9284608364105,Base
oea_test_948,0.8,0.6,True,completed,7,False,173.28586411476135,Base
oea_test_1103,0.75,0.8000000000000002,True,completed,5,False,299.65820956230164,Base
oea_test_16,1.0,1.0,True,completed,2,False,116.77872776985168,Base
oea_test_158,0.8571428571428571,0.888888888888889,True,completed,5,False,295.3992838859558,Base
oea_test_104,0.0,0.0,False,completed,1,False,92.02327513694763,Base
oea_test_296,1.0,1.0,True,completed,5,False,298.88997888565063,Base
oea_test_563,1.0,1.0,True,completed,4,False,236.5594346523285,Base
oea_test_529,0.5714285714285715,0.6153846153846153,False,failed,15,False,305.04611349105835,Base
oea_test_857,0.0,0.0,False,completed,4,False,94.92012619972229,Base
oea_test_654,1.0,1.0,True,completed,7,False,371.6121048927307,Base
oea_test_598,0.4,0.25,True,completed,6,False,143.43523836135864,Base
oea_test_1050,1.0,1.0,True,completed,4,False,243.5716712474823,Base
oea_test_242,0.4444444444444445,0.33333333333333337,True,completed,10,False,526.2525475025177,Base
oea_test_522,1.0,1.0,True,completed,4,False,241.47902154922485,Base
oea_test_1030,0.6666666666666666,0.888888888888889,True,completed,4,False,99.94845700263977,Base
oea_test_719,0.8571428571428571,0.888888888888889,True,completed,4,False,271.0344591140747,Base
oea_test_796,0.3333333333333333,0.28571428571428575,True,completed,5,False,113.34561109542847,Base
oea_test_470,0.5714285714285715,0.3333333333333333,True,completed,8,False,426.4520947933197,Base
oea_test_115,1.0,1.0,True,completed,4,False,248.9315950870514,Base
oea_test_141,0.8571428571428571,0.888888888888889,True,completed,5,False,252.76072120666504,Base
oea_test_94,0.8571428571428571,0.888888888888889,True,completed,5,False,283.96886014938354,Base
oea_test_824,1.0,1.0,True,completed,5,False,298.9286024570465,Base
oea_test_673,0.75,0.7272727272727272,True,completed,6,True,374.0924439430237,Base
oea_test_245,0.7499999999999999,0.4444444444444445,True,completed,14,True,924.6184132099152,Base
oea_test_905,1.0,1.0,True,completed,4,False,269.85086846351624,Base
oea_test_235,0.8571428571428571,0.8,True,completed,6,True,337.57997155189514,Base
oea_test_635,0.4,0.28571428571428575,True,completed,4,False,107.99765110015869,Base
oea_test_987,1.0,1.0,True,completed,2,False,58.804312229156494,Base
oea_test_513,0.8571428571428571,0.888888888888889,True,completed,5,False,263.2678048610687,Base
oea_test_946,0.75,0.8000000000000002,True,completed,5,False,325.88963866233826,Base
oea_test_1097,1.0,1.0,True,completed,3,False,55.72844862937927,Base
oea_test_12,0.8571428571428571,0.888888888888889,True,completed,5,False,938.5901176929474,Base
oea_test_855,0.7499999999999999,0.8,True,completed,6,False,331.1295630931854,Base
oea_test_361,0.5,0.5,True,completed,2,False,150.24607229232788,Base
oea_test_982,0.8571428571428571,0.6666666666666666,True,completed,8,True,426.54430079460144,Base
oea_test_272,0.5714285714285715,0.4,True,completed,6,False,347.8836078643799,Base
oea_test_847,0.8571428571428571,0.888888888888889,True,completed,5,False,327.53093218803406,Base
oea_test_67,0.4,0.4,True,completed,10,False,437.65524101257324,Base
oea_test_588,0.5,0.4210526315789474,False,failed,15,False,338.475225687027,Base
oea_test_763,0.3333333333333333,0.10000000000000002,True,completed,10,False,347.1071174144745,Base
oea_test_738,0.28571428571428575,0.15384615384615383,True,completed,9,False,180.27613234519958,Base
oea_test_1124,0.8571428571428571,0.888888888888889,True,completed,5,False,272.0522725582123,Base
oea_test_822,0.75,0.8000000000000002,True,completed,5,False,270.7043340206146,Base
oea_test_375,0.6666666666666666,0.4210526315789474,False,failed,15,True,982.8115875720978,Base
oea_test_767,1.0,1.0,True,completed,4,False,244.28629422187805,Base
oea_test_1156,0.7499999999999999,0.8,True,completed,6,False,376.0099472999573,Base
oea_test_550,0.75,0.8000000000000002,True,completed,5,False,301.14935874938965,Base
oea_test_30,1.0,1.0,True,completed,4,False,281.6864504814148,Base
oea_test_61,0.8571428571428571,0.888888888888889,True,completed,5,False,310.6759457588196,Base
oea_test_297,1.0,0.888888888888889,True,completed,5,True,360.9495565891266,Base
oea_test_1003,0.6666666666666666,0.6666666666666666,True,completed,3,False,76.90578532218933,Base
oea_test_311,0.5,0.2105263157894737,False,failed,15,True,907.8485898971558,Base
oea_test_1056,0.6666666666666666,0.5,True,completed,5,False,157.41035652160645,Base
oea_test_170,0.8,0.8,True,completed,2,False,145.01503229141235,Base
oea_test_226,0.75,0.8000000000000002,True,completed,5,False,329.7988796234131,Base
oea_test_907,0.5,0.2,True,completed,2,False,56.46373248100281,Base
oea_test_363,0.25,0.10526315789473685,False,failed,15,False,655.283117055893,Base
oea_test_1016,1.0,1.0,True,completed,4,False,246.68179392814636,Base
oea_test_65,0.6666666666666666,0.5333333333333333,True,completed,11,True,799.7523882389069,Base
oea_test_874,0.7499999999999999,0.8,True,completed,6,False,293.07117199897766,Base
oea_test_1088,1.0,1.0,True,completed,4,False,235.55933594703674,Base
oea_test_121,0.4,0.2222222222222222,True,completed,6,False,400.37017726898193,Base
oea_test_825,0.6666666666666666,0.6153846153846153,True,completed,9,False,506.1326162815094,Base
oea_test_195,0.75,0.31578947368421056,False,failed,15,True,953.3954768180847,Base
oea_test_1005,1.0,1.0,True,completed,2,False,65.94862365722656,Base
oea_test_1140,0.5714285714285714,0.5454545454545455,False,failed,15,True,297.8679919242859,Base
oea_test_774,1.0,1.0,True,completed,4,False,281.3141918182373,Base
oea_test_148,0.8571428571428571,0.8,True,completed,6,False,341.3782546520233,Base
oea_test_1039,0.5,0.4,True,completed,3,False,78.38955664634705,Base
oea_test_728,0.7499999999999999,0.8,True,completed,6,False,410.31519174575806,Base
oea_test_863,1.0,1.0,True,completed,4,False,258.21332454681396,Base
oea_test_581,0.5,0.36363636363636365,False,failed,15,True,939.5308332443237,Base
oea_test_1095,0.5714285714285715,0.4444444444444445,True,completed,5,False,121.05558753013611,Base
oea_test_965,1.0,1.0,True,completed,4,False,356.2446393966675,Base
oea_test_790,0.8571428571428571,0.888888888888889,True,completed,5,False,320.2682931423187,Base
oea_test_401,0.6666666666666666,0.5,True,completed,6,False,347.6596665382385,Base
oea_test_952,0.8571428571428571,0.888888888888889,True,completed,5,False,318.37385988235474,Base
oea_test_91,0.8571428571428571,0.888888888888889,True,completed,5,False,262.75903940200806,Base
oea_test_602,0.5714285714285715,0.2105263157894737,False,failed,15,False,290.6093256473541,Base
oea_test_830,0.5,0.4,True,completed,2,False,66.08139443397522,Base
oea_test_236,1.0,1.0,True,completed,2,False,152.64291048049927,Base
oea_test_514,1.0,1.0,True,completed,4,False,226.54069209098816,Base
oea_test_480,0.3333333333333333,0.4,True,completed,7,False,378.5299184322357,Base
oea_test_165,0.0,0.0,False,completed,1,False,97.1878809928894,Base
oea_test_451,0.6666666666666665,0.7272727272727272,True,completed,6,False,325.30563282966614,Base
oea_test_189,0.8,0.8,True,completed,3,False,151.77864146232605,Base
oea_test_706,0.8571428571428571,0.8,True,completed,6,False,353.52571153640747,Base
oea_test_201,0.3333333333333333,0.12500000000000003,True,completed,11,False,513.6814670562744,Base
oea_test_1120,1.0,1.0,True,completed,4,False,245.08509373664856,Base
oea_test_620,0.6666666666666666,0.6666666666666666,True,completed,8,False,412.46748328208923,Base
oea_test_484,0.5,0.5,True,completed,2,False,146.51734924316406,Base
oea_test_25,0.4,0.28571428571428575,True,completed,4,False,243.63758444786072,Base
oea_test_558,0.5,0.5,True,completed,2,False,63.241859912872314,Base
oea_test_44,0.75,0.8000000000000002,True,completed,5,False,268.9332273006439,Base
oea_test_78,0.8571428571428571,0.888888888888889,True,completed,5,False,288.4243323802948,Base
oea_test_576,0.75,0.8000000000000002,True,completed,5,False,371.45330786705017,Base
oea_test_861,0.0,0.0,False,completed,1,False,35.9417359828949,Base
oea_test_567,0.8,0.75,True,completed,4,False,92.21534276008606,Base
oea_test_183,0.8571428571428571,0.888888888888889,True,completed,5,False,301.6256260871887,Base
oea_test_173,0.8571428571428571,0.888888888888889,True,completed,5,False,290.2007887363434,Base
oea_test_963,0.4444444444444444,0.23529411764705882,True,completed,12,False,540.7183458805084,Base
oea_test_996,0.6,0.6153846153846153,True,completed,9,True,318.77486062049866,Base
oea_test_889,0.8571428571428571,0.888888888888889,True,completed,5,False,334.20949816703796,Base
oea_test_193,1.0,1.0,True,completed,4,False,237.30138444900513,Base
oea_test_455,0.8571428571428571,0.888888888888889,True,completed,5,False,305.78162717819214,Base
oea_test_680,0.4,0.16666666666666669,True,completed,10,False,149.27114820480347,Base
oea_test_919,0.8571428571428571,0.5,True,completed,3,False,85.14735651016235,Base
oea_test_887,0.25,0.11764705882352941,True,completed,12,False,489.3532953262329,Base
oea_test_486,0.8571428571428571,0.888888888888889,True,completed,5,False,264.38516998291016,Base
oea_test_1122,1.0,0.8,True,completed,2,False,59.97719931602478,Base
oea_test_689,1.0,1.0,True,completed,2,False,58.38295006752014,Base
oea_test_628,0.28571428571428575,0.2,True,completed,6,False,125.88891839981079,Base
oea_test_229,0.75,0.8000000000000002,True,completed,5,False,312.7760899066925,Base
oea_test_471,0.8571428571428571,0.888888888888889,True,completed,5,False,318.63662576675415,Base
oea_test_74,1.0,1.0,True,completed,4,False,235.2532503604889,Base
oea_test_821,0.28571428571428575,0.2,True,completed,4,False,111.83398580551147,Base
oea_test_320,1.0,1.0,True,completed,1,False,97.79063844680786,Base
oea_test_419,1.0,1.0,True,completed,4,False,188.79122471809387,Base
oea_test_605,0.5714285714285715,0.5,True,completed,5,False,126.97122001647949,Base
oea_test_573,1.0,1.0,True,completed,4,False,310.10014939308167,Base
oea_test_64,1.0,1.0,True,completed,4,False,272.75668454170227,Base
oea_test_615,1.0,1.0,True,completed,7,False,372.08930349349976,Base
oea_test_1012,0.6,0.47058823529411764,True,completed,13,False,714.7173497676849,Base
oea_test_200,0.8571428571428571,0.6666666666666666,True,completed,8,True,410.46294474601746,Base
oea_test_326,0.4,0.22222222222222224,True,completed,4,False,218.22066497802734,Base
oea_test_984,0.4,0.30769230769230765,True,completed,9,False,246.17843914031982,Base
oea_test_594,0.5,0.5,True,completed,2,False,58.95055413246155,Base
oea_test_909,0.7692307692307693,0.631578947368421,True,completed,13,True,903.8862307071686,Base
oea_test_175,0.8571428571428571,0.8,True,completed,6,False,348.0661811828613,Base
oea_test_0,0.8571428571428571,0.888888888888889,True,completed,5,False,220.04836058616638,Base
oea_test_449,0.7272727272727273,0.6666666666666666,True,completed,10,True,812.5442793369293,Base
oea_test_53,0.9090909090909091,0.7058823529411764,True,completed,11,True,1256.2356543540955,Base
oea_test_1106,0.75,0.8000000000000002,True,completed,5,False,315.7518193721771,Base
oea_test_703,0.8571428571428571,0.888888888888889,True,completed,5,False,287.9090507030487,Base
oea_test_1127,0.4,0.6666666666666666,True,completed,7,False,170.4818561077118,Base
oea_test_152,0.4,0.7692307692307692,True,completed,7,False,392.1113488674164,Base
oea_test_4,0.8571428571428571,0.888888888888889,True,completed,5,False,158.608647108078,Base
oea_test_1153,1.0,0.8,True,completed,9,True,460.6953330039978,Base
oea_test_1087,0.75,0.8000000000000002,True,completed,5,False,334.4251627922058,Base
oea_test_807,1.0,1.0,True,completed,5,False,257.61975860595703,Base
oea_test_555,0.4,0.15384615384615385,True,completed,5,False,120.40399074554443,Base
oea_test_113,0.4444444444444445,0.2105263157894737,False,failed,15,False,952.8956570625305,Base
oea_test_792,0.4444444444444445,0.42857142857142855,True,completed,11,False,375.00890374183655,Base
oea_test_701,0.7499999999999999,0.8,True,completed,6,False,368.0899565219879,Base
oea_test_1142,0.8,0.8,True,completed,3,False,80.34977078437805,Base
oea_test_712,0.7499999999999999,0.8,True,completed,6,False,343.8761591911316,Base
oea_test_524,0.8571428571428571,0.888888888888889,True,completed,5,False,297.8302845954895,Base
oea_test_180,0.8571428571428571,0.5,True,completed,12,True,848.3852849006653,Base
oea_test_56,0.9090909090909091,0.7499999999999999,True,completed,10,False,492.56789922714233,Base
oea_test_1112,0.4000000000000001,0.19047619047619044,False,failed,15,True,1617.726461648941,Base
oea_test_797,0.75,0.5714285714285714,True,completed,9,True,525.3333022594452,Base
oea_test_716,0.75,0.8000000000000002,True,completed,5,False,275.8458478450775,Base
oea_test_380,0.7499999999999999,0.8,True,completed,6,False,283.8700487613678,Base
oea_test_39,0.5,0.5714285714285715,True,completed,4,True,302.01473331451416,Base
oea_test_1161,0.8571428571428571,0.8571428571428571,True,completed,4,False,214.2819631099701,Base
oea_test_284,0.28571428571428575,0.1818181818181818,True,completed,6,False,315.1175842285156,Base
oea_test_521,1.0,1.0,True,completed,4,False,218.3302834033966,Base
oea_test_43,1.0,1.0,True,completed,3,False,146.8011827468872,Base
oea_test_585,0.8571428571428571,0.888888888888889,True,completed,5,False,341.20000290870667,Base
oea_test_1128,0.6666666666666666,0.4210526315789474,False,failed,15,True,1611.3825328350067,Base
oea_test_756,1.0,1.0,True,completed,4,False,250.7423939704895,Base
oea_test_136,0.8571428571428571,0.7272727272727273,True,completed,7,True,795.305282831192,Base
oea_test_833,0.7499999999999999,0.8,True,completed,6,False,345.00659823417664,Base
oea_test_586,0.8571428571428571,0.888888888888889,True,completed,5,False,347.24982619285583,Base
oea_test_268,0.8571428571428571,0.6666666666666666,True,completed,8,True,449.9908401966095,Base
oea_test_66,0.0,0.0,False,completed,1,False,63.77280116081238,Base
oea_test_142,0.4444444444444445,0.2222222222222222,True,completed,9,False,469.7375376224518,Base
oea_test_973,0.6666666666666666,0.6,True,completed,7,False,158.0495319366455,Base
oea_test_371,0.5,0.5,True,completed,2,False,185.78681206703186,Base
oea_test_212,0.7499999999999999,0.8,True,completed,6,False,376.44847106933594,Base
oea_test_597,1.0,1.0,True,completed,4,False,256.96852016448975,Base
oea_test_655,0.7499999999999999,0.5,True,completed,9,False,179.86446833610535,Base
oea_test_805,0.4,0.2222222222222222,True,completed,3,False,78.3456518650055,Base
oea_test_8,1.0,1.0,True,completed,4,False,209.280864238739,Base
oea_test_37,0.5,0.8333333333333334,True,completed,6,False,282.05083990097046,Base
oea_test_714,0.6666666666666666,0.33333333333333337,False,failed,15,False,319.48177886009216,Base
oea_test_403,0.4,0.25,True,completed,4,False,220.45502281188965,Base
oea_test_432,0.6666666666666666,0.33333333333333337,True,completed,1,False,92.06864356994629,Base
oea_test_353,1.0,1.0,True,completed,2,False,149.88178777694702,Base
oea_test_758,0.4444444444444444,0.3333333333333333,True,completed,9,False,246.84359335899353,Base
oea_test_686,0.8571428571428571,0.5714285714285715,True,completed,10,True,477.88920640945435,Base
oea_test_785,0.9090909090909091,0.7499999999999999,True,completed,10,False,578.1420199871063,Base
oea_test_574,0.0,0.0,False,completed,1,False,32.6964750289917,Base
oea_test_858,1.0,1.0,True,completed,5,False,297.5511362552643,Base
oea_test_1158,1.0,1.0,True,completed,4,False,290.52726674079895,Base
oea_test_258,0.7499999999999999,0.5454545454545454,True,completed,8,False,429.85626554489136,Base
oea_test_156,0.7499999999999999,0.6153846153846153,True,completed,9,True,464.6580259799957,Base
oea_test_222,0.8571428571428571,0.7272727272727273,True,completed,7,False,415.3983328342438,Base
oea_test_391,1.0,1.0,True,completed,4,False,244.15986108779907,Base
oea_test_1163,1.0,1.0,True,completed,4,False,220.05512166023254,Base
oea_test_542,0.7499999999999999,0.6153846153846153,True,completed,9,True,743.3845453262329,Base
oea_test_625,0.0,0.0,False,completed,5,False,118.36255192756653,Base
oea_test_1135,0.7499999999999999,0.7272727272727273,True,completed,7,False,298.55268931388855,Base
oea_test_256,0.8571428571428571,0.888888888888889,True,completed,5,False,332.0145900249481,Base
oea_test_7,0.7499999999999999,0.8,True,completed,6,False,211.82613563537598,Base
oea_test_1028,0.3333333333333333,0.4444444444444445,True,completed,5,False,119.17626643180847,Base
oea_test_877,0.8571428571428571,0.5454545454545454,True,completed,8,False,350.46938037872314,Base
oea_test_818,0.8571428571428571,0.888888888888889,True,completed,5,False,286.76167941093445,Base
oea_test_935,0.7499999999999999,0.8,True,completed,6,False,317.2546248435974,Base
oea_test_1148,0.5714285714285715,0.25,True,completed,9,True,332.3420157432556,Base
oea_test_829,0.3636363636363636,0.2,False,failed,15,True,990.1963777542114,Base
oea_test_168,0.8,0.8333333333333334,True,completed,6,False,334.11823868751526,Base
oea_test_1,0.4,0.4,True,completed,3,False,1093.9432535171509,Base
oea_test_309,0.5,0.28571428571428575,True,completed,4,False,259.7415633201599,Base
oea_test_737,1.0,1.0,True,completed,4,False,258.07608580589294,Base
oea_test_644,0.4,0.25,True,completed,6,False,134.13447189331055,Base
oea_test_508,0.3333333333333333,0.28571428571428575,True,completed,5,False,260.48031544685364,Base
oea_test_871,0.8571428571428571,0.888888888888889,True,completed,5,False,336.1836037635803,Base
oea_test_503,0.4,0.4,True,completed,3,False,187.38005685806274,Base
oea_test_279,0.8571428571428571,0.888888888888889,True,completed,5,False,299.7358908653259,Base
oea_test_1094,0.7499999999999999,0.7272727272727273,True,completed,7,False,406.7203085422516,Base
oea_test_650,0.8571428571428571,0.888888888888889,True,completed,5,False,317.19797801971436,Base
oea_test_423,1.0,1.0,True,completed,4,False,261.3868145942688,Base
oea_test_920,0.8571428571428571,0.888888888888889,True,completed,5,False,277.87286734580994,Base
oea_test_352,0.6666666666666666,0.75,True,completed,4,False,230.42616438865662,Base
oea_test_394,0.8571428571428571,0.888888888888889,True,completed,5,False,316.4809753894806,Base
oea_test_546,0.75,0.5333333333333333,True,completed,10,True,479.7547218799591,Base
oea_test_321,0.8571428571428571,0.888888888888889,True,completed,5,False,258.92697381973267,Base
oea_test_124,0.7499999999999999,0.8,True,completed,6,False,246.98816752433777,Base
oea_test_603,0.8571428571428571,0.6153846153846153,True,completed,9,True,678.6559658050537,Base
oea_test_338,0.28571428571428575,0.15384615384615385,True,completed,8,False,399.2218735218048,Base
oea_test_458,0.6666666666666666,0.2857142857142857,True,completed,12,True,690.5792367458344,Base
oea_test_324,0.7499999999999999,0.8,True,completed,6,False,337.5689420700073,Base
oea_test_346,0.6666666666666666,0.30769230769230765,True,completed,4,False,251.71905326843262,Base
oea_test_1137,0.28571428571428575,0.25,True,completed,5,False,153.71378350257874,Base
oea_test_708,0.0,0.0,False,completed,11,False,241.5517590045929,Base
oea_test_924,0.3333333333333333,0.09523809523809522,False,failed,15,False,354.13923239707947,Base
oea_test_1150,0.8571428571428571,0.6666666666666666,True,completed,8,True,692.531439781189,Base
oea_test_254,0.8,0.6666666666666666,True,completed,3,False,169.89656567573547,Base
oea_test_547,0.5,0.6666666666666666,True,completed,3,False,76.85390710830688,Base
oea_test_964,0.8,0.31578947368421056,False,failed,15,True,1859.0211424827576,Base
oea_test_105,1.0,1.0,True,completed,2,False,141.87862706184387,Base
oea_test_378,0.8571428571428571,0.888888888888889,True,completed,5,False,286.7054023742676,Base
oea_test_260,0.8,0.8571428571428571,True,completed,4,False,179.66886401176453,Base
oea_test_1036,1.0,1.0,True,completed,4,False,100.47227597236633,Base
oea_test_300,0.8333333333333333,0.7499999999999999,True,completed,10,True,989.5096254348755,Base
oea_test_151,0.6666666666666666,0.5,True,completed,4,False,234.59308409690857,Base
oea_test_441,0.4,0.19047619047619044,False,failed,15,False,840.6009273529053,Base
oea_test_348,0.8,0.6666666666666666,True,completed,6,False,318.68572998046875,Base
oea_test_350,0.8571428571428571,0.888888888888889,True,completed,5,False,294.1401855945587,Base
oea_test_694,0.8571428571428571,0.888888888888889,True,completed,5,False,277.01958775520325,Base
oea_test_962,0.8,0.8000000000000002,True,completed,5,True,424.8587021827698,Base
oea_test_253,0.5,0.5,True,completed,2,False,160.93323707580566,Base
oea_test_970,0.5,0.3333333333333333,True,completed,4,False,98.63549447059631,Base
oea_test_934,0.75,0.8000000000000002,True,completed,5,False,219.2176661491394,Base
oea_test_435,0.3333333333333333,0.28571428571428575,True,completed,5,False,285.2801179885864,Base
oea_test_465,0.4444444444444445,0.33333333333333337,True,completed,10,False,710.5012540817261,Base
oea_test_687,0.7499999999999999,0.8,True,completed,6,True,290.74141550064087,Base
oea_test_464,0.6666666666666666,0.6,True,completed,7,False,381.0680317878723,Base
oea_test_146,0.8571428571428571,0.888888888888889,True,completed,5,False,263.0517702102661,Base
oea_test_977,1.0,1.0,True,completed,5,False,181.07914185523987,Base
oea_test_695,0.8571428571428571,0.5333333333333333,True,completed,11,True,684.6860451698303,Base
oea_test_15,0.6666666666666666,0.6666666666666666,True,completed,8,True,459.27604484558105,Base
oea_test_729,0.5714285714285715,0.5,True,completed,9,False,196.049236536026,Base
oea_test_748,0.8571428571428571,0.888888888888889,True,completed,5,False,296.9308362007141,Base
oea_test_29,0.5,0.5,True,completed,5,False,248.3847782611847,Base
oea_test_641,0.6,0.47058823529411764,True,completed,13,True,1066.6073145866394,Base
oea_test_768,0.8,0.4444444444444445,True,completed,2,False,61.22552800178528,Base
oea_test_343,1.0,1.0,True,completed,2,False,141.79313445091248,Base
oea_test_157,1.0,1.0,True,completed,2,False,166.60342621803284,Base
oea_test_864,1.0,0.8,True,completed,6,False,394.11556100845337,Base
oea_test_278,1.0,1.0,True,completed,4,False,233.45125484466553,Base
oea_test_1131,1.0,1.0,True,completed,2,False,55.507766008377075,Base
oea_test_271,1.0,1.0,True,completed,4,False,267.0348665714264,Base
oea_test_610,1.0,1.0,True,completed,4,False,186.83622980117798,Base
oea_test_917,0.8571428571428571,0.7272727272727273,True,completed,7,False,391.3436989784241,Base
oea_test_722,0.8571428571428571,0.888888888888889,True,completed,5,False,305.35775446891785,Base
oea_test_1162,0.8571428571428571,0.888888888888889,True,completed,5,False,301.04008769989014,Base
oea_test_197,0.0,0.0,False,completed,8,False,403.6844253540039,Base
oea_test_174,0.4,0.3333333333333333,True,completed,3,False,148.52074146270752,Base
oea_test_137,1.0,1.0,True,completed,7,False,309.50818371772766,Base
oea_test_844,1.0,0.888888888888889,True,completed,5,False,315.0137605667114,Base
oea_test_251,0.5,0.3333333333333333,True,completed,3,False,190.46549010276794,Base
oea_test_813,0.8571428571428571,0.5714285714285715,True,completed,10,True,523.2734577655792,Base
oea_test_413,0.8571428571428571,0.888888888888889,True,completed,5,False,278.1807017326355,Base
oea_test_949,0.8571428571428571,0.888888888888889,True,completed,5,False,321.77173233032227,Base
oea_test_1043,0.4,0.26666666666666666,True,completed,10,False,228.3358452320099,Base
oea_test_198,0.28571428571428575,0.28571428571428575,True,completed,5,False,304.26163148880005,Base
oea_test_1058,0.8571428571428571,0.888888888888889,True,completed,5,False,330.7490425109863,Base
oea_test_185,0.7499999999999999,0.6666666666666666,True,completed,8,False,465.12056517601013,Base
oea_test_275,0.8571428571428571,0.888888888888889,True,completed,5,False,301.9243576526642,Base
oea_test_433,0.5,0.4,True,completed,3,False,187.9504635334015,Base
oea_test_1164,1.0,1.0,True,completed,3,False,77.2076768875122,Base
oea_test_875,1.0,1.0,True,completed,4,False,215.19736099243164,Base
oea_test_216,1.0,0.8,True,completed,2,False,127.88812351226807,Base
oea_test_476,1.0,1.0,True,completed,4,False,281.16630482673645,Base
oea_test_1096,0.7499999999999999,0.8,True,completed,6,False,343.2584388256073,Base
oea_test_1068,0.75,0.8000000000000002,True,completed,5,False,387.98449778556824,Base
oea_test_899,0.7499999999999999,0.8,True,completed,6,False,382.29679775238037,Base
oea_test_488,0.75,0.4210526315789473,True,completed,14,True,758.9299926757812,Base
oea_test_897,0.5,0.6666666666666666,True,completed,3,False,79.62441825866699,Base
oea_test_209,0.625,0.5714285714285715,False,failed,15,True,715.8597440719604,Base
oea_test_971,1.0,0.7142857142857143,True,completed,9,True,421.170268535614,Base
oea_test_1060,0.8571428571428571,0.888888888888889,True,completed,5,False,292.81088733673096,Base
oea_test_961,1.0,1.0,True,completed,4,False,207.73103427886963,Base
oea_test_683,0.25,0.10526315789473685,False,failed,15,False,318.4349539279938,Base
oea_test_600,1.0,1.0,True,completed,4,False,216.62135672569275,Base
oea_test_392,0.5714285714285715,0.7142857142857143,True,completed,8,True,342.09723377227783,Base
oea_test_397,0.6666666666666666,0.8,True,completed,2,False,96.70034146308899,Base
oea_test_19,0.3333333333333333,0.15384615384615383,True,completed,10,False,464.56555700302124,Base
oea_test_873,0.6,0.4210526315789474,False,failed,15,True,1280.9888937473297,Base
oea_test_82,0.4444444444444444,0.2,False,failed,15,False,786.691703081131,Base
oea_test_677,1.0,0.6666666666666666,True,completed,2,False,66.82943224906921,Base
oea_test_724,0.3333333333333333,0.28571428571428575,True,completed,3,False,89.19003248214722,Base
oea_test_1160,0.8571428571428571,0.888888888888889,True,completed,5,False,322.97182035446167,Base
oea_test_244,1.0,1.0,True,completed,2,False,142.6468939781189,Base
oea_test_376,0.36363636363636365,0.30769230769230765,True,completed,9,True,678.8170645236969,Base
oea_test_577,0.6666666666666666,0.23529411764705882,False,failed,15,False,283.0609872341156,Base
oea_test_884,0.3333333333333333,0.3333333333333333,True,completed,3,False,81.4088397026062,Base
oea_test_1092,0.6666666666666666,0.5,False,failed,15,True,858.1906251907349,Base
oea_test_220,0.8571428571428571,0.888888888888889,True,completed,5,False,286.194020986557,Base
oea_test_643,0.6666666666666666,0.6666666666666666,True,completed,8,True,415.20451188087463,Base
oea_test_225,0.6666666666666666,0.7272727272727273,True,completed,7,False,413.92428040504456,Base
oea_test_132,0.8571428571428571,0.888888888888889,True,completed,5,False,280.8620421886444,Base
oea_test_931,0.0,0.0,False,completed,1,False,37.897586822509766,Base
oea_test_906,0.25,0.2,True,completed,7,False,159.8337802886963,Base
oea_test_974,1.0,0.5333333333333333,True,completed,11,True,1215.88902425766,Base
oea_test_203,0.4,0.3333333333333333,True,completed,4,False,184.57522535324097,Base
oea_test_649,0.8571428571428571,0.888888888888889,True,completed,5,False,274.4904716014862,Base
oea_test_827,0.7499999999999999,0.8,True,completed,6,False,326.9448540210724,Base
oea_test_784,0.8571428571428571,0.888888888888889,True,completed,5,False,328.2206425666809,Base
oea_test_787,1.0,1.0,True,completed,4,False,257.3274390697479,Base
oea_test_572,0.8,0.5,True,completed,4,False,103.35273003578186,Base
oea_test_207,0.7499999999999999,0.8,True,completed,6,False,385.48687529563904,Base
oea_test_883,1.0,1.0,True,completed,7,False,363.1752860546112,Base
oea_test_1078,0.5714285714285715,0.3333333333333333,True,completed,8,True,288.4485158920288,Base
oea_test_882,0.6666666666666666,0.7499999999999999,True,completed,10,False,259.2032127380371,Base
oea_test_1075,0.3333333333333333,0.15384615384615385,True,completed,8,False,792.5501704216003,Base
oea_test_425,0.8571428571428571,0.7000000000000001,True,completed,13,True,1090.0889916419983,Base
oea_test_329,0.8571428571428571,0.888888888888889,True,completed,5,False,338.7281188964844,Base
oea_test_453,0.5,0.7999999999999999,True,completed,8,False,427.8895454406738,Base
oea_test_70,0.3333333333333333,0.2222222222222222,True,completed,6,False,279.167955160141,Base
oea_test_490,0.5,0.36363636363636365,True,completed,8,False,472.504652261734,Base
oea_test_505,1.0,1.0,True,completed,4,False,288.4826555252075,Base
oea_test_820,0.4444444444444445,0.31578947368421056,False,failed,15,False,364.1167540550232,Base
oea_test_561,0.8571428571428571,0.888888888888889,True,completed,5,False,222.68368792533875,Base
oea_test_59,0.6666666666666665,0.6666666666666665,True,completed,5,False,238.9125828742981,Base
oea_test_341,0.25,0.25,True,completed,5,False,256.9994421005249,Base
oea_test_223,0.6666666666666666,0.5,False,failed,15,False,628.7271130084991,Base
oea_test_707,1.0,1.0,True,completed,2,False,60.9190468788147,Base
oea_test_6,1.0,1.0,True,completed,4,False,159.18824100494385,Base
oea_test_345,1.0,1.0,True,completed,4,False,264.58294558525085,Base
oea_test_898,0.8571428571428571,0.888888888888889,True,completed,5,False,303.5577609539032,Base
oea_test_709,0.8571428571428571,0.5,True,completed,12,True,586.594395160675,Base
oea_test_772,0.5,0.5714285714285715,True,completed,3,True,82.46833801269531,Base
oea_test_1154,0.8,0.7142857142857143,True,completed,7,False,150.00516200065613,Base
oea_test_317,0.6666666666666666,0.47058823529411764,True,completed,13,True,1263.3446407318115,Base
oea_test_922,0.0,0.0,False,completed,1,False,35.08467078208923,Base
oea_test_1061,0.6666666666666666,0.2222222222222222,True,completed,8,False,209.9476625919342,Base
oea_test_564,1.0,1.0,True,completed,4,False,272.2290349006653,Base
oea_test_117,1.0,1.0,True,completed,4,False,263.4567725658417,Base
oea_test_240,0.28571428571428575,0.11764705882352941,True,completed,12,True,809.3684663772583,Base
oea_test_135,0.4444444444444445,0.33333333333333337,False,failed,15,False,679.4601826667786,Base
oea_test_304,0.6666666666666666,0.6153846153846153,True,completed,9,True,473.2070016860962,Base
oea_test_421,0.6666666666666666,0.6153846153846153,True,completed,9,True,465.72798895835876,Base
oea_test_379,1.0,1.0,True,completed,2,False,136.79440188407898,Base
oea_test_3,0.8571428571428571,0.888888888888889,True,completed,5,False,181.51430892944336,Base
oea_test_642,1.0,1.0,True,completed,4,False,257.5975308418274,Base
oea_test_1059,0.5714285714285715,0.4,True,completed,8,False,179.03153824806213,Base
oea_test_664,0.6666666666666666,0.4444444444444445,True,completed,7,False,161.34048652648926,Base
oea_test_932,1.0,1.0,True,completed,4,False,232.4300193786621,Base
oea_test_859,0.6666666666666666,0.3076923076923077,True,completed,11,False,224.97607564926147,Base
oea_test_1013,0.0,0.0,False,completed,2,False,50.68952798843384,Base
oea_test_202,0.8571428571428571,0.888888888888889,True,completed,5,False,317.63101840019226,Base
oea_test_97,1.0,1.0,True,completed,7,False,321.17738461494446,Base
oea_test_248,0.888888888888889,0.8235294117647058,True,completed,10,False,548.6048104763031,Base
oea_test_1134,0.5,0.5,True,completed,5,False,111.01017189025879,Base
oea_test_1111,0.6666666666666666,0.5714285714285715,True,completed,10,False,496.91699481010437,Base
oea_test_14,0.5,0.5714285714285715,True,completed,4,False,236.238183259964,Base
oea_test_823,0.6666666666666666,0.6,True,completed,7,False,147.0772979259491,Base
oea_test_101,0.3333333333333333,0.2,True,completed,6,False,199.84010648727417,Base
oea_test_601,1.0,1.0,True,completed,4,False,248.8760883808136,Base
oea_test_1074,0.25,0.15384615384615383,True,completed,6,False,178.27065873146057,Base
oea_test_81,0.6666666666666666,0.6666666666666666,True,completed,3,False,169.41852450370789,Base
oea_test_1104,1.0,1.0,True,completed,4,False,280.7504069805145,Base
oea_test_730,0.6666666666666666,0.6666666666666666,True,completed,8,True,391.4181056022644,Base
oea_test_1167,0.8571428571428571,0.5714285714285715,True,completed,10,True,1325.3702239990234,Base
oea_test_1025,0.5454545454545454,0.47058823529411764,True,completed,13,True,1253.8967831134796,Base
oea_test_940,0.7499999999999999,0.7272727272727273,True,completed,7,False,367.57819509506226,Base
oea_test_122,0.8571428571428571,0.888888888888889,True,completed,5,False,212.5508165359497,Base
oea_test_28,0.5714285714285715,0.28571428571428575,False,failed,15,False,1184.4692368507385,Base
oea_test_323,1.0,1.0,True,completed,3,False,180.48790383338928,Base
oea_test_1065,0.8571428571428571,0.888888888888889,True,completed,5,False,324.2600049972534,Base
oea_test_727,0.4,0.18181818181818182,True,completed,7,False,167.83406496047974,Base
oea_test_933,0.6666666666666666,0.33333333333333337,True,completed,1,False,50.5516152381897,Base
oea_test_167,0.4,0.21052631578947364,True,completed,14,False,651.0043103694916,Base
oea_test_1108,0.3076923076923077,0.23529411764705882,False,failed,15,True,300.7358341217041,Base
oea_test_995,0.5,0.3333333333333333,True,completed,8,False,210.348947763443,Base
oea_test_273,0.4,0.3333333333333333,True,completed,4,False,240.49517822265625,Base
oea_test_901,0.8571428571428571,0.888888888888889,True,completed,5,False,316.0167715549469,Base
oea_test_569,0.7499999999999999,0.47058823529411764,True,completed,13,True,647.8617362976074,Base
oea_test_89,0.7499999999999999,0.7272727272727273,True,completed,7,True,342.8977813720703,Base
oea_test_596,0.8571428571428571,0.888888888888889,True,completed,5,False,283.9355652332306,Base
oea_test_416,0.5714285714285715,0.4210526315789474,False,failed,15,True,760.930013179779,Base
oea_test_1073,0.3333333333333333,0.25,True,completed,3,False,82.27493476867676,Base
oea_test_782,0.0,0.0,False,completed,5,False,124.42111611366272,Base
oea_test_534,0.7499999999999999,0.6666666666666666,True,completed,8,True,888.3385148048401,Base
oea_test_958,0.5,0.28571428571428575,True,completed,2,False,60.5866219997406,Base
oea_test_85,0.888888888888889,0.7692307692307693,True,completed,8,True,456.7032165527344,Base
oea_test_1138,0.8571428571428571,0.7272727272727273,True,completed,7,True,785.298100233078,Base
oea_test_408,0.36363636363636365,0.2,False,failed,15,True,1407.4756031036377,Base
oea_test_645,0.5,0.3076923076923077,True,completed,8,False,312.74900221824646,Base
oea_test_280,1.0,1.0,True,completed,4,False,260.0752742290497,Base
oea_test_262,0.8571428571428571,0.5714285714285715,True,completed,10,True,459.0831391811371,Base
oea_test_315,1.0,1.0,True,completed,4,False,300.60049629211426,Base
oea_test_870,0.6666666666666666,0.4000000000000001,True,completed,5,False,118.9597020149231,Base
oea_test_1110,0.4,0.16666666666666666,True,completed,9,False,396.1079680919647,Base
oea_test_501,0.6666666666666666,0.4444444444444444,True,completed,6,False,303.892569065094,Base
oea_test_533,0.8571428571428571,0.888888888888889,True,completed,5,False,329.2978503704071,Base
oea_test_1133,0.8571428571428571,0.888888888888889,True,completed,5,False,261.4489839076996,Base
oea_test_510,0.5,0.46153846153846156,True,completed,9,True,1149.708589553833,Base
oea_test_876,0.4,0.5833333333333334,True,completed,14,False,314.570832490921,Base
oea_test_740,1.0,1.0,True,completed,4,False,273.1371998786926,Base
oea_test_660,0.8571428571428571,0.4210526315789474,False,failed,15,True,986.4893562793732,Base
oea_test_249,0.6666666666666666,0.4444444444444445,True,completed,14,True,762.9460089206696,Base
oea_test_102,0.28571428571428575,0.11764705882352941,False,failed,15,False,808.4562015533447,Base
oea_test_1046,0.8571428571428571,0.888888888888889,True,completed,5,False,239.54016160964966,Base
oea_test_568,0.5714285714285715,0.3333333333333333,True,completed,9,False,230.4870309829712,Base
oea_test_381,0.8571428571428571,0.8,True,completed,6,True,360.93426966667175,Base
oea_test_219,0.8,0.6666666666666666,True,completed,3,False,186.4354591369629,Base
oea_test_369,0.6666666666666666,0.46153846153846156,True,completed,9,False,637.252435207367,Base
oea_test_205,0.6666666666666666,0.6666666666666666,True,completed,8,False,442.932190656662,Base
oea_test_702,0.7499999999999999,0.4210526315789474,False,failed,15,True,1025.5476911067963,Base
oea_test_429,0.28571428571428575,0.09090909090909091,False,failed,15,False,729.6512866020203,Base
oea_test_23,0.5,0.28571428571428575,True,completed,5,False,289.2713243961334,Base
oea_test_759,0.8571428571428571,0.888888888888889,True,completed,5,False,321.7542989253998,Base
oea_test_436,0.5,0.28571428571428575,True,completed,3,False,153.15457272529602,Base
oea_test_1109,0.6666666666666666,0.4210526315789474,False,failed,15,True,688.2274606227875,Base
oea_test_372,0.3333333333333333,0.16666666666666669,True,completed,10,False,523.4751436710358,Base
oea_test_127,0.8571428571428571,0.888888888888889,True,completed,5,False,323.1478672027588,Base
oea_test_349,1.0,1.0,True,completed,5,False,444.1330780982971,Base
oea_test_667,0.6666666666666666,0.6666666666666666,True,completed,4,False,100.64441084861755,Base
oea_test_652,0.8,0.8571428571428571,True,completed,3,False,86.76791167259216,Base
oea_test_531,0.28571428571428575,0.11764705882352941,True,completed,12,False,413.5724906921387,Base
oea_test_1107,0.5,0.5,True,completed,2,False,47.77346158027649,Base
oea_test_860,1.0,1.0,True,completed,5,False,330.940589427948,Base
oea_test_678,0.9090909090909091,0.8571428571428571,True,completed,8,False,433.94290375709534,Base
oea_test_1165,0.2222222222222222,0.1111111111111111,False,failed,15,False,383.44592785835266,Base
oea_test_865,0.75,0.8000000000000002,True,completed,5,False,316.27170419692993,Base
oea_test_120,1.0,1.0,True,completed,4,True,239.68607187271118,Base
oea_test_298,0.8571428571428571,0.6666666666666666,True,completed,8,True,412.95921325683594,Base
oea_test_77,0.8,0.31578947368421056,False,failed,15,True,715.7407536506653,Base
oea_test_657,0.4,0.22222222222222224,True,completed,7,False,159.1786117553711,Base
oea_test_1002,0.8571428571428571,0.888888888888889,True,completed,5,False,309.9839129447937,Base
oea_test_292,0.8571428571428571,0.8,True,completed,6,True,389.31953716278076,Base
oea_test_839,0.5,0.2222222222222222,True,completed,11,True,240.67606687545776,Base
oea_test_1017,0.8571428571428571,0.6666666666666666,True,completed,8,True,455.0431697368622,Base
oea_test_232,0.75,0.7272727272727272,True,completed,6,False,345.93942046165466,Base
oea_test_1141,0.5714285714285715,0.3636363636363636,True,completed,9,False,206.0707986354828,Base
oea_test_358,0.8571428571428571,0.888888888888889,True,completed,5,False,269.05896043777466,Base
oea_test_290,0.75,0.8000000000000002,True,completed,5,False,439.21199655532837,Base
oea_test_283,0.5,0.23529411764705882,True,completed,14,False,691.3944947719574,Base
oea_test_1114,0.8571428571428571,0.888888888888889,True,completed,5,False,303.6150097846985,Base
oea_test_374,0.4,0.2,True,completed,2,False,116.27352643013,Base
oea_test_665,1.0,0.8,True,completed,2,False,57.356884241104126,Base
oea_test_11,0.7499999999999999,0.8,True,completed,6,False,195.89566087722778,Base
oea_test_1007,1.0,1.0,True,completed,2,False,57.58395552635193,Base
oea_test_553,0.8571428571428571,0.888888888888889,True,completed,5,False,303.54579520225525,Base
oea_test_928,0.8571428571428571,0.888888888888889,True,completed,5,False,226.68513703346252,Base
oea_test_565,0.0,0.0,False,completed,1,False,36.61335897445679,Base
oea_test_956,0.8571428571428571,0.888888888888889,True,completed,5,False,316.058739900589,Base
oea_test_92,0.8571428571428571,0.888888888888889,True,completed,5,False,280.37465596199036,Base
oea_test_993,1.0,0.7272727272727273,True,completed,7,True,981.839225769043,Base
oea_test_356,0.0,0.0,False,completed,6,False,345.40092968940735,Base
oea_test_831,0.6,0.4444444444444445,True,completed,14,False,682.8401024341583,Base
oea_test_908,0.5,0.4444444444444445,True,completed,4,False,151.81258249282837,Base
oea_test_630,0.5714285714285715,0.5,False,failed,15,False,318.84515404701233,Base
oea_test_801,0.5714285714285715,0.3636363636363636,True,completed,9,False,244.01685667037964,Base
oea_test_872,0.8571428571428571,0.888888888888889,True,completed,5,False,334.68410754203796,Base
oea_test_817,1.0,1.0,True,completed,4,False,234.76410722732544,Base
oea_test_1117,0.0,0.0,False,completed,2,False,65.11845707893372,Base
oea_test_979,0.28571428571428575,0.2,True,completed,4,False,98.8629858493805,Base
oea_test_246,0.0,0.0,False,completed,5,False,296.16783380508423,Base
oea_test_1054,0.888888888888889,0.8571428571428571,True,completed,8,True,439.98387241363525,Base
oea_test_463,0.7499999999999999,0.8,True,completed,6,False,442.8911180496216,Base
oea_test_247,0.8571428571428571,0.8,True,completed,6,False,378.68507146835327,Base
oea_test_636,0.7499999999999999,0.4210526315789474,False,failed,15,True,735.2991435527802,Base
oea_test_930,0.6666666666666666,0.4444444444444445,True,completed,5,False,124.01352405548096,Base
oea_test_744,1.0,1.0,True,completed,4,False,255.12477779388428,Base
oea_test_1038,1.0,1.0,True,completed,4,False,268.89851331710815,Base
oea_test_878,0.6666666666666666,0.6666666666666666,True,completed,1,False,34.043262004852295,Base
oea_test_994,0.3333333333333333,0.11764705882352941,True,completed,4,False,108.65847969055176,Base
oea_test_840,1.0,1.0,True,completed,4,False,286.0822949409485,Base
oea_test_295,0.75,0.8000000000000002,True,completed,5,False,312.23643946647644,Base
oea_test_57,1.0,1.0,True,completed,3,False,160.3949146270752,Base
oea_test_186,0.5714285714285715,0.28571428571428575,True,completed,11,False,566.615592956543,Base
oea_test_814,1.0,0.8571428571428571,True,completed,4,False,99.3922860622406,Base
oea_test_1063,0.8571428571428571,0.8,True,completed,6,False,381.78285670280457,Base
oea_test_355,0.3333333333333333,0.3333333333333333,True,completed,4,False,240.23046374320984,Base
oea_test_138,0.5,0.31578947368421056,False,failed,15,False,707.5158047676086,Base
oea_test_783,0.4,0.11764705882352941,False,failed,15,False,314.51775312423706,Base
oea_test_867,1.0,0.5263157894736842,True,completed,14,True,719.0247116088867,Base
oea_test_182,0.8571428571428571,0.888888888888889,True,completed,5,False,305.1184091567993,Base
oea_test_400,0.7499999999999999,0.7272727272727273,True,completed,7,True,442.65327978134155,Base
oea_test_590,0.6666666666666666,0.7142857142857143,True,completed,8,False,173.6705093383789,Base
oea_test_340,0.8571428571428571,0.888888888888889,True,completed,5,False,318.1192982196808,Base
oea_test_306,0.8571428571428571,0.888888888888889,True,completed,5,False,281.4200088977814,Base
oea_test_266,1.0,1.0,True,completed,4,False,235.64441585540771,Base
oea_test_548,0.8571428571428571,0.888888888888889,True,completed,5,False,312.8979272842407,Base
oea_test_214,0.4,0.2222222222222222,True,completed,3,False,132.88428235054016,Base
oea_test_609,0.5,0.4,True,completed,2,False,59.74046301841736,Base
oea_test_1066,0.8571428571428571,0.888888888888889,True,completed,5,False,270.9377920627594,Base
oea_test_780,0.8571428571428571,0.888888888888889,True,completed,5,False,322.10288882255554,Base
oea_test_335,0.8571428571428571,0.888888888888889,True,completed,5,False,345.30226945877075,Base
oea_test_475,0.5714285714285715,0.33333333333333337,True,completed,10,False,481.32123708724976,Base
oea_test_575,0.8571428571428571,0.888888888888889,True,completed,5,False,287.32310795783997,Base
oea_test_681,0.4,0.28571428571428575,True,completed,5,False,68.27315092086792,Base
oea_test_834,1.0,1.0,True,completed,5,False,329.9519934654236,Base
oea_test_583,0.8571428571428571,0.888888888888889,True,completed,5,False,311.4084281921387,Base
oea_test_960,0.8571428571428571,0.888888888888889,True,completed,5,False,282.4341971874237,Base
oea_test_307,0.8571428571428571,0.6666666666666666,True,completed,8,True,486.0001585483551,Base
oea_test_1010,0.7499999999999999,0.8,True,completed,6,False,379.7489697933197,Base
oea_test_477,0.7499999999999999,0.8,True,completed,6,True,283.59509325027466,Base
oea_test_1001,0.8571428571428571,0.5333333333333333,True,completed,11,True,482.7971329689026,Base
oea_test_172,0.8,0.8,True,completed,2,False,106.44010305404663,Base
oea_test_536,0.6666666666666666,0.33333333333333337,True,completed,10,False,285.2645754814148,Base
oea_test_399,0.888888888888889,0.7142857142857143,True,completed,9,False,546.7569160461426,Base
oea_test_856,0.4444444444444445,0.2222222222222222,False,failed,15,False,299.4672281742096,Base
oea_test_1159,0.5,0.25000000000000006,True,completed,11,True,287.8349258899689,Base
oea_test_149,0.6,0.4210526315789474,False,failed,15,True,593.9139475822449,Base
oea_test_518,0.0,0.0,False,completed,3,False,162.83014512062073,Base
oea_test_409,0.0,0.0,False,completed,2,False,143.5793640613556,Base
oea_test_318,0.6666666666666666,0.6666666666666666,True,completed,4,False,243.8560483455658,Base
oea_test_103,1.0,1.0,True,completed,4,False,381.7480697631836,Base
oea_test_63,0.75,0.8000000000000002,True,completed,5,False,317.1612300872803,Base
oea_test_710,0.8571428571428571,0.888888888888889,True,completed,5,False,343.0951085090637,Base
oea_test_239,0.7499999999999999,0.8,True,completed,6,False,348.6381998062134,Base
oea_test_73,0.25,0.11764705882352941,False,failed,15,False,750.7361352443695,Base
oea_test_734,0.0,0.0,False,completed,1,False,41.490487813949585,Base
oea_test_525,0.7499999999999999,0.8,True,completed,6,True,290.96138072013855,Base
oea_test_640,0.8571428571428571,0.8,True,completed,6,True,334.94443917274475,Base
oea_test_265,0.8571428571428571,0.888888888888889,True,completed,5,False,261.54444313049316,Base
oea_test_1101,0.7499999999999999,0.6666666666666666,True,completed,8,True,430.7531349658966,Base
oea_test_1019,1.0,1.0,True,completed,5,False,293.07875418663025,Base
oea_test_1051,1.0,1.0,True,completed,4,False,292.5789339542389,Base
oea_test_319,0.8571428571428571,0.7499999999999999,True,completed,5,False,302.7414553165436,Base
oea_test_33,0.6666666666666665,0.7272727272727272,True,completed,6,False,312.32602095603943,Base
oea_test_613,0.75,0.8000000000000002,True,completed,5,False,324.8053467273712,Base
oea_test_879,0.6666666666666666,0.2105263157894737,False,failed,15,True,1390.3557238578796,Base
oea_test_495,0.5,0.28571428571428575,True,completed,4,False,178.79354691505432,Base
oea_test_481,0.6666666666666666,0.375,True,completed,13,False,661.9482614994049,Base
oea_test_177,1.0,0.8,True,completed,2,False,128.2645082473755,Base
oea_test_692,1.0,1.0,True,completed,2,False,58.53435301780701,Base
oea_test_1105,0.4,0.7692307692307692,True,completed,7,False,148.18734431266785,Base
oea_test_344,0.8571428571428571,0.4210526315789474,False,failed,15,False,673.4010729789734,Base
oea_test_726,0.5714285714285715,0.36363636363636365,True,completed,8,False,181.75705003738403,Base
oea_test_169,0.8571428571428571,0.888888888888889,True,completed,5,False,321.51330971717834,Base
oea_test_838,0.0,0.0,False,completed,2,False,59.67748498916626,Base
oea_test_106,1.0,1.0,True,completed,5,False,258.57526326179504,Base
oea_test_743,0.5,0.08333333333333334,False,failed,15,False,291.23534631729126,Base
oea_test_580,0.4444444444444445,0.2222222222222222,False,failed,15,False,355.77236771583557,Base
oea_test_51,1.0,1.0,True,completed,4,False,255.90568161010742,Base
oea_test_2,0.6666666666666666,0.6666666666666666,True,completed,4,False,229.41190361976624,Base
oea_test_976,0.8571428571428571,0.888888888888889,True,completed,5,False,206.566237449646,Base
oea_test_779,0.7499999999999999,0.8,True,completed,6,False,362.24639773368835,Base
oea_test_336,0.8,0.6666666666666666,True,completed,4,False,271.3503098487854,Base
oea_test_179,0.8,0.4,True,completed,6,False,260.4121346473694,Base
oea_test_752,0.8571428571428571,0.888888888888889,True,completed,5,False,328.35707211494446,Base
oea_test_143,0.8571428571428571,0.888888888888889,True,completed,5,False,274.20258045196533,Base
oea_test_342,0.6666666666666666,0.5714285714285715,True,completed,3,False,192.37881875038147,Base
oea_test_765,1.0,0.8,True,completed,2,False,44.6130793094635,Base
oea_test_718,1.0,1.0,True,completed,4,False,273.91254711151123,Base
oea_test_832,1.0,0.31578947368421056,False,failed,15,True,700.4783453941345,Base
oea_test_675,0.8571428571428571,0.888888888888889,True,completed,5,False,268.8982284069061,Base
oea_test_160,0.0,0.0,False,completed,1,False,100.82249808311462,Base
oea_test_228,0.8571428571428571,0.888888888888889,True,completed,5,False,295.0527768135071,Base
oea_test_721,1.0,1.0,True,completed,4,False,232.3035752773285,Base
oea_test_1147,0.4,0.2222222222222222,False,failed,15,False,295.5596590042114,Base
oea_test_527,1.0,1.0,True,completed,4,False,248.33466458320618,Base
oea_test_991,0.8571428571428571,0.888888888888889,True,completed,5,False,290.71550583839417,Base
oea_test_854,0.8571428571428571,0.888888888888889,True,completed,5,False,288.7277054786682,Base
oea_test_35,0.5,0.6666666666666666,True,completed,3,False,175.728280544281,Base
oea_test_454,1.0,1.0,True,completed,4,False,204.72641229629517,Base
oea_test_953,0.4444444444444445,0.4615384615384615,True,completed,10,False,211.75833797454834,Base
oea_test_622,0.4,0.5,True,completed,8,False,167.2321367263794,Base
oea_test_517,0.8571428571428571,0.888888888888889,True,completed,5,False,262.2484562397003,Base
oea_test_936,1.0,1.0,True,completed,4,False,251.5606770515442,Base
oea_test_881,0.5,0.28571428571428575,True,completed,3,False,80.18997478485107,Base
oea_test_217,0.5,0.4,True,completed,2,False,123.39208698272705,Base
oea_test_556,0.8571428571428571,0.888888888888889,True,completed,5,False,232.92859983444214,Base
oea_test_181,1.0,1.0,True,completed,2,False,139.81459736824036,Base
oea_test_849,1.0,0.888888888888889,True,completed,5,False,283.85753321647644,Base
oea_test_746,1.0,1.0,True,completed,4,False,280.09610319137573,Base
oea_test_359,1.0,1.0,True,completed,4,False,266.9531271457672,Base
oea_test_804,1.0,1.0,True,completed,4,False,272.39857029914856,Base
oea_test_528,0.5,0.28571428571428575,True,completed,5,False,227.71795010566711,Base
oea_test_978,1.0,1.0,True,completed,4,False,222.56387758255005,Base
oea_test_330,0.5714285714285715,0.3076923076923077,True,completed,11,False,540.4292006492615,Base
oea_test_578,0.8571428571428571,0.7272727272727273,True,completed,7,False,409.88207364082336,Base
oea_test_886,0.8571428571428571,0.7272727272727273,True,completed,7,False,406.3256244659424,Base
oea_test_9,0.8571428571428571,0.888888888888889,True,completed,5,False,230.33935642242432,Base
oea_test_717,0.8571428571428571,0.888888888888889,True,completed,5,False,295.08921551704407,Base
oea_test_241,0.8571428571428571,0.4444444444444445,True,completed,14,True,770.37735247612,Base
oea_test_370,0.28571428571428575,0.10526315789473684,True,completed,13,False,886.5388607978821,Base
oea_test_989,0.75,0.8000000000000002,True,completed,5,False,266.0016152858734,Base
oea_test_507,0.7499999999999999,0.7272727272727273,True,completed,7,True,335.3977806568146,Base
oea_test_938,0.8,0.6666666666666665,True,completed,4,False,93.21278882026672,Base
oea_test_24,0.25,0.1,False,failed,15,False,898.5716454982758,Base
oea_test_612,0.7499999999999999,0.6153846153846153,True,completed,9,False,534.6792871952057,Base
oea_test_139,0.4444444444444445,0.19047619047619044,False,failed,15,True,2079.4805777072906,Base
oea_test_560,0.5,0.5,True,completed,2,False,64.08009123802185,Base
oea_test_697,1.0,1.0,True,completed,4,False,230.1877098083496,Base
oea_test_1020,0.3333333333333333,0.2,True,completed,7,False,154.06977486610413,Base
oea_test_299,0.33333333333333337,0.2857142857142857,True,completed,12,False,647.389023065567,Base
oea_test_900,0.7499999999999999,0.5333333333333333,True,completed,11,True,606.7897849082947,Base
oea_test_582,0.8571428571428571,0.6153846153846153,True,completed,9,True,416.33726263046265,Base
oea_test_230,0.8571428571428571,0.888888888888889,True,completed,5,False,338.9321291446686,Base
oea_test_406,0.7499999999999999,0.4210526315789474,False,failed,15,True,727.2221667766571,Base
oea_test_599,0.0,0.0,False,completed,5,False,125.791264295578,Base
oea_test_557,0.5714285714285715,0.36363636363636365,True,completed,7,False,149.2932574748993,Base
oea_test_128,0.7499999999999999,0.5333333333333333,True,completed,11,True,771.3524403572083,Base
oea_test_760,0.8571428571428571,0.888888888888889,True,completed,5,False,320.67466473579407,Base
oea_test_685,0.8571428571428571,0.888888888888889,True,completed,5,False,306.70570397377014,Base
oea_test_506,0.8571428571428571,0.888888888888889,True,completed,5,False,327.23138093948364,Base
oea_test_1024,0.8571428571428571,0.888888888888889,True,completed,5,False,244.11517548561096,Base
oea_test_161,1.0,1.0,True,completed,4,False,198.45423197746277,Base
oea_test_384,1.0,0.8571428571428571,True,completed,3,True,212.20024228096008,Base
oea_test_398,0.8,0.8,True,completed,2,False,153.38204646110535,Base
oea_test_811,0.0,0.0,False,completed,4,False,132.38510990142822,Base
oea_test_747,0.0,0.0,False,completed,3,False,80.04876327514648,Base
oea_test_1049,0.7499999999999999,0.8,True,completed,6,False,361.45045733451843,Base
oea_test_1044,0.8571428571428571,0.888888888888889,True,completed,5,False,286.9444856643677,Base
oea_test_302,0.4444444444444444,0.2105263157894737,False,failed,15,False,815.3183398246765,Base
oea_test_637,0.8571428571428571,0.5333333333333333,True,completed,11,True,672.1882781982422,Base
oea_test_211,1.0,1.0,True,completed,4,False,255.27761363983154,Base
oea_test_775,0.8571428571428571,0.888888888888889,True,completed,5,False,279.2738275527954,Base
oea_test_511,0.6666666666666666,0.5714285714285715,True,completed,4,False,134.0355384349823,Base
oea_test_493,1.0,1.0,True,completed,4,False,281.2945771217346,Base
oea_test_468,1.0,1.0,True,completed,4,False,230.08907198905945,Base
oea_test_36,0.0,0.0,False,completed,1,False,78.18667602539062,Base
oea_test_31,1.0,0.8333333333333333,True,completed,7,True,932.4402515888214,Base
oea_test_366,0.5454545454545454,0.5333333333333333,True,completed,11,True,617.8243534564972,Base
oea_test_107,0.8571428571428571,0.888888888888889,True,completed,4,False,378.28940868377686,Base
oea_test_267,0.4,0.14285714285714288,True,completed,10,False,509.41475319862366,Base
oea_test_460,0.7499999999999999,0.8,True,completed,6,False,384.1050443649292,Base
oea_test_1023,0.8571428571428571,0.888888888888889,True,completed,5,False,255.82708716392517,Base
oea_test_623,0.28571428571428575,0.125,True,completed,12,False,302.45469331741333,Base
oea_test_755,1.0,0.5714285714285715,True,completed,2,False,53.81186604499817,Base
oea_test_5,0.7499999999999999,0.4615384615384615,True,completed,10,False,551.568924665451,Base
oea_test_58,0.75,0.8000000000000002,True,completed,5,False,279.5599479675293,Base
oea_test_606,0.5454545454545454,0.31578947368421056,False,failed,15,False,294.0957844257355,Base
oea_test_918,0.75,0.5454545454545455,False,failed,15,True,1992.2085795402527,Base
oea_test_778,0.6666666666666666,0.5,True,completed,5,True,126.58537673950195,Base
oea_test_944,1.0,1.0,True,completed,4,False,239.99769735336304,Base
oea_test_76,0.5,0.25,True,completed,8,False,347.89742612838745,Base
oea_test_638,0.0,0.0,False,completed,3,False,75.6155731678009,Base
oea_test_619,0.8571428571428571,0.888888888888889,True,completed,5,False,321.43218994140625,Base
oea_test_937,0.6666666666666666,0.3636363636363636,True,completed,9,False,177.65363717079163,Base
oea_test_1076,0.5714285714285715,0.25,True,completed,14,False,312.48257422447205,Base
oea_test_904,1.0,1.0,True,completed,4,False,270.21233201026917,Base
oea_test_83,0.75,0.8000000000000002,True,completed,5,False,284.10668182373047,Base
oea_test_52,0.8571428571428571,0.7272727272727273,True,completed,7,False,361.63618516921997,Base
oea_test_541,0.8571428571428571,0.888888888888889,True,completed,5,False,319.7829523086548,Base
oea_test_910,0.8571428571428571,0.888888888888889,True,completed,5,False,271.3568572998047,Base
oea_test_360,1.0,0.888888888888889,True,completed,5,True,298.43854236602783,Base
oea_test_835,0.28571428571428575,0.16666666666666666,True,completed,9,False,230.7938425540924,Base
oea_test_771,0.888888888888889,0.4210526315789474,False,failed,15,False,296.15902185440063,Base
oea_test_990,0.25,0.125,True,completed,12,False,401.47517251968384,Base
oea_test_616,0.8571428571428571,0.5714285714285715,True,completed,10,True,587.9555780887604,Base
oea_test_532,0.8571428571428571,0.888888888888889,True,completed,5,False,320.26440358161926,Base
oea_test_543,0.75,0.8000000000000002,True,completed,5,False,309.443656206131,Base
oea_test_943,1.0,1.0,True,completed,3,False,79.83137154579163,Base
oea_test_150,0.6666666666666666,0.380952380952381,True,completed,12,False,608.9754745960236,Base
oea_test_698,0.6666666666666666,0.4,True,completed,6,False,139.1798074245453,Base
oea_test_17,0.8571428571428571,0.888888888888889,True,completed,5,False,91.67974495887756,Base
oea_test_98,0.25,0.09523809523809522,False,failed,15,False,680.6317491531372,Base
oea_test_966,0.6,0.33333333333333337,False,failed,15,False,391.95535349845886,Base
oea_test_1062,1.0,1.0,True,completed,3,False,79.27489757537842,Base
oea_test_109,1.0,1.0,True,completed,4,False,258.881724357605,Base
oea_test_705,1.0,1.0,True,completed,4,False,243.50725889205933,Base
oea_test_310,0.6666666666666666,0.6153846153846153,True,completed,9,True,512.7737221717834,Base
oea_test_929,0.8571428571428571,0.8,True,completed,6,False,292.65830993652344,Base
oea_test_915,0.4,0.25,True,completed,5,False,139.57559514045715,Base
oea_test_868,0.4,0.3333333333333333,True,completed,2,False,54.73796105384827,Base
oea_test_38,0.6666666666666666,0.36363636363636365,True,completed,7,False,350.6045732498169,Base
oea_test_178,0.0,0.0,False,completed,1,False,32.52872061729431,Base
oea_test_1047,0.8,0.7692307692307692,True,completed,6,False,128.5206334590912,Base
oea_test_545,0.28571428571428575,0.4444444444444444,True,completed,6,False,142.61115765571594,Base
oea_test_1113,0.5714285714285715,0.4210526315789474,False,failed,15,False,765.373078584671,Base
oea_test_314,0.4,0.1818181818181818,True,completed,9,False,393.2921051979065,Base
oea_test_911,0.6666666666666666,0.6666666666666666,True,completed,10,True,759.1749875545502,Base
oea_test_405,0.8571428571428571,0.888888888888889,True,completed,5,False,317.17131328582764,Base
oea_test_537,1.0,1.0,True,completed,4,False,199.66161251068115,Base
oea_test_1132,1.0,1.0,True,completed,1,False,44.02344608306885,Base
oea_test_492,0.8571428571428571,0.5714285714285715,True,completed,10,True,539.7944612503052,Base
oea_test_18,1.0,1.0,True,completed,4,False,86.15577387809753,Base
oea_test_131,1.0,1.0,False,empty_final,3,False,190.00514674186707,Base
oea_test_682,1.0,1.0,True,completed,4,False,252.8594229221344,Base
oea_test_764,0.6666666666666666,0.5555555555555556,True,completed,12,False,241.2240948677063,Base
oea_test_684,0.0,0.0,False,failed,15,False,351.26189374923706,Base
oea_test_1040,0.4444444444444445,0.4,True,completed,8,False,182.2587902545929,Base
oea_test_389,0.6666666666666666,0.6666666666666666,True,completed,3,False,144.18708992004395,Base
oea_test_552,0.8571428571428571,0.888888888888889,True,completed,5,False,321.74429750442505,Base
oea_test_410,0.8,0.7272727272727273,True,completed,7,False,389.48048996925354,Base
oea_test_96,0.7499999999999999,0.8,True,completed,6,False,325.3272759914398,Base
oea_test_848,1.0,1.0,True,completed,4,False,218.15599274635315,Base
oea_test_1069,1.0,1.0,True,completed,4,False,275.0545747280121,Base
oea_test_357,0.7499999999999999,0.5714285714285715,True,completed,10,True,463.50979375839233,Base
oea_test_502,1.0,1.0,True,completed,4,False,253.515958070755,Base
oea_test_983,1.0,1.0,True,completed,4,False,254.27430748939514,Base
oea_test_896,0.7499999999999999,0.8,True,completed,6,False,396.71189618110657,Base
oea_test_1093,0.25,0.09523809523809523,True,completed,14,False,327.3046989440918,Base
oea_test_10,0.0,0.0,False,completed,2,False,125.5832450389862,Base
oea_test_942,0.5,0.4,True,completed,3,False,72.43997812271118,Base
oea_test_941,1.0,0.30769230769230765,True,completed,10,False,304.9929394721985,Base
oea_test_551,0.6666666666666666,0.31578947368421056,False,failed,15,True,873.1010727882385,Base
oea_test_108,0.5,0.10526315789473685,False,failed,15,False,626.5129809379578,Base
oea_test_95,0.8571428571428571,0.888888888888889,True,completed,5,False,231.50194692611694,Base
oea_test_333,1.0,0.8,True,completed,2,False,133.35068440437317,Base
oea_test_42,0.8571428571428571,0.888888888888889,True,completed,5,False,312.95212721824646,Base
oea_test_41,0.6666666666666666,0.6666666666666666,True,completed,8,True,369.78388571739197,Base
oea_test_671,0.5,0.23529411764705882,False,failed,15,False,299.3824152946472,Base
oea_test_339,0.8571428571428571,0.8,True,completed,6,True,338.18286895751953,Base
oea_test_1014,0.7499999999999999,0.8,True,completed,6,False,342.6337106227875,Base
oea_test_482,0.8571428571428571,0.888888888888889,True,completed,5,False,269.8027698993683,Base
oea_test_516,0.7499999999999999,0.8,True,completed,6,False,265.91649079322815,Base
oea_test_274,0.8571428571428571,0.888888888888889,True,completed,5,False,274.9023723602295,Base
oea_test_751,0.4,0.3333333333333333,True,completed,3,False,93.35740399360657,Base
oea_test_373,0.5,0.3333333333333333,True,completed,4,False,239.33073091506958,Base
oea_test_816,0.5,0.1739130434782609,False,failed,15,False,292.8775272369385,Base
oea_test_114,0.5,0.4,True,completed,2,False,149.03789591789246,Base
oea_test_287,0.5714285714285715,0.3,False,failed,15,True,663.3315894603729,Base
oea_test_417,0.75,0.625,True,completed,10,False,531.6534388065338,Base
oea_test_1143,0.8571428571428571,0.888888888888889,True,completed,5,False,254.370787858963,Base
oea_test_190,0.4,0.3333333333333333,True,completed,3,False,179.88831162452698,Base
oea_test_187,0.3333333333333333,0.2,False,failed,15,False,631.9075274467468,Base
oea_test_967,0.3333333333333333,0.30769230769230765,True,completed,10,False,268.7612028121948,Base
oea_test_431,0.75,0.8000000000000002,True,completed,5,False,270.0298101902008,Base
oea_test_559,0.8,0.5714285714285715,True,completed,5,False,113.81553244590759,Base
oea_test_469,0.8571428571428571,0.888888888888889,True,completed,5,False,327.4244313240051,Base
oea_test_611,0.8571428571428571,0.888888888888889,True,completed,5,False,300.6522240638733,Base
oea_test_589,0.5714285714285715,0.26666666666666666,True,completed,12,False,279.83638620376587,Base
oea_test_68,0.5454545454545454,0.4444444444444445,True,completed,14,True,666.5765974521637,Base
oea_test_593,0.0,0.0,False,completed,4,False,99.17487287521362,Base
oea_test_723,0.6666666666666666,0.5714285714285715,True,completed,5,True,238.9099245071411,Base
oea_test_670,0.0,0.0,False,completed,4,False,101.72276329994202,Base
oea_test_736,0.75,0.8000000000000002,True,completed,5,False,258.1321487426758,Base
oea_test_383,0.25,0.11764705882352941,False,failed,15,False,764.6997323036194,Base
oea_test_90,0.5714285714285715,0.4444444444444445,True,completed,7,False,368.6488115787506,Base
oea_test_55,0.888888888888889,0.8333333333333333,True,completed,7,False,296.70803570747375,Base
oea_test_415,0.5714285714285715,0.75,True,completed,9,False,347.7229380607605,Base
oea_test_539,0.8571428571428571,0.888888888888889,True,completed,5,False,247.5980658531189,Base
oea_test_411,0.5,0.4545454545454545,False,failed,15,False,701.853358745575,Base
oea_test_118,0.6666666666666666,0.7272727272727273,True,completed,7,False,688.3268873691559,Base
oea_test_773,0.28571428571428575,0.4444444444444444,True,completed,6,False,142.30962419509888,Base
oea_test_420,1.0,1.0,True,completed,4,False,193.83590841293335,Base
oea_test_328,1.0,1.0,True,completed,6,False,327.25920963287354,Base
oea_test_72,0.75,0.8000000000000002,True,completed,5,False,304.4879422187805,Base
oea_test_313,1.0,1.0,True,completed,5,False,334.7629871368408,Base
oea_test_1126,1.0,1.0,True,completed,4,False,211.37968397140503,Base
oea_test_808,0.7499999999999999,0.5714285714285715,True,completed,10,False,455.0949864387512,Base
oea_test_1102,0.28571428571428575,0.11764705882352941,True,completed,10,False,253.58871364593506,Base
oea_test_188,1.0,0.5,False,failed,15,True,1385.2207925319672,Base
oea_test_1037,0.6666666666666665,0.7272727272727272,True,completed,6,False,368.1265912055969,Base
oea_test_347,0.8,0.33333333333333337,False,failed,15,False,698.9715414047241,Base
oea_test_653,0.75,0.8000000000000002,True,completed,5,False,287.28190660476685,Base
oea_test_294,0.5454545454545454,0.5,True,completed,12,True,639.226199388504,Base
oea_test_112,0.888888888888889,0.8333333333333334,True,completed,6,False,370.92121744155884,Base
oea_test_852,1.0,0.8,True,completed,2,False,63.49345636367798,Base
oea_test_443,0.8571428571428571,0.7272727272727273,True,completed,7,False,410.6685383319855,Base
oea_test_749,0.4,0.3333333333333333,True,completed,4,False,108.22436285018921,Base
oea_test_231,0.6666666666666666,0.4,True,completed,14,False,730.0451471805573,Base
oea_test_34,0.6666666666666666,0.5,True,completed,4,False,218.66940140724182,Base
oea_test_957,0.5,0.5,True,completed,5,False,115.01778936386108,Base
oea_test_444,0.8571428571428571,0.888888888888889,True,completed,5,False,327.0476715564728,Base
oea_test_571,0.5,0.5,True,completed,2,False,57.566326379776,Base
oea_test_133,0.25,0.13333333333333333,True,completed,9,False,472.5949444770813,Base
oea_test_1098,0.2,0.1,False,failed,15,False,345.7229254245758,Base
oea_test_515,1.0,1.0,True,completed,1,False,88.14724135398865,Base
oea_test_762,1.0,0.888888888888889,True,completed,5,True,309.1134395599365,Base
oea_test_799,0.0,0.0,False,completed,2,False,54.57483696937561,Base
oea_test_1048,0.3333333333333333,0.28571428571428575,True,completed,5,False,122.74686312675476,Base
oea_test_20,0.4,0.22222222222222224,True,completed,7,False,366.75780725479126,Base
oea_test_841,0.6666666666666666,0.5714285714285715,True,completed,4,False,100.81858944892883,Base
oea_test_194,0.5,0.5,True,completed,2,False,135.84537291526794,Base
oea_test_1034,0.7499999999999999,0.7272727272727273,True,completed,7,False,419.68847370147705,Base
oea_test_250,0.4,0.3333333333333333,True,completed,2,False,125.53228950500488,Base
oea_test_221,0.8571428571428571,0.888888888888889,True,completed,5,False,320.34549617767334,Base
oea_test_442,1.0,1.0,True,completed,4,False,279.87125968933105,Base
oea_test_1155,0.8571428571428571,0.888888888888889,True,completed,5,False,319.3111231327057,Base
oea_test_199,0.5,0.25,True,completed,2,False,132.44447660446167,Base
oea_test_196,0.4,0.10526315789473685,False,failed,15,False,1079.3679881095886,Base
oea_test_48,0.8571428571428571,0.888888888888889,True,completed,5,False,282.99509477615356,Base
oea_test_812,0.8571428571428571,0.888888888888889,True,completed,5,False,272.46758580207825,Base
oea_test_257,0.4,0.3333333333333333,True,completed,2,False,135.77109718322754,Base
oea_test_402,1.0,0.8571428571428571,True,completed,4,False,269.46235871315,Base
oea_test_1152,1.0,1.0,True,completed,4,False,189.83843421936035,Base
oea_test_100,0.8,0.6666666666666666,True,completed,3,False,180.70878911018372,Base
oea_test_880,0.7499999999999999,0.6666666666666666,True,completed,8,False,330.40718936920166,Base
oea_test_980,0.5,0.4,True,completed,3,False,78.93296957015991,Base
oea_test_84,0.7499999999999999,0.8,True,completed,6,False,375.84583044052124,Base
oea_test_99,1.0,1.0,True,completed,2,False,151.50075244903564,Base
oea_test_926,0.8571428571428571,0.7272727272727273,True,completed,7,False,319.53414034843445,Base
oea_test_303,0.3333333333333333,0.2222222222222222,False,failed,15,False,530.6211762428284,Base
oea_test_483,1.0,1.0,True,completed,4,False,269.36639642715454,Base
oea_test_414,0.8571428571428571,0.888888888888889,True,completed,5,False,282.35828733444214,Base
oea_test_679,0.8,0.7142857142857143,True,completed,9,False,191.00104999542236,Base
oea_test_438,0.8571428571428571,0.888888888888889,True,completed,5,False,290.55395793914795,Base
oea_test_732,0.6666666666666665,0.6666666666666667,True,completed,9,False,494.70559072494507,Base
oea_test_450,0.0,0.0,False,completed,5,False,291.1108629703522,Base
oea_test_947,0.8571428571428571,0.7272727272727273,True,completed,7,True,424.34818053245544,Base
oea_test_130,0.0,0.0,False,failed,15,False,551.0648484230042,Base
oea_test_277,0.6666666666666666,0.30769230769230765,True,completed,9,False,402.8603255748749,Base
oea_test_632,0.6,0.4444444444444444,True,completed,13,True,677.1911687850952,Base
oea_test_499,0.3333333333333333,0.11764705882352941,False,failed,15,True,781.9695122241974,Base
oea_test_255,0.5,0.25,True,completed,3,False,272.5001051425934,Base
oea_test_159,1.0,0.8,True,completed,2,False,141.42954206466675,Base
oea_test_725,0.7499999999999999,0.8,True,completed,6,False,374.5190658569336,Base
oea_test_1041,0.6153846153846153,0.4545454545454545,False,failed,15,True,743.7108743190765,Base
oea_test_975,0.8571428571428571,0.888888888888889,True,completed,5,False,182.14385724067688,Base
oea_test_1035,0.8571428571428571,0.888888888888889,True,completed,5,False,314.07215452194214,Base
oea_test_584,0.5,0.30769230769230765,True,completed,3,False,60.558478355407715,Base
oea_test_1115,0.0,0.0,False,completed,5,False,208.30080461502075,Base
oea_test_393,0.7499999999999999,0.8,True,completed,6,False,370.8151924610138,Base
oea_test_473,0.75,0.8000000000000002,True,completed,5,False,332.42446637153625,Base
oea_test_579,0.75,0.8000000000000002,True,completed,5,False,352.04910612106323,Base
oea_test_735,0.8571428571428571,0.888888888888889,True,completed,5,False,322.0049548149109,Base
oea_test_140,0.5714285714285715,0.5454545454545454,True,completed,7,False,398.7273790836334,Base
oea_test_459,0.8571428571428571,0.888888888888889,True,completed,5,False,320.73036646842957,Base
oea_test_1045,1.0,1.0,True,completed,6,False,278.266845703125,Base
oea_test_530,0.7499999999999999,0.6666666666666666,True,completed,8,False,460.29427886009216,Base
oea_test_494,0.4,0.2222222222222222,False,failed,15,True,796.4537079334259,Base
oea_test_851,0.6666666666666666,0.4444444444444445,True,completed,14,True,902.4473598003387,Base
oea_test_1071,0.888888888888889,0.9090909090909091,True,completed,5,False,330.92322635650635,Base
oea_test_184,0.7499999999999999,0.8,True,completed,6,False,336.66370248794556,Base
oea_test_1090,1.0,1.0,True,completed,2,False,57.43704581260681,Base
oea_test_430,0.8571428571428571,0.888888888888889,True,completed,5,False,490.38969683647156,Base
oea_test_1009,0.8571428571428571,0.7272727272727273,True,completed,7,False,386.62666153907776,Base
oea_test_334,1.0,0.6666666666666666,True,completed,12,True,661.9381446838379,Base
oea_test_1118,0.5714285714285715,0.5,True,completed,5,True,113.6515679359436,Base
oea_test_617,0.3333333333333333,0.2,True,completed,4,False,118.20332026481628,Base
oea_test_456,0.7142857142857143,0.5,False,failed,15,True,996.6798465251923,Base
oea_test_587,0.3333333333333333,0.3333333333333333,True,completed,4,False,94.74156832695007,Base
oea_test_519,0.7499999999999999,0.5,True,completed,12,True,1285.369836807251,Base
oea_test_1022,1.0,1.0,True,completed,4,False,227.79787015914917,Base
oea_test_426,0.4,0.18181818181818182,True,completed,7,False,309.3590667247772,Base
oea_test_110,1.0,1.0,True,completed,3,False,160.76113772392273,Base
oea_test_218,1.0,1.0,True,completed,4,False,277.4464190006256,Base
oea_test_227,0.888888888888889,0.5714285714285714,True,completed,5,False,274.09983491897583,Base
oea_test_50,0.0,0.0,False,completed,6,False,385.7097399234772,Base
oea_test_282,0.7499999999999999,0.8,True,completed,6,False,319.7323434352875,Base
oea_test_733,0.75,0.8000000000000002,True,completed,5,False,260.2668468952179,Base
oea_test_754,0.6666666666666666,0.33333333333333337,False,failed,15,False,322.81308364868164,Base
oea_test_750,0.3333333333333333,0.11764705882352941,True,completed,14,False,302.5112726688385,Base
oea_test_916,0.8571428571428571,0.888888888888889,True,completed,5,False,336.417920589447,Base
oea_test_742,0.0,0.0,False,completed,1,False,35.87908387184143,Base
oea_test_509,0.0,0.0,False,completed,3,False,182.95279169082642,Base
oea_test_504,0.8571428571428571,0.888888888888889,True,completed,5,False,333.83311772346497,Base
oea_test_129,0.0,0.0,False,completed,1,False,73.7750289440155,Base
oea_test_286,0.0,0.0,False,completed,2,False,151.9606328010559,Base
oea_test_661,0.4,0.3333333333333333,True,completed,4,False,100.50666332244873,Base
oea_test_634,0.8571428571428571,0.888888888888889,True,completed,5,False,294.9631938934326,Base
oea_test_798,0.5,0.18181818181818182,True,completed,7,False,165.92134380340576,Base
oea_test_648,0.5714285714285715,0.2222222222222222,True,completed,12,False,275.16445231437683,Base
oea_test_88,0.8571428571428571,0.6153846153846153,True,completed,9,True,499.143990278244,Base
oea_test_1168,0.75,0.8000000000000002,True,completed,5,False,237.4120364189148,Base
oea_test_954,0.8571428571428571,0.888888888888889,True,completed,5,False,299.4145338535309,Base
oea_test_276,0.8571428571428571,0.888888888888889,True,completed,5,False,307.3658540248871,Base
oea_test_669,0.8571428571428571,0.888888888888889,True,completed,5,False,315.09314703941345,Base
oea_test_621,0.7499999999999999,0.7272727272727273,True,completed,7,True,381.15459084510803,Base
oea_test_1100,0.75,0.8000000000000002,True,completed,5,False,301.0538601875305,Base
oea_test_902,0.6666666666666666,0.4,True,completed,8,False,180.32236242294312,Base
oea_test_535,1.0,0.9090909090909091,True,completed,6,False,307.9833941459656,Base
oea_test_60,1.0,1.0,True,completed,3,False,170.5413999557495,Base
oea_test_614,0.4444444444444444,0.2222222222222222,False,failed,15,False,331.2170145511627,Base
oea_test_367,0.8571428571428571,0.6666666666666666,True,completed,8,True,472.5601124763489,Base
oea_test_1004,1.0,1.0,True,completed,4,False,257.33518052101135,Base
oea_test_93,0.6153846153846154,0.5263157894736842,True,completed,13,True,692.157548904419,Base
oea_test_47,1.0,1.0,True,completed,4,False,288.7968018054962,Base
oea_test_487,0.8571428571428571,0.888888888888889,True,completed,5,False,257.1627345085144,Base
oea_test_892,0.8571428571428571,0.888888888888889,True,completed,5,False,379.422030210495,Base
oea_test_368,0.8571428571428571,0.8,True,completed,6,True,389.7600517272949,Base
oea_test_769,0.0,0.0,False,completed,3,False,76.84577798843384,Base
oea_test_162,1.0,1.0,True,completed,4,False,250.51028776168823,Base
oea_test_452,0.28571428571428575,0.2,True,completed,7,True,399.280264377594,Base
oea_test_354,0.5,0.4,True,completed,3,False,182.32358193397522,Base
oea_test_992,0.8571428571428571,0.888888888888889,True,completed,5,False,248.43410277366638,Base
oea_test_921,0.7499999999999999,0.8,True,completed,6,False,356.923442363739,Base
oea_test_305,0.0,0.0,False,completed,1,False,80.11044979095459,Base
oea_test_1070,0.8571428571428571,0.75,True,completed,4,False,99.68815732002258,Base
oea_test_111,0.7499999999999999,0.8,True,completed,6,False,362.68480157852173,Base
oea_test_422,1.0,1.0,True,completed,4,False,263.0301492214203,Base
oea_test_676,0.8571428571428571,0.4210526315789474,False,failed,15,True,1450.5655462741852,Base
oea_test_116,0.5,0.25,True,completed,13,True,839.9690957069397,Base
oea_test_945,0.8,0.5714285714285715,True,completed,3,False,79.1385760307312,Base
oea_test_912,0.6,0.39999999999999997,True,completed,11,False,295.9676353931427,Base
oea_test_1080,0.5714285714285715,0.36363636363636365,True,completed,8,False,228.90393710136414,Base
oea_test_688,0.8571428571428571,0.888888888888889,True,completed,5,False,263.07311725616455,Base
oea_test_939,0.8571428571428571,0.888888888888889,True,completed,4,False,236.12923121452332,Base
oea_test_853,1.0,1.0,True,completed,4,False,230.90211176872253,Base
oea_test_264,0.5714285714285715,0.5714285714285715,True,completed,5,False,316.4870138168335,Base
oea_test_923,0.8571428571428571,0.888888888888889,True,completed,5,False,275.5949697494507,Base
oea_test_828,0.8571428571428571,0.8,True,completed,6,True,367.0923857688904,Base
oea_test_1116,0.8571428571428571,0.888888888888889,True,completed,5,False,254.49448347091675,Base
oea_test_1027,0.6666666666666666,0.3809523809523809,False,failed,15,True,562.3238346576691,Base
oea_test_895,0.2,0.08333333333333334,False,failed,15,False,339.05296516418457,Base
oea_test_997,0.75,0.8000000000000002,True,completed,5,False,240.08917570114136,Base
oea_test_21,0.8571428571428571,0.888888888888889,True,completed,5,False,117.68933415412903,Base
oea_test_467,0.6666666666666665,0.5333333333333333,True,completed,10,True,797.0161962509155,Base
oea_test_270,0.7499999999999999,0.8,True,completed,6,False,332.4841659069061,Base
oea_test_427,0.25,0.09523809523809522,False,failed,15,False,802.994211435318,Base
oea_test_312,0.8571428571428571,0.888888888888889,True,completed,5,False,330.280558347702,Base
oea_test_224,0.0,0.0,False,completed,3,False,170.45448684692383,Base
oea_test_1011,0.6666666666666666,0.6153846153846153,True,completed,9,True,484.68983340263367,Base
oea_test_1077,0.8,0.8,True,completed,3,False,72.81537914276123,Base
oea_test_846,0.4,0.4,True,completed,2,False,62.857423305511475,Base
oea_test_794,1.0,0.8571428571428571,True,completed,4,False,310.17864871025085,Base
oea_test_1145,0.0,0.0,False,completed,1,False,35.319610595703125,Base
oea_test_208,0.8,0.8,True,completed,3,False,153.0392608642578,Base
oea_test_386,0.8571428571428571,0.888888888888889,True,completed,5,False,320.3949851989746,Base
oea_test_147,0.8571428571428571,0.888888888888889,True,completed,5,False,302.2543773651123,Base
oea_test_418,1.0,1.0,True,completed,2,False,137.89661192893982,Base
oea_test_659,0.75,0.8000000000000002,True,completed,5,False,295.58147644996643,Base
oea_test_243,0.8571428571428571,0.4210526315789474,False,failed,15,True,978.1998558044434,Base
oea_test_972,1.0,0.8,True,completed,6,True,355.8538155555725,Base
oea_test_462,0.7499999999999999,0.8,True,completed,6,False,336.011843919754,Base
oea_test_711,0.6666666666666666,0.5,False,failed,15,True,937.4156701564789,Base
oea_test_49,0.8571428571428571,0.888888888888889,True,completed,5,False,308.669132232666,Base
oea_test_800,0.5454545454545454,0.4210526315789474,False,failed,15,True,718.4297430515289,Base
oea_test_496,0.5714285714285715,0.2222222222222222,False,failed,15,False,779.0988533496857,Base
oea_test_234,1.0,1.0,True,completed,5,False,266.8418080806732,Base
oea_test_237,0.8571428571428571,0.888888888888889,True,completed,5,False,426.1595027446747,Base
oea_test_788,0.8571428571428571,0.888888888888889,True,completed,5,False,332.9627106189728,Base
oea_test_1086,0.8,0.6666666666666666,True,completed,4,False,84.24429845809937,Base
oea_test_457,1.0,1.0,True,completed,4,False,258.5154356956482,Base
oea_test_869,1.0,1.0,True,completed,2,False,60.34826469421387,Base
oea_test_13,0.5,0.4,True,completed,14,False,699.9948837757111,Base
oea_test_206,1.0,1.0,True,completed,4,False,266.49865102767944,Base
oea_test_1121,0.6666666666666665,0.47058823529411764,True,completed,12,True,496.0718903541565,Base
oea_test_71,1.0,1.0,True,completed,2,False,137.81765866279602,Base
oea_test_281,0.8571428571428571,0.6666666666666666,True,completed,8,True,369.0250561237335,Base
oea_test_894,0.8571428571428571,0.888888888888889,True,completed,5,False,289.23636293411255,Base
oea_test_540,0.8,0.33333333333333337,True,completed,10,False,208.74578404426575,Base
oea_test_434,0.5,0.5,True,completed,2,False,138.2886700630188,Base
oea_test_119,1.0,1.0,True,completed,4,False,267.8400378227234,Base
oea_test_526,0.0,0.0,False,completed,2,False,93.47551679611206,Base
oea_test_1053,0.6666666666666666,0.5,True,completed,8,False,185.8744888305664,Base
oea_test_639,0.7499999999999999,0.39999999999999997,True,completed,7,False,148.5884885787964,Base
oea_test_666,0.6666666666666666,0.7272727272727273,True,completed,7,False,395.6886191368103,Base
oea_test_176,0.75,0.8000000000000002,True,completed,5,False,328.43092107772827,Base
oea_test_204,0.6666666666666666,0.7272727272727273,True,completed,7,False,420.7843360900879,Base
oea_test_815,0.6666666666666666,0.6666666666666666,True,completed,1,False,38.11869788169861,Base
oea_test_803,0.75,0.8000000000000002,True,completed,5,False,286.75630831718445,Base
oea_test_626,1.0,1.0,True,completed,4,False,212.58771085739136,Base
oea_test_440,0.5,0.3636363636363636,True,completed,5,False,260.1359806060791,Base
oea_test_699,0.7499999999999999,0.4444444444444445,True,completed,14,True,723.9543612003326,Base
oea_test_1083,0.4,0.4,True,completed,3,False,89.42052984237671,Base
oea_test_662,0.6666666666666666,0.5,True,completed,5,False,121.09898018836975,Base
oea_test_144,0.5714285714285715,0.5714285714285715,True,completed,10,False,811.833548784256,Base
oea_test_668,1.0,1.0,True,completed,6,False,353.57483863830566,Base
oea_test_837,0.3333333333333333,0.3333333333333333,True,completed,3,False,78.31229066848755,Base
oea_test_86,0.8,0.6666666666666666,True,completed,4,False,231.99070143699646,Base
oea_test_715,0.75,0.8000000000000002,True,completed,5,False,326.61519384384155,Base
oea_test_658,0.6666666666666666,0.4210526315789474,False,failed,15,True,1016.366203546524,Base
oea_test_171,0.8571428571428571,0.888888888888889,True,completed,5,False,335.65471863746643,Base
oea_test_395,1.0,0.8,True,completed,2,False,138.4229176044464,Base
oea_test_903,0.6666666666666666,0.7142857142857143,True,completed,9,False,253.4584732055664,Base
oea_test_806,1.0,0.7272727272727273,True,completed,7,True,812.0541634559631,Base
oea_test_968,0.22222222222222224,0.10526315789473685,False,failed,15,False,387.58427906036377,Base
oea_test_745,0.4,0.25,True,completed,2,False,61.557371854782104,Base
oea_test_1006,0.6666666666666666,0.5454545454545455,False,failed,15,False,293.3460273742676,Base
oea_test_608,0.8571428571428571,0.888888888888889,True,completed,5,False,213.73528337478638,Base
oea_test_704,0.5714285714285715,0.6153846153846153,True,completed,7,False,161.35360145568848,Base
oea_test_741,0.4,0.4,True,completed,2,False,59.45476460456848,Base
oea_test_154,0.6666666666666666,0.2666666666666667,True,completed,13,False,659.1372559070587,Base
oea_test_1067,0.8571428571428571,0.888888888888889,True,completed,5,False,308.3019437789917,Base
oea_test_633,0.8571428571428571,0.888888888888889,True,completed,5,False,203.83257913589478,Base
oea_test_1029,0.8571428571428571,0.8,True,completed,6,True,283.287526845932,Base
oea_test_1052,0.7499999999999999,0.5714285714285715,True,completed,10,True,538.9321157932281,Base
oea_test_45,0.8,0.6,True,completed,3,False,146.2918050289154,Base
oea_test_252,0.8571428571428571,0.888888888888889,True,completed,5,False,324.4071915149689,Base
oea_test_607,0.5,0.26666666666666666,True,completed,11,False,398.15001225471497,Base
oea_test_777,0.8571428571428571,0.888888888888889,True,completed,5,False,329.1672513484955,Base
oea_test_713,0.28571428571428575,0.2,True,completed,7,False,159.41631436347961,Base
oea_test_472,0.6,0.3809523809523809,False,failed,15,True,689.1161181926727,Base
oea_test_866,1.0,1.0,True,completed,6,False,364.4380533695221,Base
oea_test_40,0.8571428571428571,0.888888888888889,True,completed,5,False,238.6822144985199,Base
oea_test_213,0.5,0.23529411764705882,False,failed,15,False,630.5027797222137,Base
oea_test_795,1.0,1.0,True,completed,4,False,227.40390133857727,Base
oea_test_786,1.0,1.0,True,completed,4,False,276.9715175628662,Base
oea_test_62,0.3333333333333333,0.3333333333333333,True,completed,3,False,160.4032380580902,Base
oea_test_332,0.8571428571428571,0.888888888888889,True,completed,5,False,266.69945549964905,Base
oea_test_985,0.8571428571428571,0.888888888888889,True,completed,5,False,307.95965337753296,Base
oea_test_789,0.8,0.6666666666666666,True,completed,4,False,105.99507069587708,Base
oea_test_327,0.8571428571428571,0.888888888888889,True,completed,5,False,305.42236733436584,Base
oea_test_700,1.0,1.0,True,completed,5,False,307.89942622184753,Base
oea_test_969,1.0,1.0,True,completed,4,False,248.2586498260498,Base
oea_test_1091,0.5,0.23529411764705882,False,failed,15,False,262.8891134262085,Base
oea_test_466,0.6666666666666666,0.5,True,completed,2,False,141.26646399497986,Base
oea_test_325,0.888888888888889,0.9090909090909091,True,completed,6,False,327.38240790367126,Base
oea_test_802,1.0,1.0,True,completed,4,False,273.034729719162,Base
oea_test_770,0.4,0.2,True,completed,7,False,157.0489537715912,Base
oea_test_291,0.888888888888889,0.9090909090909091,True,completed,5,False,447.42648553848267,Base
oea_test_562,1.0,1.0,True,completed,4,False,237.63496685028076,Base
oea_test_549,0.8571428571428571,0.7272727272727273,True,completed,7,True,408.68763637542725,Base
oea_test_233,0.8,0.7142857142857143,True,completed,9,True,694.2075943946838,Base
oea_test_850,1.0,1.0,True,completed,2,False,59.23075461387634,Base
oea_test_331,0.5714285714285715,0.36363636363636365,True,completed,7,False,430.2311589717865,Base
oea_test_696,0.8571428571428571,0.888888888888889,True,completed,5,False,239.62154293060303,Base
oea_test_289,0.8,0.9090909090909091,True,completed,6,False,286.6582374572754,Base
oea_test_672,0.8,0.5454545454545454,True,completed,8,False,241.3959903717041,Base
oea_test_981,1.0,1.0,True,completed,4,False,226.43827366828918,Base
oea_test_690,0.3333333333333333,0.11764705882352942,True,completed,11,False,243.98581671714783,Base
oea_test_523,1.0,1.0,True,completed,5,False,294.2220764160156,Base
oea_test_437,0.3333333333333333,0.16666666666666666,True,completed,8,False,328.5923616886139,Base
oea_test_448,0.5714285714285715,0.6666666666666666,True,completed,6,False,318.78480887413025,Base
oea_test_842,1.0,1.0,True,completed,4,False,229.76348280906677,Base
oea_test_69,0.8571428571428571,0.888888888888889,True,completed,5,False,298.3885192871094,Base
oea_test_32,0.3333333333333333,0.14285714285714288,True,completed,11,False,549.3325068950653,Base
oea_test_843,0.5,0.5,True,completed,2,False,57.586695432662964,Base
oea_test_651,0.7499999999999999,0.6666666666666666,True,completed,8,False,128.61989450454712,Base
oea_test_322,1.0,1.0,True,completed,4,False,229.58923316001892,Base
oea_test_1119,0.7499999999999999,0.8,True,completed,6,False,364.0177090167999,Base
oea_test_520,0.25,0.10526315789473685,False,failed,15,False,826.6986229419708,Base
oea_test_498,1.0,0.888888888888889,True,completed,5,False,299.7044713497162,Base
oea_test_791,0.8571428571428571,0.888888888888889,True,completed,5,False,296.6907889842987,Base
oea_test_766,1.0,0.888888888888889,True,completed,5,False,360.81702041625977,Base
oea_test_412,0.8571428571428571,0.888888888888889,True,completed,5,False,301.8519082069397,Base
oea_test_285,1.0,1.0,True,completed,5,False,281.8959045410156,Base
oea_test_893,0.8571428571428571,0.7272727272727273,True,completed,7,False,378.4176790714264,Base
oea_test_385,0.8571428571428571,0.8,True,completed,6,False,362.563019990921,Base
oea_test_1031,0.6666666666666666,0.6666666666666666,True,completed,1,False,45.06896352767944,Base
oea_test_446,0.4444444444444445,0.2,False,failed,15,True,1339.978830575943,Base
oea_test_238,0.6666666666666666,0.4,True,completed,4,False,194.77066087722778,ExperienceEvo
oea_test_1082,1.0,1.0,True,completed,4,False,259.0313527584076,ExperienceEvo
oea_test_153,0.4,0.28571428571428575,True,completed,3,False,268.5847783088684,ExperienceEvo
oea_test_862,1.0,0.8,True,completed,2,False,62.26718831062317,ExperienceEvo
oea_test_1139,1.0,1.0,True,completed,4,False,240.77600240707397,ExperienceEvo
oea_test_538,1.0,1.0,True,completed,4,False,271.1440191268921,ExperienceEvo
oea_test_337,1.0,0.8,True,completed,2,False,123.45456099510193,ExperienceEvo
oea_test_627,0.75,0.5714285714285714,True,completed,9,True,496.4419734477997,ExperienceEvo
oea_test_479,1.0,1.0,True,completed,3,False,199.77258586883545,ExperienceEvo
oea_test_215,1.0,1.0,True,completed,4,False,264.2746510505676,ExperienceEvo
oea_test_959,1.0,1.0,True,completed,2,False,61.13127374649048,ExperienceEvo
oea_test_497,1.0,1.0,True,completed,4,False,242.13962578773499,ExperienceEvo
oea_test_674,0.6666666666666666,0.8,True,completed,2,False,61.1454975605011,ExperienceEvo
oea_test_439,1.0,1.0,True,completed,4,False,279.18418765068054,ExperienceEvo
oea_test_1057,0.8571428571428571,0.8,True,completed,6,True,380.0048289299011,ExperienceEvo
oea_test_647,0.8571428571428571,0.888888888888889,True,completed,5,False,265.87959456443787,ExperienceEvo
oea_test_1146,1.0,1.0,True,completed,4,False,256.69311261177063,ExperienceEvo
oea_test_79,1.0,0.4,True,completed,2,False,148.18259167671204,ExperienceEvo
oea_test_1000,0.5,0.4,True,completed,1,False,33.7970986366272,ExperienceEvo
oea_test_986,1.0,0.8571428571428571,True,completed,4,False,94.73710012435913,ExperienceEvo
oea_test_1123,0.5,0.75,True,completed,4,False,101.97577261924744,ExperienceEvo
oea_test_631,0.5,0.5,True,completed,2,False,60.826839208602905,ExperienceEvo
oea_test_646,1.0,1.0,True,completed,4,False,259.16961884498596,ExperienceEvo
oea_test_845,1.0,1.0,True,completed,4,False,271.913645029068,ExperienceEvo
oea_test_390,1.0,1.0,True,completed,4,False,251.7817678451538,ExperienceEvo
oea_test_377,1.0,1.0,True,completed,6,False,382.4973967075348,ExperienceEvo
oea_test_404,1.0,1.0,True,completed,4,False,190.18184781074524,ExperienceEvo
oea_test_191,0.5,0.33333333333333337,True,completed,10,False,513.9829428195953,ExperienceEvo
oea_test_998,1.0,0.5,True,completed,12,True,650.3076512813568,ExperienceEvo
oea_test_888,0.4,0.2,True,completed,2,False,90.42273283004761,ExperienceEvo
oea_test_489,0.33333333333333337,0.2,True,completed,7,False,363.64770221710205,ExperienceEvo
oea_test_485,0.8571428571428571,0.888888888888889,True,completed,5,False,333.82799673080444,ExperienceEvo
oea_test_950,0.3333333333333333,0.25,True,completed,4,False,105.41152596473694,ExperienceEvo
oea_test_927,0.75,0.8000000000000002,True,completed,5,False,292.30037117004395,ExperienceEvo
oea_test_125,1.0,1.0,True,completed,4,False,236.01854419708252,ExperienceEvo
oea_test_809,0.6666666666666666,0.6666666666666666,True,completed,8,False,259.8115952014923,ExperienceEvo
oea_test_387,0.4,0.28571428571428575,True,completed,4,False,242.004061460495,ExperienceEvo
oea_test_351,0.888888888888889,0.9090909090909091,True,completed,5,False,320.38077330589294,ExperienceEvo
oea_test_988,1.0,1.0,True,completed,4,False,368.220486164093,ExperienceEvo
oea_test_27,1.0,1.0,True,completed,4,False,147.7824068069458,ExperienceEvo
oea_test_890,1.0,1.0,True,completed,4,False,211.79206037521362,ExperienceEvo
oea_test_512,1.0,0.888888888888889,True,completed,5,True,276.7597472667694,ExperienceEvo
oea_test_424,1.0,1.0,True,completed,5,False,330.60791087150574,ExperienceEvo
oea_test_1008,0.0,0.0,False,completed,1,False,35.18907284736633,ExperienceEvo
oea_test_1125,0.6666666666666666,0.5,True,completed,1,False,42.51527500152588,ExperienceEvo
oea_test_1149,0.0,0.0,False,completed,1,False,90.24177837371826,ExperienceEvo
oea_test_80,1.0,1.0,True,completed,4,False,228.75350379943848,ExperienceEvo
oea_test_1084,0.4,0.2,True,completed,2,False,80.39453101158142,ExperienceEvo
oea_test_388,1.0,1.0,True,completed,3,False,207.2692506313324,ExperienceEvo
oea_test_914,0.3333333333333333,0.22222222222222224,True,completed,4,False,217.35630440711975,ExperienceEvo
oea_test_554,0.4,0.22222222222222224,True,completed,2,False,199.92650771141052,ExperienceEvo
oea_test_1021,0.5714285714285715,0.5,True,completed,5,False,154.8337643146515,ExperienceEvo
oea_test_629,0.6666666666666666,0.6666666666666666,True,completed,1,False,37.87858748435974,ExperienceEvo
oea_test_595,1.0,1.0,True,completed,4,False,272.27869510650635,ExperienceEvo
oea_test_1144,0.8571428571428571,0.888888888888889,True,completed,5,False,320.89129114151,ExperienceEvo
oea_test_544,1.0,0.6666666666666666,True,completed,3,False,222.27607202529907,ExperienceEvo
oea_test_261,1.0,0.888888888888889,True,completed,5,True,331.6533315181732,ExperienceEvo
oea_test_87,0.3333333333333333,0.22222222222222224,True,completed,7,False,422.5338661670685,ExperienceEvo
oea_test_1072,1.0,1.0,True,completed,4,False,284.8734300136566,ExperienceEvo
oea_test_604,0.8571428571428571,0.6666666666666666,True,completed,8,True,667.5197598934174,ExperienceEvo
oea_test_826,0.8571428571428571,0.888888888888889,True,completed,5,False,322.7843632698059,ExperienceEvo
oea_test_461,0.28571428571428575,0.2,True,completed,6,False,322.5717568397522,ExperienceEvo
oea_test_362,0.8571428571428571,0.888888888888889,True,completed,5,False,320.8082549571991,ExperienceEvo
oea_test_951,1.0,1.0,True,completed,4,False,270.5009140968323,ExperienceEvo
oea_test_447,1.0,1.0,True,completed,4,False,279.7004826068878,ExperienceEvo
oea_test_123,0.8571428571428571,0.6,True,completed,7,False,381.8521134853363,ExperienceEvo
oea_test_624,0.6666666666666666,0.8,True,completed,2,False,59.83124136924744,ExperienceEvo
oea_test_155,0.4,0.4,True,completed,3,False,242.67038989067078,ExperienceEvo
oea_test_819,0.28571428571428575,0.2,True,completed,8,False,163.65583562850952,ExperienceEvo
oea_test_26,0.8571428571428571,0.888888888888889,True,completed,5,False,205.7091727256775,ExperienceEvo
oea_test_1015,0.0,0.0,False,completed,1,False,40.72763180732727,ExperienceEvo
oea_test_656,0.8571428571428571,0.888888888888889,True,completed,5,False,307.2902946472168,ExperienceEvo
oea_test_210,0.7499999999999999,0.8,True,completed,6,False,390.62369179725647,ExperienceEvo
oea_test_955,1.0,0.8,True,completed,2,False,80.97777843475342,ExperienceEvo
oea_test_1129,1.0,1.0,True,completed,4,False,233.08459854125977,ExperienceEvo
oea_test_166,0.25,0.1818181818181818,True,completed,6,True,594.5750241279602,ExperienceEvo
oea_test_500,0.888888888888889,0.9090909090909091,True,completed,6,False,344.58040595054626,ExperienceEvo
oea_test_1018,0.5,0.36363636363636365,True,completed,4,False,157.50887322425842,ExperienceEvo
oea_test_1081,0.8571428571428571,0.888888888888889,True,completed,5,False,330.2060430049896,ExperienceEvo
oea_test_126,1.0,1.0,True,completed,4,False,275.5519154071808,ExperienceEvo
oea_test_491,0.6666666666666665,0.6666666666666666,True,completed,7,True,424.9197909832001,ExperienceEvo
oea_test_720,1.0,1.0,True,completed,4,False,278.03894209861755,ExperienceEvo
oea_test_428,0.5,0.5714285714285715,True,completed,4,False,207.52361941337585,ExperienceEvo
oea_test_663,1.0,1.0,True,completed,6,False,372.85257267951965,ExperienceEvo
oea_test_301,1.0,1.0,True,completed,4,False,289.4440281391144,ExperienceEvo
oea_test_22,1.0,1.0,True,completed,4,False,165.69804000854492,ExperienceEvo
oea_test_999,0.4,0.4,True,completed,1,False,36.41130065917969,ExperienceEvo
oea_test_731,0.5,0.22222222222222224,True,completed,7,False,210.84306478500366,ExperienceEvo
oea_test_753,1.0,0.8,True,completed,2,False,55.952364683151245,ExperienceEvo
oea_test_885,0.8,0.4444444444444444,True,completed,3,False,92.10033464431763,ExperienceEvo
oea_test_781,0.8571428571428571,0.75,True,completed,4,False,272.20915246009827,ExperienceEvo
oea_test_691,1.0,1.0,True,completed,4,False,273.4043049812317,ExperienceEvo
oea_test_365,0.8,0.8,True,completed,2,False,141.68285489082336,ExperienceEvo
oea_test_474,1.0,0.8,True,completed,2,False,96.91055655479431,ExperienceEvo
oea_test_1157,1.0,1.0,True,completed,4,False,210.2080111503601,ExperienceEvo
oea_test_192,0.0,0.0,False,completed,5,False,281.6137080192566,ExperienceEvo
oea_test_164,0.75,0.7272727272727272,True,completed,6,True,371.0266182422638,ExperienceEvo
oea_test_592,0.0,0.0,False,completed,1,False,34.035056591033936,ExperienceEvo
oea_test_1085,1.0,1.0,True,completed,4,False,289.091591835022,ExperienceEvo
oea_test_757,1.0,1.0,True,completed,4,False,268.8831841945648,ExperienceEvo
oea_test_618,0.6666666666666666,0.75,True,completed,4,False,273.0401201248169,ExperienceEvo
oea_test_836,0.8,0.5714285714285715,True,completed,2,False,54.229816198349,ExperienceEvo
oea_test_1026,1.0,1.0,True,completed,4,False,282.32462787628174,ExperienceEvo
oea_test_364,0.0,0.0,False,completed,1,False,91.70889687538147,ExperienceEvo
oea_test_293,0.8571428571428571,0.888888888888889,True,completed,5,False,377.6220762729645,ExperienceEvo
oea_test_591,1.0,1.0,True,completed,4,False,277.5417332649231,ExperienceEvo
oea_test_445,1.0,1.0,True,completed,3,False,185.93117094039917,ExperienceEvo
oea_test_810,0.8571428571428571,0.5714285714285715,True,completed,10,True,866.4670248031616,ExperienceEvo
oea_test_269,0.7499999999999999,0.6666666666666666,True,completed,6,False,339.7125778198242,ExperienceEvo
oea_test_566,0.8,0.4444444444444445,True,completed,2,False,131.14391541481018,ExperienceEvo
oea_test_263,0.8571428571428571,0.888888888888889,True,completed,5,False,314.0848116874695,ExperienceEvo
oea_test_134,1.0,1.0,True,completed,4,False,265.9290792942047,ExperienceEvo
oea_test_396,0.8,0.5,True,completed,3,False,210.21981000900269,ExperienceEvo
oea_test_1032,0.0,0.0,False,completed,1,False,40.81424880027771,ExperienceEvo
oea_test_793,1.0,0.888888888888889,True,completed,5,True,322.0292544364929,ExperienceEvo
oea_test_478,0.75,0.8000000000000002,True,completed,5,False,284.4990496635437,ExperienceEvo
oea_test_925,0.5,0.4,True,completed,2,False,58.628541707992554,ExperienceEvo
oea_test_382,0.5,0.5,True,completed,2,False,154.56581020355225,ExperienceEvo
oea_test_308,1.0,1.0,True,completed,4,False,259.339896440506,ExperienceEvo
oea_test_54,0.33333333333333337,0.13333333333333336,True,completed,13,False,740.9430286884308,ExperienceEvo
oea_test_570,0.8571428571428571,0.888888888888889,True,completed,5,False,319.9305341243744,ExperienceEvo
oea_test_891,0.8571428571428571,0.888888888888889,True,completed,4,False,244.10885095596313,ExperienceEvo
oea_test_776,0.5,0.3333333333333333,True,completed,3,False,79.04092669487,ExperienceEvo
oea_test_75,0.6666666666666666,0.5,True,completed,4,False,259.03529930114746,ExperienceEvo
oea_test_145,0.75,0.8000000000000002,True,completed,5,False,313.0221083164215,ExperienceEvo
oea_test_288,0.5,0.22222222222222224,True,completed,2,False,130.96805357933044,ExperienceEvo
oea_test_407,1.0,1.0,True,completed,4,False,268.8292338848114,ExperienceEvo
oea_test_316,1.0,1.0,True,completed,4,False,274.2384412288666,ExperienceEvo
oea_test_1089,0.4,0.28571428571428575,True,completed,4,False,101.8996787071228,ExperienceEvo
oea_test_259,1.0,1.0,True,completed,4,False,238.18729829788208,ExperienceEvo
oea_test_1166,0.8,0.6666666666666666,True,completed,4,False,113.00871872901917,ExperienceEvo
oea_test_1033,1.0,1.0,True,completed,4,False,279.7197575569153,ExperienceEvo
oea_test_1042,1.0,1.0,True,completed,5,False,310.9716534614563,ExperienceEvo
oea_test_1099,1.0,1.0,True,completed,7,False,392.8134870529175,ExperienceEvo
oea_test_1130,1.0,1.0,True,completed,3,False,61.161661863327026,ExperienceEvo
oea_test_913,0.8571428571428571,0.888888888888889,True,completed,5,False,299.0585746765137,ExperienceEvo
oea_test_693,0.8571428571428571,0.888888888888889,True,completed,5,False,331.8840365409851,ExperienceEvo
oea_test_163,0.8571428571428571,0.888888888888889,True,completed,5,False,292.90729784965515,ExperienceEvo
oea_test_761,0.75,0.8000000000000002,True,completed,5,False,276.7378981113434,ExperienceEvo
oea_test_948,0.0,0.0,False,completed,1,False,25.17309021949768,ExperienceEvo
oea_test_1103,0.75,0.8000000000000002,True,completed,5,False,294.549277305603,ExperienceEvo
oea_test_16,1.0,1.0,True,completed,2,False,114.39462447166443,ExperienceEvo
oea_test_158,1.0,1.0,True,completed,4,False,266.7901475429535,ExperienceEvo
oea_test_104,0.0,0.0,False,completed,1,False,86.49281620979309,ExperienceEvo
oea_test_296,1.0,1.0,True,completed,5,False,268.01200461387634,ExperienceEvo
oea_test_563,1.0,1.0,True,completed,4,False,242.3551115989685,ExperienceEvo
oea_test_529,0.8,0.3076923076923077,True,completed,2,False,113.7540876865387,ExperienceEvo
oea_test_857,0.6666666666666666,0.5,True,completed,3,False,72.77576160430908,ExperienceEvo
oea_test_654,0.888888888888889,0.9333333333333333,True,completed,8,False,446.4496488571167,ExperienceEvo
oea_test_598,0.6666666666666666,0.6666666666666666,True,completed,4,False,103.02145385742188,ExperienceEvo
oea_test_1050,0.8571428571428571,0.888888888888889,True,completed,5,False,282.4521062374115,ExperienceEvo
oea_test_242,1.0,1.0,True,completed,2,False,129.12463641166687,ExperienceEvo
oea_test_522,1.0,1.0,True,completed,4,False,242.0029468536377,ExperienceEvo
oea_test_1030,0.6666666666666666,0.33333333333333337,True,completed,1,False,47.45765447616577,ExperienceEvo
oea_test_719,0.8571428571428571,0.888888888888889,True,completed,4,False,358.98932695388794,ExperienceEvo
oea_test_796,0.6666666666666666,0.6666666666666666,True,completed,1,False,34.895227909088135,ExperienceEvo
oea_test_470,0.28571428571428575,0.10526315789473685,False,failed,15,False,828.4262502193451,ExperienceEvo
oea_test_115,1.0,1.0,True,completed,4,False,233.5277554988861,ExperienceEvo
oea_test_141,0.8571428571428571,0.6153846153846153,True,completed,9,True,464.0785448551178,ExperienceEvo
oea_test_94,1.0,1.0,True,completed,4,False,228.71513605117798,ExperienceEvo
oea_test_824,1.0,1.0,True,completed,5,False,306.328307390213,ExperienceEvo
oea_test_673,0.75,0.8000000000000002,True,completed,5,False,329.9474949836731,ExperienceEvo
oea_test_245,1.0,1.0,True,completed,4,False,235.99841284751892,ExperienceEvo
oea_test_905,1.0,1.0,True,completed,4,False,257.17227721214294,ExperienceEvo
oea_test_235,1.0,1.0,True,completed,4,False,290.91307735443115,ExperienceEvo
oea_test_635,0.4,0.3333333333333333,True,completed,3,False,118.38636136054993,ExperienceEvo
oea_test_987,1.0,1.0,True,completed,2,False,72.07670021057129,ExperienceEvo
oea_test_513,1.0,1.0,True,completed,4,False,233.94683408737183,ExperienceEvo
oea_test_946,0.75,0.8000000000000002,True,completed,5,False,331.51598834991455,ExperienceEvo
oea_test_1097,0.6666666666666666,0.8,True,completed,2,False,59.92137956619263,ExperienceEvo
oea_test_12,1.0,1.0,True,completed,4,False,227.6707546710968,ExperienceEvo
oea_test_855,0.8571428571428571,0.5,True,completed,12,True,797.6189789772034,ExperienceEvo
oea_test_361,0.5,0.5,True,completed,2,False,174.56567335128784,ExperienceEvo
oea_test_982,0.8571428571428571,0.888888888888889,True,completed,5,False,268.91358256340027,ExperienceEvo
oea_test_272,0.4,0.3333333333333333,True,completed,2,False,124.9193754196167,ExperienceEvo
oea_test_847,1.0,1.0,True,completed,4,False,221.74828147888184,ExperienceEvo
oea_test_67,0.6666666666666666,0.7692307692307693,True,completed,8,False,475.63426327705383,ExperienceEvo
oea_test_588,0.8,0.75,True,completed,4,False,283.34023666381836,ExperienceEvo
oea_test_763,0.5,0.1904761904761905,True,completed,11,False,290.2602005004883,ExperienceEvo
oea_test_738,0.5,0.3333333333333333,True,completed,8,False,180.62375330924988,ExperienceEvo
oea_test_1124,1.0,1.0,True,completed,4,False,258.375812292099,ExperienceEvo
oea_test_822,0.75,0.8000000000000002,True,completed,5,False,407.9986369609833,ExperienceEvo
oea_test_375,1.0,1.0,True,completed,4,False,272.1153874397278,ExperienceEvo
oea_test_767,1.0,1.0,True,completed,4,False,232.95544505119324,ExperienceEvo
oea_test_1156,1.0,0.888888888888889,True,completed,5,False,377.3763904571533,ExperienceEvo
oea_test_550,0.75,0.8000000000000002,True,completed,5,False,260.5476336479187,ExperienceEvo
oea_test_30,1.0,1.0,True,completed,4,False,157.0699381828308,ExperienceEvo
oea_test_61,1.0,0.8,True,completed,6,True,217.96060514450073,ExperienceEvo
oea_test_297,1.0,0.888888888888889,True,completed,5,True,363.5533287525177,ExperienceEvo
oea_test_1003,0.5714285714285715,0.4444444444444444,True,completed,6,False,157.79372239112854,ExperienceEvo
oea_test_311,0.4,0.3333333333333333,True,completed,2,False,148.78824639320374,ExperienceEvo
oea_test_1056,0.5714285714285715,0.5,True,completed,5,False,119.3838484287262,ExperienceEvo
oea_test_170,0.8,0.8,True,completed,2,False,137.30298137664795,ExperienceEvo
oea_test_226,0.75,0.8000000000000002,True,completed,5,False,288.76861357688904,ExperienceEvo
oea_test_907,0.5,0.2,True,completed,2,False,54.051090717315674,ExperienceEvo
oea_test_363,0.5714285714285715,0.26666666666666666,True,completed,11,False,593.5337769985199,ExperienceEvo
oea_test_1016,1.0,1.0,True,completed,4,False,241.70521354675293,ExperienceEvo
oea_test_65,1.0,1.0,True,completed,4,False,156.08226084709167,ExperienceEvo
oea_test_874,0.6666666666666666,0.5333333333333333,True,completed,11,True,471.2340588569641,ExperienceEvo
oea_test_1088,1.0,1.0,True,completed,4,False,230.18179893493652,ExperienceEvo
oea_test_121,0.5,0.36363636363636365,True,completed,8,False,425.9217607975006,ExperienceEvo
oea_test_825,0.8571428571428571,0.888888888888889,True,completed,5,False,328.86969566345215,ExperienceEvo
oea_test_195,0.6666666666666665,0.46153846153846156,True,completed,9,True,695.1744048595428,ExperienceEvo
oea_test_1005,0.5,0.5,True,completed,2,False,57.861640214920044,ExperienceEvo
oea_test_1140,0.0,0.0,False,completed,9,True,208.46299529075623,ExperienceEvo
oea_test_774,1.0,1.0,True,completed,4,False,294.3886969089508,ExperienceEvo
oea_test_148,0.8571428571428571,0.888888888888889,True,completed,5,False,333.32955527305603,ExperienceEvo
oea_test_1039,0.4,0.4,True,completed,3,False,95.91021203994751,ExperienceEvo
oea_test_728,1.0,0.8,True,completed,6,True,354.5166187286377,ExperienceEvo
oea_test_863,1.0,1.0,True,completed,4,False,232.6356120109558,ExperienceEvo
oea_test_581,0.15384615384615383,0.11764705882352941,True,completed,10,True,726.4530663490295,ExperienceEvo
oea_test_1095,0.3333333333333333,0.3333333333333333,True,completed,2,False,58.80790185928345,ExperienceEvo
oea_test_965,1.0,1.0,True,completed,4,False,209.45814776420593,ExperienceEvo
oea_test_790,1.0,1.0,True,completed,4,False,280.82604146003723,ExperienceEvo
oea_test_401,0.5714285714285715,0.5714285714285715,True,completed,5,False,430.0638062953949,ExperienceEvo
oea_test_952,1.0,1.0,True,completed,4,False,265.4750623703003,ExperienceEvo
oea_test_91,0.8571428571428571,0.888888888888889,True,completed,5,False,240.45439076423645,ExperienceEvo
oea_test_602,0.5,0.4,True,completed,1,False,43.51487922668457,ExperienceEvo
oea_test_830,0.5,0.3333333333333333,True,completed,3,False,93.70155715942383,ExperienceEvo
oea_test_236,1.0,1.0,True,completed,2,False,148.93607020378113,ExperienceEvo
oea_test_514,1.0,1.0,True,completed,4,False,278.58293175697327,ExperienceEvo
oea_test_480,0.4,0.5714285714285715,True,completed,4,False,207.61661195755005,ExperienceEvo
oea_test_165,0.5,0.6666666666666666,True,completed,3,False,241.4108579158783,ExperienceEvo
oea_test_451,0.75,0.8000000000000002,True,completed,5,False,316.36151909828186,ExperienceEvo
oea_test_189,1.0,1.0,True,completed,2,False,148.4417154788971,ExperienceEvo
oea_test_706,0.8571428571428571,0.888888888888889,True,completed,5,False,243.76830577850342,ExperienceEvo
oea_test_201,0.6666666666666666,0.5,True,completed,3,False,193.5214023590088,ExperienceEvo
oea_test_1120,1.0,1.0,True,completed,4,False,263.062251329422,ExperienceEvo
oea_test_620,1.0,1.0,True,completed,4,False,284.4531829357147,ExperienceEvo
oea_test_484,0.8,0.8,True,completed,3,False,190.54834651947021,ExperienceEvo
oea_test_25,0.7499999999999999,0.6,True,completed,7,False,300.6795094013214,ExperienceEvo
oea_test_558,0.5,0.5,True,completed,2,False,150.29988169670105,ExperienceEvo
oea_test_44,0.75,0.8000000000000002,True,completed,5,False,207.6632261276245,ExperienceEvo
oea_test_78,0.8571428571428571,0.8,True,completed,6,False,257.6991517543793,ExperienceEvo
oea_test_576,0.75,0.8000000000000002,True,completed,5,False,330.80738592147827,ExperienceEvo
oea_test_861,0.0,0.0,False,completed,1,False,34.88391971588135,ExperienceEvo
oea_test_567,1.0,0.8571428571428571,True,completed,3,False,141.3837993144989,ExperienceEvo
oea_test_183,1.0,1.0,True,completed,4,False,256.43763422966003,ExperienceEvo
oea_test_173,1.0,1.0,True,completed,4,False,241.59055471420288,ExperienceEvo
oea_test_963,0.4,0.28571428571428575,True,completed,2,False,66.02566266059875,ExperienceEvo
oea_test_996,0.8571428571428571,0.888888888888889,True,completed,5,False,269.8471577167511,ExperienceEvo
oea_test_889,1.0,0.7272727272727273,True,completed,7,True,368.417040348053,ExperienceEvo
oea_test_193,1.0,1.0,True,completed,4,False,291.3592486381531,ExperienceEvo
oea_test_455,0.8571428571428571,0.6666666666666666,True,completed,8,True,444.6319842338562,ExperienceEvo
oea_test_680,0.8,0.5714285714285715,True,completed,5,False,139.1060652732849,ExperienceEvo
oea_test_919,0.8571428571428571,0.5,True,completed,3,False,100.77744960784912,ExperienceEvo
oea_test_887,0.5,0.47058823529411764,True,completed,12,False,440.1298077106476,ExperienceEvo
oea_test_486,1.0,1.0,True,completed,4,False,272.22624135017395,ExperienceEvo
oea_test_1122,0.8,0.6666666666666666,True,completed,3,False,60.754963397979736,ExperienceEvo
oea_test_689,1.0,0.6666666666666666,True,completed,1,False,34.81156015396118,ExperienceEvo
oea_test_628,0.25,0.16666666666666666,True,completed,8,False,184.88592290878296,ExperienceEvo
oea_test_229,0.8571428571428571,0.888888888888889,True,completed,4,False,245.40540719032288,ExperienceEvo
oea_test_471,1.0,1.0,True,completed,4,False,291.2046356201172,ExperienceEvo
oea_test_74,1.0,0.888888888888889,True,completed,5,True,291.0491623878479,ExperienceEvo
oea_test_821,0.4,0.25,True,completed,2,False,75.49824643135071,ExperienceEvo
oea_test_320,0.6666666666666666,0.6666666666666666,True,completed,2,False,118.90394926071167,ExperienceEvo
oea_test_419,1.0,1.0,True,completed,4,False,237.2100009918213,ExperienceEvo
oea_test_605,0.5,0.6666666666666666,True,completed,3,False,78.94738221168518,ExperienceEvo
oea_test_573,1.0,1.0,True,completed,4,False,282.7801744937897,ExperienceEvo
oea_test_64,1.0,1.0,True,completed,4,False,183.86608242988586,ExperienceEvo
oea_test_615,1.0,1.0,True,completed,7,False,401.606969833374,ExperienceEvo
oea_test_1012,1.0,1.0,True,completed,4,False,240.19111371040344,ExperienceEvo
oea_test_200,1.0,1.0,True,completed,4,False,239.23632192611694,ExperienceEvo
oea_test_326,0.0,0.0,False,completed,1,False,90.76375079154968,ExperienceEvo
oea_test_984,0.5,0.36363636363636365,True,completed,7,False,249.7273256778717,ExperienceEvo
oea_test_594,0.5,0.5,True,completed,2,False,57.14129877090454,ExperienceEvo
oea_test_909,0.42857142857142855,0.3809523809523809,False,failed,15,True,660.2110748291016,ExperienceEvo
oea_test_175,0.8571428571428571,0.888888888888889,True,completed,5,False,307.56778502464294,ExperienceEvo
oea_test_0,1.0,1.0,True,completed,4,False,206.58426880836487,ExperienceEvo
oea_test_449,1.0,1.0,True,completed,5,False,327.9993636608124,ExperienceEvo
oea_test_53,0.888888888888889,0.9090909090909091,True,completed,5,False,257.8336229324341,ExperienceEvo
oea_test_1106,0.8571428571428571,0.888888888888889,True,completed,4,False,272.42237520217896,ExperienceEvo
oea_test_703,1.0,1.0,True,completed,4,False,276.73284578323364,ExperienceEvo
oea_test_1127,0.3333333333333333,0.22222222222222224,True,completed,4,False,45.65825796127319,ExperienceEvo
oea_test_152,1.0,0.923076923076923,True,completed,7,False,362.5861077308655,ExperienceEvo
oea_test_4,1.0,1.0,True,completed,4,False,156.0202832221985,ExperienceEvo
oea_test_1153,1.0,0.923076923076923,True,completed,7,False,394.86495327949524,ExperienceEvo
oea_test_1087,0.75,0.8000000000000002,True,completed,5,False,326.8871593475342,ExperienceEvo
oea_test_807,1.0,1.0,True,completed,5,False,291.7021441459656,ExperienceEvo
oea_test_555,0.5454545454545454,0.3157894736842105,True,completed,11,False,714.3230874538422,ExperienceEvo
oea_test_113,0.5714285714285715,0.5,False,failed,12,False,714.7864172458649,ExperienceEvo
oea_test_792,0.8,0.6666666666666666,True,completed,6,False,168.8969488143921,ExperienceEvo
oea_test_701,0.7499999999999999,0.8,True,completed,6,False,359.0674698352814,ExperienceEvo
oea_test_1142,1.0,1.0,True,completed,2,False,71.0531759262085,ExperienceEvo
oea_test_712,0.8571428571428571,0.8,True,completed,6,False,343.3953802585602,ExperienceEvo
oea_test_524,1.0,1.0,True,completed,4,False,292.38966846466064,ExperienceEvo
oea_test_180,0.8571428571428571,0.6153846153846153,True,completed,9,True,511.9054594039917,ExperienceEvo
oea_test_56,1.0,1.0,True,completed,6,False,282.6787099838257,ExperienceEvo
oea_test_1112,0.0,0.0,False,failed,15,False,728.3458027839661,ExperienceEvo
oea_test_797,0.75,0.8000000000000002,True,completed,5,False,417.5869014263153,ExperienceEvo
oea_test_716,0.6666666666666665,0.5000000000000001,True,completed,11,True,666.6684119701385,ExperienceEvo
oea_test_380,0.8571428571428571,0.888888888888889,True,completed,5,False,315.1358816623688,ExperienceEvo
oea_test_39,0.3333333333333333,0.2,True,completed,7,False,355.1175227165222,ExperienceEvo
oea_test_1161,0.8571428571428571,0.8571428571428571,True,completed,4,False,228.244038105011,ExperienceEvo
oea_test_284,0.6,0.4,True,completed,10,False,566.8975083827972,ExperienceEvo
oea_test_521,1.0,1.0,True,completed,4,False,218.92195057868958,ExperienceEvo
oea_test_43,1.0,1.0,True,completed,3,False,163.20219111442566,ExperienceEvo
oea_test_585,1.0,1.0,True,completed,4,False,277.026216506958,ExperienceEvo
oea_test_1128,1.0,0.7272727272727273,True,completed,7,True,702.4677176475525,ExperienceEvo
oea_test_756,1.0,1.0,True,completed,4,False,289.7740943431854,ExperienceEvo
oea_test_136,1.0,1.0,True,completed,4,False,260.74364972114563,ExperienceEvo
oea_test_833,1.0,1.0,True,completed,4,False,246.1424741744995,ExperienceEvo
oea_test_586,0.8571428571428571,0.888888888888889,True,completed,5,False,292.86320424079895,ExperienceEvo
oea_test_268,1.0,0.8,True,completed,6,True,364.8667290210724,ExperienceEvo
oea_test_66,0.5714285714285715,0.6666666666666666,True,completed,6,False,338.22452878952026,ExperienceEvo
oea_test_142,0.6666666666666666,0.30769230769230765,True,completed,4,False,230.7683618068695,ExperienceEvo
oea_test_973,0.5,0.5,True,completed,5,False,121.59026789665222,ExperienceEvo
oea_test_371,0.6666666666666666,0.6666666666666666,True,completed,1,False,98.49506640434265,ExperienceEvo
oea_test_212,1.0,1.0,True,completed,4,False,261.3936529159546,ExperienceEvo
oea_test_597,1.0,1.0,True,completed,4,False,314.37734961509705,ExperienceEvo
oea_test_655,0.6666666666666666,0.5714285714285715,True,completed,4,False,102.03317928314209,ExperienceEvo
oea_test_805,1.0,0.5,True,completed,2,False,61.839848279953,ExperienceEvo
oea_test_8,1.0,1.0,True,completed,4,False,221.7288715839386,ExperienceEvo
oea_test_37,0.6666666666666666,0.8571428571428571,True,completed,8,False,414.5133047103882,ExperienceEvo
oea_test_714,0.6666666666666666,0.4444444444444444,True,completed,6,False,133.92981958389282,ExperienceEvo
oea_test_403,0.3333333333333333,0.22222222222222224,True,completed,5,False,250.0010666847229,ExperienceEvo
oea_test_432,0.5,0.28571428571428575,True,completed,2,False,118.39874410629272,ExperienceEvo
oea_test_353,1.0,1.0,True,completed,2,False,89.15236687660217,ExperienceEvo
oea_test_758,0.5714285714285715,0.4,True,completed,7,False,184.55119800567627,ExperienceEvo
oea_test_686,1.0,0.6666666666666666,True,completed,8,True,463.50970578193665,ExperienceEvo
oea_test_785,1.0,1.0,True,completed,6,False,377.65009903907776,ExperienceEvo
oea_test_574,0.5,0.8888888888888888,True,completed,9,False,479.25902128219604,ExperienceEvo
oea_test_858,1.0,1.0,True,completed,5,False,314.8701753616333,ExperienceEvo
oea_test_1158,1.0,1.0,True,completed,4,False,242.7606978416443,ExperienceEvo
oea_test_258,0.6666666666666666,0.30769230769230765,True,completed,10,False,475.9013361930847,ExperienceEvo
oea_test_156,1.0,1.0,True,completed,4,False,268.6541349887848,ExperienceEvo
oea_test_222,0.8571428571428571,0.888888888888889,True,completed,5,False,297.2898213863373,ExperienceEvo
oea_test_391,1.0,1.0,True,completed,4,False,248.83893203735352,ExperienceEvo
oea_test_1163,1.0,1.0,True,completed,4,False,258.41326093673706,ExperienceEvo
oea_test_542,1.0,0.888888888888889,True,completed,5,True,409.5477063655853,ExperienceEvo
oea_test_625,0.0,0.0,False,completed,2,False,58.379050970077515,ExperienceEvo
oea_test_1135,0.8571428571428571,0.888888888888889,True,completed,5,False,288.01493406295776,ExperienceEvo
oea_test_256,0.8571428571428571,0.888888888888889,True,completed,5,False,315.4944694042206,ExperienceEvo
oea_test_7,1.0,1.0,True,completed,4,False,173.44345498085022,ExperienceEvo
oea_test_1028,1.0,0.6666666666666666,True,completed,2,False,77.0124261379242,ExperienceEvo
oea_test_877,1.0,1.0,True,completed,3,False,209.86058926582336,ExperienceEvo
oea_test_818,1.0,1.0,True,completed,4,False,319.5439245700836,ExperienceEvo
oea_test_935,1.0,1.0,True,completed,4,False,271.8487958908081,ExperienceEvo
oea_test_1148,0.0,0.0,False,completed,1,False,41.699705839157104,ExperienceEvo
oea_test_829,0.0,0.0,False,completed,6,False,137.5225486755371,ExperienceEvo
oea_test_168,0.8,0.8333333333333334,True,completed,6,False,335.0931613445282,ExperienceEvo
oea_test_1,0.5,0.5,True,completed,2,False,107.37605953216553,ExperienceEvo
oea_test_309,0.6666666666666666,0.5,True,completed,5,False,278.0326578617096,ExperienceEvo
oea_test_737,1.0,1.0,True,completed,4,False,237.05857586860657,ExperienceEvo
oea_test_644,0.5,0.3333333333333333,True,completed,4,False,134.58250164985657,ExperienceEvo
oea_test_508,0.4,0.4,True,completed,3,False,269.1038420200348,ExperienceEvo
oea_test_871,1.0,1.0,True,completed,4,False,250.92938995361328,ExperienceEvo
oea_test_503,0.6666666666666666,0.6666666666666666,True,completed,4,False,197.83214163780212,ExperienceEvo
oea_test_279,1.0,1.0,True,completed,4,False,282.2964425086975,ExperienceEvo
oea_test_1094,0.8571428571428571,0.888888888888889,True,completed,5,False,400.96746349334717,ExperienceEvo
oea_test_650,1.0,1.0,True,completed,4,False,264.27462220191956,ExperienceEvo
oea_test_423,1.0,1.0,True,completed,4,False,263.7636001110077,ExperienceEvo
oea_test_920,1.0,1.0,True,completed,4,False,257.8682565689087,ExperienceEvo
oea_test_352,0.4,0.3333333333333333,True,completed,2,False,112.059739112854,ExperienceEvo
oea_test_394,1.0,1.0,True,completed,4,False,272.41626620292664,ExperienceEvo
oea_test_546,0.75,0.8000000000000002,True,completed,5,False,426.99948930740356,ExperienceEvo
oea_test_321,1.0,1.0,True,completed,4,False,252.03781604766846,ExperienceEvo
oea_test_124,1.0,1.0,True,completed,4,False,267.83665132522583,ExperienceEvo
oea_test_603,1.0,0.7272727272727273,True,completed,7,True,357.1664454936981,ExperienceEvo
oea_test_338,0.3333333333333333,0.22222222222222224,True,completed,4,False,241.83504390716553,ExperienceEvo
oea_test_458,0.0,0.0,False,completed,1,False,74.24739456176758,ExperienceEvo
oea_test_324,0.8571428571428571,0.888888888888889,True,completed,5,False,274.6953773498535,ExperienceEvo
oea_test_346,0.6666666666666666,0.3333333333333333,True,completed,3,False,210.89094257354736,ExperienceEvo
oea_test_1137,1.0,1.0,True,completed,3,False,100.84011650085449,ExperienceEvo
oea_test_708,0.0,0.0,False,completed,1,False,39.46525740623474,ExperienceEvo
oea_test_924,0.5,0.21052631578947367,True,completed,13,False,360.7836699485779,ExperienceEvo
oea_test_1150,1.0,1.0,True,completed,4,False,227.21095275878906,ExperienceEvo
oea_test_254,0.8,0.6666666666666666,True,completed,3,False,112.05064725875854,ExperienceEvo
oea_test_547,0.5,0.6666666666666666,True,completed,3,False,176.282475233078,ExperienceEvo
oea_test_964,0.6666666666666666,0.7272727272727273,True,completed,7,True,338.20109367370605,ExperienceEvo
oea_test_105,1.0,1.0,True,completed,2,False,141.08601880073547,ExperienceEvo
oea_test_378,1.0,1.0,True,completed,4,False,253.31573295593262,ExperienceEvo
oea_test_260,0.8,0.6666666666666666,True,completed,3,False,168.70252180099487,ExperienceEvo
oea_test_1036,1.0,1.0,True,completed,4,False,105.54588961601257,ExperienceEvo
oea_test_300,1.0,1.0,True,completed,6,False,357.21864104270935,ExperienceEvo
oea_test_151,0.4,0.3333333333333333,True,completed,2,False,128.10759592056274,ExperienceEvo
oea_test_441,0.6,0.6666666666666667,True,completed,9,False,473.31578731536865,ExperienceEvo
oea_test_348,0.8,0.6666666666666666,True,completed,3,False,340.16960763931274,ExperienceEvo
oea_test_350,1.0,1.0,True,completed,4,False,271.03605008125305,ExperienceEvo
oea_test_694,0.8571428571428571,0.7272727272727273,True,completed,7,True,389.78896379470825,ExperienceEvo
oea_test_962,0.8,0.8000000000000002,True,completed,5,True,527.9265387058258,ExperienceEvo
oea_test_253,0.5,0.5,True,completed,2,False,143.22368669509888,ExperienceEvo
oea_test_970,0.0,0.0,False,completed,2,False,58.35085201263428,ExperienceEvo
oea_test_934,0.75,0.8000000000000002,True,completed,5,False,320.70966720581055,ExperienceEvo
oea_test_435,0.4,0.4,True,completed,3,False,194.4120032787323,ExperienceEvo
oea_test_465,0.5714285714285715,0.5,True,completed,6,False,507.3497214317322,ExperienceEvo
oea_test_687,0.8571428571428571,0.888888888888889,True,completed,5,False,302.1734445095062,ExperienceEvo
oea_test_464,1.0,1.0,True,completed,3,False,186.22985529899597,ExperienceEvo
oea_test_146,0.8571428571428571,0.888888888888889,True,completed,5,False,272.71855664253235,ExperienceEvo
oea_test_977,1.0,1.0,True,completed,5,False,317.23811626434326,ExperienceEvo
oea_test_695,1.0,1.0,True,completed,4,False,284.9142644405365,ExperienceEvo
oea_test_15,0.8571428571428571,0.888888888888889,True,completed,5,False,214.93846082687378,ExperienceEvo
oea_test_729,0.6666666666666666,0.4615384615384615,True,completed,10,False,236.71927499771118,ExperienceEvo
oea_test_748,0.8571428571428571,0.888888888888889,True,completed,5,False,283.0560185909271,ExperienceEvo
oea_test_29,1.0,1.0,True,completed,3,False,139.3492922782898,ExperienceEvo
oea_test_641,0.8571428571428571,0.888888888888889,True,completed,5,False,276.59681248664856,ExperienceEvo
oea_test_768,0.5714285714285715,0.36363636363636365,True,completed,4,False,122.38858366012573,ExperienceEvo
oea_test_343,1.0,1.0,True,completed,2,False,137.10508012771606,ExperienceEvo
oea_test_157,1.0,1.0,True,completed,2,False,125.45486855506897,ExperienceEvo
oea_test_864,0.8571428571428571,0.888888888888889,True,completed,5,False,316.81991696357727,ExperienceEvo
oea_test_278,1.0,1.0,True,completed,4,False,268.9723253250122,ExperienceEvo
oea_test_1131,1.0,1.0,True,completed,2,False,58.44175338745117,ExperienceEvo
oea_test_271,1.0,1.0,True,completed,4,False,280.45500445365906,ExperienceEvo
oea_test_610,1.0,1.0,True,completed,4,False,271.5521104335785,ExperienceEvo
oea_test_917,0.8571428571428571,0.888888888888889,True,completed,5,False,309.0449707508087,ExperienceEvo
oea_test_722,0.8571428571428571,0.888888888888889,True,completed,5,False,314.26957869529724,ExperienceEvo
oea_test_1162,1.0,1.0,True,completed,4,False,267.5421187877655,ExperienceEvo
oea_test_197,1.0,1.0,True,completed,2,False,142.31537556648254,ExperienceEvo
oea_test_174,0.8,0.8571428571428571,True,completed,4,False,247.99218893051147,ExperienceEvo
oea_test_137,1.0,1.0,True,completed,7,False,342.9653367996216,ExperienceEvo
oea_test_844,1.0,1.0,True,completed,4,False,211.35292148590088,ExperienceEvo
oea_test_251,0.8,0.6666666666666666,True,completed,3,False,193.1595675945282,ExperienceEvo
oea_test_813,1.0,0.7272727272727273,True,completed,7,True,559.0137233734131,ExperienceEvo
oea_test_413,1.0,0.6153846153846153,True,completed,9,True,511.68489599227905,ExperienceEvo
oea_test_949,1.0,1.0,True,completed,4,False,270.4925534725189,ExperienceEvo
oea_test_1043,0.8,0.7499999999999999,True,completed,3,False,77.22410416603088,ExperienceEvo
oea_test_198,0.0,0.0,False,completed,1,False,90.78333854675293,ExperienceEvo
oea_test_1058,1.0,1.0,True,completed,4,False,271.03553342819214,ExperienceEvo
oea_test_185,0.7499999999999999,0.8,True,completed,6,False,353.9042217731476,ExperienceEvo
oea_test_275,1.0,1.0,True,completed,4,False,269.5038685798645,ExperienceEvo
oea_test_433,0.5,0.5,True,completed,2,False,128.96818470954895,ExperienceEvo
oea_test_1164,0.3333333333333333,0.28571428571428575,True,completed,4,False,109.81008696556091,ExperienceEvo
oea_test_875,1.0,1.0,True,completed,4,False,246.36233234405518,ExperienceEvo
oea_test_216,1.0,0.8,True,completed,2,False,144.7672393321991,ExperienceEvo
oea_test_476,1.0,1.0,True,completed,4,False,207.58578062057495,ExperienceEvo
oea_test_1096,1.0,1.0,True,completed,4,False,345.91101145744324,ExperienceEvo
oea_test_1068,0.75,0.8000000000000002,True,completed,5,False,373.87147641181946,ExperienceEvo
oea_test_899,0.8571428571428571,0.888888888888889,True,completed,5,False,323.35501289367676,ExperienceEvo
oea_test_488,0.75,0.47058823529411764,True,completed,12,True,658.5092082023621,ExperienceEvo
oea_test_897,0.8,0.8571428571428571,True,completed,4,False,93.69595551490784,ExperienceEvo
oea_test_209,0.7142857142857143,0.7058823529411764,True,completed,11,False,612.6905887126923,ExperienceEvo
oea_test_971,1.0,0.8333333333333333,True,completed,7,False,401.82728338241577,ExperienceEvo
oea_test_1060,0.8571428571428571,0.888888888888889,True,completed,5,False,277.24221873283386,ExperienceEvo
oea_test_961,1.0,1.0,True,completed,4,False,210.93128299713135,ExperienceEvo
oea_test_683,0.3333333333333333,0.18181818181818182,True,completed,7,False,161.09761428833008,ExperienceEvo
oea_test_600,1.0,1.0,True,completed,4,False,223.65159606933594,ExperienceEvo
oea_test_392,0.6666666666666666,0.6666666666666667,True,completed,9,False,502.907146692276,ExperienceEvo
oea_test_397,0.6666666666666666,0.8,True,completed,2,False,107.22129535675049,ExperienceEvo
oea_test_19,1.0,1.0,True,completed,3,False,127.53103828430176,ExperienceEvo
oea_test_873,0.8571428571428571,0.4210526315789474,False,failed,15,True,1083.0987558364868,ExperienceEvo
oea_test_82,0.6,0.3157894736842105,False,failed,14,False,813.1653122901917,ExperienceEvo
oea_test_677,1.0,0.6666666666666666,True,completed,2,False,377.91506457328796,ExperienceEvo
oea_test_724,0.6666666666666666,0.5714285714285715,True,completed,3,False,80.80270957946777,ExperienceEvo
oea_test_1160,1.0,1.0,True,completed,4,False,265.52010846138,ExperienceEvo
oea_test_244,1.0,1.0,True,completed,2,False,134.9497880935669,ExperienceEvo
oea_test_376,0.5714285714285715,0.5,True,completed,4,False,326.1621332168579,ExperienceEvo
oea_test_577,0.5,0.6666666666666666,True,completed,4,False,248.99402785301208,ExperienceEvo
oea_test_884,0.0,0.0,False,completed,1,False,34.89657497406006,ExperienceEvo
oea_test_1092,0.0,0.0,False,completed,9,False,522.9441504478455,ExperienceEvo
oea_test_220,1.0,1.0,True,completed,4,False,237.52925872802734,ExperienceEvo
oea_test_643,0.8571428571428571,0.888888888888889,True,completed,5,False,292.14012813568115,ExperienceEvo
oea_test_225,0.8571428571428571,0.8,True,completed,6,True,712.9368426799774,ExperienceEvo
oea_test_132,1.0,1.0,True,completed,4,False,259.2482342720032,ExperienceEvo
oea_test_931,0.5,0.28571428571428575,True,completed,2,False,87.16732144355774,ExperienceEvo
oea_test_906,0.28571428571428575,0.2222222222222222,True,completed,6,False,141.54275250434875,ExperienceEvo
oea_test_974,1.0,1.0,True,completed,4,False,265.481662273407,ExperienceEvo
oea_test_203,0.5,0.5,True,completed,2,False,140.86052012443542,ExperienceEvo
oea_test_649,1.0,1.0,True,completed,4,False,211.4858386516571,ExperienceEvo
oea_test_827,0.8571428571428571,0.888888888888889,True,completed,5,False,284.0726864337921,ExperienceEvo
oea_test_784,1.0,1.0,True,completed,4,False,255.63793230056763,ExperienceEvo
oea_test_787,1.0,1.0,True,completed,4,False,238.58335542678833,ExperienceEvo
oea_test_572,0.8,0.5714285714285715,True,completed,3,False,186.85711479187012,ExperienceEvo
oea_test_207,0.8571428571428571,0.888888888888889,True,completed,5,False,346.19125866889954,ExperienceEvo
oea_test_883,1.0,1.0,True,completed,7,True,385.9873015880585,ExperienceEvo
oea_test_1078,0.28571428571428575,0.18181818181818182,True,completed,7,False,137.76086235046387,ExperienceEvo
oea_test_882,0.8,0.5882352941176471,True,completed,11,False,523.4729161262512,ExperienceEvo
oea_test_1075,0.8,0.6666666666666665,True,completed,4,False,119.10198163986206,ExperienceEvo
oea_test_425,0.923076923076923,0.8235294117647058,True,completed,10,True,499.7821931838989,ExperienceEvo
oea_test_329,1.0,0.7272727272727273,True,completed,7,True,359.47539472579956,ExperienceEvo
oea_test_453,0.5,0.6666666666666666,True,completed,8,False,474.77148723602295,ExperienceEvo
oea_test_70,0.5714285714285715,0.5,True,completed,5,False,433.03057885169983,ExperienceEvo
oea_test_490,0.8,0.8,True,completed,2,False,147.84358263015747,ExperienceEvo
oea_test_505,1.0,1.0,True,completed,4,False,265.7825222015381,ExperienceEvo
oea_test_820,0.3333333333333333,0.11111111111111112,True,completed,14,False,313.3524503707886,ExperienceEvo
oea_test_561,0.8571428571428571,0.888888888888889,True,completed,5,False,266.3881161212921,ExperienceEvo
oea_test_59,0.75,0.75,True,completed,4,False,177.59013295173645,ExperienceEvo
oea_test_341,0.4,0.25,True,completed,5,False,351.53386521339417,ExperienceEvo
oea_test_223,0.5,0.6666666666666665,True,completed,4,False,280.4446499347687,ExperienceEvo
oea_test_707,1.0,1.0,True,completed,2,False,59.73016548156738,ExperienceEvo
oea_test_6,1.0,1.0,True,completed,4,False,217.6588215827942,ExperienceEvo
oea_test_345,1.0,1.0,True,completed,4,False,219.05842423439026,ExperienceEvo
oea_test_898,0.8571428571428571,0.888888888888889,True,completed,5,False,300.722781419754,ExperienceEvo
oea_test_709,0.8,0.31578947368421056,False,failed,15,True,695.2273921966553,ExperienceEvo
oea_test_772,0.5,0.3333333333333333,True,completed,2,False,65.6754674911499,ExperienceEvo
oea_test_1154,0.5,0.7692307692307692,True,completed,6,False,141.82994937896729,ExperienceEvo
oea_test_317,0.5,0.36363636363636365,True,completed,7,True,1330.8185119628906,ExperienceEvo
oea_test_922,0.4444444444444444,0.3636363636363636,True,completed,6,False,237.09900951385498,ExperienceEvo
oea_test_1061,0.6666666666666666,0.33333333333333337,True,completed,5,False,137.2306263446808,ExperienceEvo
oea_test_564,1.0,1.0,True,completed,4,False,212.95580863952637,ExperienceEvo
oea_test_117,1.0,1.0,True,completed,4,False,263.03985714912415,ExperienceEvo
oea_test_240,0.28571428571428575,0.6153846153846154,True,completed,8,True,508.83128237724304,ExperienceEvo
oea_test_135,0.4,0.3333333333333333,True,completed,3,False,140.45434999465942,ExperienceEvo
oea_test_304,0.8571428571428571,0.888888888888889,True,completed,5,False,300.49554085731506,ExperienceEvo
oea_test_421,0.8571428571428571,0.7272727272727273,True,completed,7,True,556.5885050296783,ExperienceEvo
oea_test_379,1.0,1.0,True,completed,2,False,133.84440279006958,ExperienceEvo
oea_test_3,1.0,1.0,True,completed,4,False,185.89072346687317,ExperienceEvo
oea_test_642,1.0,0.7272727272727273,True,completed,7,True,414.2373788356781,ExperienceEvo
oea_test_1059,0.4,0.3333333333333333,True,completed,4,False,101.65742230415344,ExperienceEvo
oea_test_664,0.0,0.0,False,completed,1,False,39.48913240432739,ExperienceEvo
oea_test_932,1.0,1.0,True,completed,4,False,268.31018233299255,ExperienceEvo
oea_test_859,1.0,0.8,True,completed,3,False,86.17569041252136,ExperienceEvo
oea_test_1013,0.0,0.0,False,completed,1,False,42.46073269844055,ExperienceEvo
oea_test_202,1.0,1.0,True,completed,4,False,246.82829928398132,ExperienceEvo
oea_test_97,0.888888888888889,0.9333333333333333,True,completed,8,False,366.48572611808777,ExperienceEvo
oea_test_248,1.0,1.0,True,completed,7,False,399.6683704853058,ExperienceEvo
oea_test_1134,1.0,0.8,True,completed,2,False,61.22301912307739,ExperienceEvo
oea_test_1111,1.0,1.0,True,completed,4,False,253.56715846061707,ExperienceEvo
oea_test_14,0.5,0.4,True,completed,7,False,285.5732161998749,ExperienceEvo
oea_test_823,0.5,0.6666666666666666,True,completed,3,False,107.91157817840576,ExperienceEvo
oea_test_101,0.4,0.28571428571428575,True,completed,3,False,188.43267035484314,ExperienceEvo
oea_test_601,1.0,1.0,True,completed,4,False,299.2646129131317,ExperienceEvo
oea_test_1074,1.0,0.6666666666666666,True,completed,5,False,121.61296558380127,ExperienceEvo
oea_test_81,0.6666666666666666,0.6666666666666666,True,completed,3,False,178.03877687454224,ExperienceEvo
oea_test_1104,1.0,1.0,True,completed,4,False,264.40437364578247,ExperienceEvo
oea_test_730,0.6666666666666666,0.5714285714285715,True,completed,10,True,541.7916655540466,ExperienceEvo
oea_test_1167,1.0,1.0,True,completed,4,False,290.1938955783844,ExperienceEvo
oea_test_1025,0.7499999999999999,0.7272727272727273,True,completed,7,True,377.68903398513794,ExperienceEvo
oea_test_940,0.8571428571428571,0.888888888888889,True,completed,5,False,279.9015395641327,ExperienceEvo
oea_test_122,1.0,1.0,True,completed,4,False,282.35648369789124,ExperienceEvo
oea_test_28,0.4,0.09523809523809522,False,failed,15,False,555.0932891368866,ExperienceEvo
oea_test_323,0.8,0.8571428571428571,True,completed,4,False,229.64885687828064,ExperienceEvo
oea_test_1065,0.8571428571428571,0.888888888888889,True,completed,5,False,331.2107791900635,ExperienceEvo
oea_test_727,0.5,0.3333333333333333,True,completed,2,False,49.43410801887512,ExperienceEvo
oea_test_933,0.4444444444444445,0.35294117647058826,False,failed,12,False,378.589768409729,ExperienceEvo
oea_test_167,0.28571428571428575,0.2,False,failed,15,False,682.3944706916809,ExperienceEvo
oea_test_1108,0.28571428571428575,0.2,True,completed,8,False,231.36234068870544,ExperienceEvo
oea_test_995,0.6666666666666666,0.5714285714285715,True,completed,3,False,97.39445686340332,ExperienceEvo
oea_test_273,0.8,0.8,True,completed,3,False,156.84648823738098,ExperienceEvo
oea_test_901,1.0,1.0,True,completed,4,False,277.94414258003235,ExperienceEvo
oea_test_569,0.8571428571428571,0.888888888888889,True,completed,5,False,198.08952140808105,ExperienceEvo
oea_test_89,1.0,1.0,True,completed,4,False,192.40004014968872,ExperienceEvo
oea_test_596,0.8571428571428571,0.888888888888889,True,completed,5,False,289.89988923072815,ExperienceEvo
oea_test_416,0.6666666666666666,0.31578947368421056,False,failed,15,True,798.9673466682434,ExperienceEvo
oea_test_1073,0.28571428571428575,0.20000000000000004,True,completed,5,False,121.90418934822083,ExperienceEvo
oea_test_782,0.0,0.0,False,completed,5,False,299.8845875263214,ExperienceEvo
oea_test_534,0.8571428571428571,0.888888888888889,True,completed,5,False,284.30773878097534,ExperienceEvo
oea_test_958,0.8,0.5,True,completed,3,False,74.99377131462097,ExperienceEvo
oea_test_85,0.888888888888889,0.7692307692307693,True,completed,8,False,352.8969876766205,ExperienceEvo
oea_test_1138,1.0,0.888888888888889,True,completed,5,True,525.6889441013336,ExperienceEvo
oea_test_408,0.18181818181818182,0.10526315789473682,False,failed,14,True,723.271568775177,ExperienceEvo
oea_test_645,1.0,1.0,True,completed,5,False,184.8961639404297,ExperienceEvo
oea_test_280,1.0,1.0,True,completed,4,False,274.2520041465759,ExperienceEvo
oea_test_262,0.8,0.31578947368421056,False,failed,15,True,780.3930218219757,ExperienceEvo
oea_test_315,1.0,1.0,True,completed,4,False,274.27255034446716,ExperienceEvo
oea_test_870,0.8,0.4444444444444445,True,completed,4,False,94.98968076705933,ExperienceEvo
oea_test_1110,1.0,0.8,True,completed,2,False,25.331870079040527,ExperienceEvo
oea_test_501,0.8,0.42857142857142855,True,completed,11,False,542.5265250205994,ExperienceEvo
oea_test_533,1.0,1.0,True,completed,4,False,230.6448073387146,ExperienceEvo
oea_test_1133,1.0,1.0,True,completed,4,False,253.96954345703125,ExperienceEvo
oea_test_510,0.8571428571428571,0.47058823529411764,True,completed,13,True,1182.789288520813,ExperienceEvo
oea_test_876,0.0,0.0,False,completed,1,False,38.870102882385254,ExperienceEvo
oea_test_740,1.0,1.0,True,completed,4,False,269.62817883491516,ExperienceEvo
oea_test_660,1.0,1.0,True,completed,4,False,285.7793679237366,ExperienceEvo
oea_test_249,0.8571428571428571,0.5,True,completed,12,True,709.6776196956635,ExperienceEvo
oea_test_102,0.3333333333333333,0.11764705882352941,False,failed,15,False,701.4900853633881,ExperienceEvo
oea_test_1046,1.0,1.0,True,completed,4,False,238.99393343925476,ExperienceEvo
oea_test_568,0.4,0.3333333333333333,True,completed,3,False,173.90448665618896,ExperienceEvo
oea_test_381,1.0,1.0,True,completed,4,False,278.95435881614685,ExperienceEvo
oea_test_219,1.0,0.8,True,completed,2,False,140.39186811447144,ExperienceEvo
oea_test_369,1.0,0.8571428571428571,True,completed,3,False,234.29147863388062,ExperienceEvo
oea_test_205,1.0,1.0,True,completed,4,False,260.9649889469147,ExperienceEvo
oea_test_702,0.8571428571428571,0.5,True,completed,12,True,897.6965250968933,ExperienceEvo
oea_test_429,0.8,0.6153846153846153,True,completed,6,False,501.76687240600586,ExperienceEvo
oea_test_23,0.5714285714285715,0.5,True,completed,6,False,472.5077223777771,ExperienceEvo
oea_test_759,1.0,1.0,True,completed,4,False,271.98015570640564,ExperienceEvo
oea_test_436,0.5,0.25,True,completed,4,False,298.8822453022003,ExperienceEvo
oea_test_1109,0.6666666666666666,0.31578947368421056,False,failed,15,True,734.8547627925873,ExperienceEvo
oea_test_372,0.8,0.8,True,completed,3,False,189.81161546707153,ExperienceEvo
oea_test_127,1.0,1.0,True,completed,4,False,287.8664629459381,ExperienceEvo
oea_test_349,1.0,1.0,True,completed,5,False,300.0460455417633,ExperienceEvo
oea_test_667,0.3333333333333333,0.3333333333333333,True,completed,4,True,220.94370341300964,ExperienceEvo
oea_test_652,0.6666666666666666,0.6666666666666665,True,completed,5,False,114.54726338386536,ExperienceEvo
oea_test_531,1.0,0.6666666666666665,True,completed,4,False,240.11267280578613,ExperienceEvo
oea_test_1107,0.5,0.5,True,completed,2,False,78.47774958610535,ExperienceEvo
oea_test_860,1.0,1.0,True,completed,5,False,331.5749080181122,ExperienceEvo
oea_test_678,1.0,1.0,True,completed,6,False,329.8412535190582,ExperienceEvo
oea_test_1165,0.8571428571428571,0.8571428571428571,True,completed,4,False,101.09272789955139,ExperienceEvo
oea_test_865,0.75,0.8000000000000002,True,completed,5,False,328.8941557407379,ExperienceEvo
oea_test_120,1.0,1.0,True,completed,4,False,250.89618730545044,ExperienceEvo
oea_test_298,1.0,0.6666666666666666,True,completed,8,True,436.1738533973694,ExperienceEvo
oea_test_77,0.8571428571428571,0.5714285714285715,True,completed,10,True,388.8338739871979,ExperienceEvo
oea_test_657,0.5714285714285715,0.5714285714285715,True,completed,5,False,125.71596908569336,ExperienceEvo
oea_test_1002,0.8571428571428571,0.888888888888889,True,completed,5,False,333.97705912590027,ExperienceEvo
oea_test_292,1.0,0.888888888888889,True,completed,5,True,342.2871325016022,ExperienceEvo
oea_test_839,0.4444444444444444,0.26666666666666666,True,completed,8,False,184.8640434741974,ExperienceEvo
oea_test_1017,1.0,1.0,True,completed,4,False,296.8304901123047,ExperienceEvo
oea_test_232,0.8571428571428571,0.888888888888889,True,completed,4,False,256.8447148799896,ExperienceEvo
oea_test_1141,0.3333333333333333,0.2,True,completed,8,False,267.8164360523224,ExperienceEvo
oea_test_358,1.0,1.0,True,completed,4,False,192.14683365821838,ExperienceEvo
oea_test_290,0.75,0.8000000000000002,True,completed,5,False,304.5820767879486,ExperienceEvo
oea_test_283,0.5,0.25,True,completed,13,False,712.50142121315,ExperienceEvo
oea_test_1114,0.8571428571428571,0.888888888888889,True,completed,5,False,334.6497178077698,ExperienceEvo
oea_test_374,0.8,0.4,True,completed,2,False,139.0435163974762,ExperienceEvo
oea_test_665,1.0,0.6666666666666666,True,completed,3,False,81.61376976966858,ExperienceEvo
oea_test_11,0.8571428571428571,0.888888888888889,True,completed,5,False,234.75542378425598,ExperienceEvo
oea_test_1007,0.5714285714285715,0.5,True,completed,6,False,134.8899073600769,ExperienceEvo
oea_test_553,1.0,1.0,True,completed,4,False,222.75852465629578,ExperienceEvo
oea_test_928,1.0,1.0,True,completed,4,False,267.4544129371643,ExperienceEvo
oea_test_565,1.0,1.0,True,completed,2,False,146.5308620929718,ExperienceEvo
oea_test_956,1.0,1.0,True,completed,4,False,281.6035249233246,ExperienceEvo
oea_test_92,1.0,1.0,True,completed,4,False,209.1854224205017,ExperienceEvo
oea_test_993,0.8571428571428571,0.888888888888889,True,completed,5,False,252.75998711585999,ExperienceEvo
oea_test_356,0.0,0.0,False,completed,3,False,195.10705161094666,ExperienceEvo
oea_test_831,0.8571428571428571,0.888888888888889,True,completed,5,False,289.2987320423126,ExperienceEvo
oea_test_908,0.6,0.6,True,completed,5,False,117.56684398651123,ExperienceEvo
oea_test_630,0.6666666666666666,0.8333333333333333,True,completed,7,False,191.4782636165619,ExperienceEvo
oea_test_801,0.0,0.0,False,completed,1,False,41.184380769729614,ExperienceEvo
oea_test_872,0.8571428571428571,0.888888888888889,True,completed,5,False,319.3794195652008,ExperienceEvo
oea_test_817,1.0,0.888888888888889,True,completed,5,True,426.8680398464203,ExperienceEvo
oea_test_1117,1.0,1.0,True,completed,2,False,42.70525574684143,ExperienceEvo
oea_test_979,0.3333333333333333,0.2,True,completed,4,False,109.65832042694092,ExperienceEvo
oea_test_246,0.0,0.0,False,completed,2,False,148.86551451683044,ExperienceEvo
oea_test_1054,0.7272727272727273,0.7499999999999999,True,completed,10,False,509.1614077091217,ExperienceEvo
oea_test_463,0.8571428571428571,0.888888888888889,True,completed,5,False,325.18064284324646,ExperienceEvo
oea_test_247,1.0,1.0,True,completed,4,False,291.6577353477478,ExperienceEvo
oea_test_636,1.0,0.8,True,completed,6,True,259.0625567436218,ExperienceEvo
oea_test_930,0.8,0.5714285714285715,True,completed,3,False,92.06726861000061,ExperienceEvo
oea_test_744,1.0,1.0,True,completed,4,False,272.49853515625,ExperienceEvo
oea_test_1038,1.0,0.8,True,completed,6,True,662.4328806400299,ExperienceEvo
oea_test_878,0.0,0.0,False,completed,2,False,59.91710591316223,ExperienceEvo
oea_test_994,0.6666666666666666,0.25,True,completed,3,False,78.99198842048645,ExperienceEvo
oea_test_840,1.0,1.0,True,completed,4,False,228.26403284072876,ExperienceEvo
oea_test_295,0.75,0.8000000000000002,True,completed,5,False,311.0065395832062,ExperienceEvo
oea_test_57,1.0,1.0,True,completed,3,False,179.85187411308289,ExperienceEvo
oea_test_186,0.4,0.4,True,completed,2,False,142.28518414497375,ExperienceEvo
oea_test_814,0.6666666666666666,0.5,True,completed,1,False,75.39837002754211,ExperienceEvo
oea_test_1063,0.8571428571428571,0.888888888888889,True,completed,5,False,341.52487421035767,ExperienceEvo
oea_test_355,0.6666666666666666,0.4,True,completed,8,False,437.2776999473572,ExperienceEvo
oea_test_138,0.4,0.28571428571428575,True,completed,3,False,179.44289708137512,ExperienceEvo
oea_test_783,0.5714285714285715,0.5714285714285715,True,completed,5,False,222.59079933166504,ExperienceEvo
oea_test_867,1.0,1.0,True,completed,5,False,261.9164209365845,ExperienceEvo
oea_test_182,1.0,0.7272727272727273,True,completed,7,True,425.8880138397217,ExperienceEvo
oea_test_400,1.0,1.0,True,completed,4,False,369.64078974723816,ExperienceEvo
oea_test_590,0.6666666666666666,0.7272727272727272,True,completed,5,False,121.79414391517639,ExperienceEvo
oea_test_340,1.0,1.0,True,completed,4,False,227.7538721561432,ExperienceEvo
oea_test_306,0.8571428571428571,0.888888888888889,True,completed,5,False,314.9042134284973,ExperienceEvo
oea_test_266,1.0,1.0,True,completed,4,False,246.01416206359863,ExperienceEvo
oea_test_548,0.8571428571428571,0.888888888888889,True,completed,5,False,275.8019468784332,ExperienceEvo
oea_test_214,1.0,0.5,True,completed,2,False,136.5450406074524,ExperienceEvo
oea_test_609,1.0,0.8,True,completed,2,False,57.42506814002991,ExperienceEvo
oea_test_1066,1.0,1.0,True,completed,4,False,327.29788875579834,ExperienceEvo
oea_test_780,1.0,1.0,True,completed,4,False,268.392906665802,ExperienceEvo
oea_test_335,1.0,1.0,True,completed,4,False,269.6934678554535,ExperienceEvo
oea_test_475,1.0,1.0,True,completed,2,False,130.99669480323792,ExperienceEvo
oea_test_575,0.8571428571428571,0.888888888888889,True,completed,5,False,287.38634753227234,ExperienceEvo
oea_test_681,0.8,0.5,True,completed,6,False,160.28806471824646,ExperienceEvo
oea_test_834,1.0,1.0,True,completed,5,False,315.19954800605774,ExperienceEvo
oea_test_583,1.0,1.0,True,completed,4,False,239.80559706687927,ExperienceEvo
oea_test_960,0.8571428571428571,0.888888888888889,True,completed,5,False,288.9607391357422,ExperienceEvo
oea_test_307,1.0,1.0,True,completed,4,False,278.6939539909363,ExperienceEvo
oea_test_1010,1.0,1.0,True,completed,4,False,295.48866152763367,ExperienceEvo
oea_test_477,0.8571428571428571,0.888888888888889,True,completed,5,False,308.2752375602722,ExperienceEvo
oea_test_1001,1.0,0.7272727272727273,True,completed,7,True,379.4243540763855,ExperienceEvo
oea_test_172,0.5,0.5,True,completed,1,False,90.59635901451111,ExperienceEvo
oea_test_536,0.5714285714285715,0.4444444444444445,True,completed,7,False,369.1893198490143,ExperienceEvo
oea_test_399,0.75,0.8000000000000002,True,completed,5,False,308.43197226524353,ExperienceEvo
oea_test_856,0.4,0.16666666666666666,True,completed,9,False,270.84200620651245,ExperienceEvo
oea_test_1159,0.5714285714285715,0.3636363636363636,True,completed,6,True,140.5506682395935,ExperienceEvo
oea_test_149,1.0,1.0,True,completed,4,False,209.8720474243164,ExperienceEvo
oea_test_518,0.3333333333333333,0.2,True,completed,4,False,236.4685218334198,ExperienceEvo
oea_test_409,0.5,0.6666666666666665,True,completed,5,False,312.03701281547546,ExperienceEvo
oea_test_318,0.8,0.8,True,completed,3,False,180.11313152313232,ExperienceEvo
oea_test_103,1.0,1.0,True,completed,4,False,197.8308823108673,ExperienceEvo
oea_test_63,0.75,0.8000000000000002,True,completed,5,False,210.77141690254211,ExperienceEvo
oea_test_710,1.0,1.0,True,completed,4,False,266.05569100379944,ExperienceEvo
oea_test_239,0.7499999999999999,0.8,True,completed,6,True,357.6786353588104,ExperienceEvo
oea_test_73,0.5,0.33333333333333337,True,completed,10,False,475.8312475681305,ExperienceEvo
oea_test_734,0.0,0.0,False,completed,1,False,96.90449357032776,ExperienceEvo
oea_test_525,0.8571428571428571,0.888888888888889,True,completed,5,False,277.6721160411835,ExperienceEvo
oea_test_640,0.0,0.0,False,completed,3,False,146.8648612499237,ExperienceEvo
oea_test_265,1.0,1.0,True,completed,4,False,241.43744659423828,ExperienceEvo
oea_test_1101,0.7499999999999999,0.8,True,completed,6,False,346.60775804519653,ExperienceEvo
oea_test_1019,1.0,1.0,True,completed,5,False,293.11786341667175,ExperienceEvo
oea_test_1051,1.0,1.0,True,completed,4,False,276.2101454734802,ExperienceEvo
oea_test_319,0.8,0.8,True,completed,2,False,92.97031378746033,ExperienceEvo
oea_test_33,0.75,0.8000000000000002,True,completed,5,False,218.3988914489746,ExperienceEvo
oea_test_613,0.75,0.8000000000000002,True,completed,5,False,336.76028871536255,ExperienceEvo
oea_test_879,0.8571428571428571,0.31578947368421056,False,failed,15,True,1439.0209107398987,ExperienceEvo
oea_test_495,0.5714285714285715,0.5,True,completed,5,False,275.401109457016,ExperienceEvo
oea_test_481,1.0,1.0,True,completed,3,False,192.63841223716736,ExperienceEvo
oea_test_177,1.0,0.8,True,completed,2,False,141.01013469696045,ExperienceEvo
oea_test_692,1.0,1.0,True,completed,2,False,46.47951579093933,ExperienceEvo
oea_test_1105,1.0,0.9090909090909091,True,completed,5,False,126.44822645187378,ExperienceEvo
oea_test_344,1.0,1.0,True,completed,4,False,207.36779475212097,ExperienceEvo
oea_test_726,0.8,0.8,True,completed,2,False,66.42672443389893,ExperienceEvo
oea_test_169,1.0,1.0,True,completed,4,False,269.4672021865845,ExperienceEvo
oea_test_838,0.0,0.0,False,completed,1,False,37.52815318107605,ExperienceEvo
oea_test_106,0.888888888888889,0.9090909090909091,True,completed,6,False,281.11149978637695,ExperienceEvo
oea_test_743,0.0,0.0,False,completed,1,False,45.49327540397644,ExperienceEvo
oea_test_580,1.0,0.8,True,completed,2,False,127.78664779663086,ExperienceEvo
oea_test_51,0.8571428571428571,0.888888888888889,True,completed,5,False,212.0111207962036,ExperienceEvo
oea_test_2,1.0,1.0,True,completed,2,False,120.06298661231995,ExperienceEvo
oea_test_976,1.0,1.0,True,completed,4,False,275.6386971473694,ExperienceEvo
oea_test_779,1.0,1.0,True,completed,4,False,259.26681685447693,ExperienceEvo
oea_test_336,0.8,0.8,True,completed,3,False,190.63795351982117,ExperienceEvo
oea_test_179,0.8,0.75,True,completed,4,True,245.6028881072998,ExperienceEvo
oea_test_752,1.0,1.0,True,completed,4,False,278.70958733558655,ExperienceEvo
oea_test_143,1.0,1.0,True,completed,4,False,239.19599890708923,ExperienceEvo
oea_test_342,0.4,0.28571428571428575,True,completed,3,False,200.82449579238892,ExperienceEvo
oea_test_765,1.0,0.8,True,completed,2,False,59.634286880493164,ExperienceEvo
oea_test_718,1.0,1.0,True,completed,4,False,317.2575612068176,ExperienceEvo
oea_test_832,1.0,0.3333333333333333,True,completed,14,True,768.9406805038452,ExperienceEvo
oea_test_675,1.0,1.0,True,completed,4,False,268.7409920692444,ExperienceEvo
oea_test_160,0.6666666666666666,0.2857142857142857,True,completed,1,False,109.09995150566101,ExperienceEvo
oea_test_228,1.0,1.0,True,completed,4,False,237.39176869392395,ExperienceEvo
oea_test_721,1.0,1.0,True,completed,4,False,246.39980745315552,ExperienceEvo
oea_test_1147,0.8,0.6,True,completed,7,False,159.86406707763672,ExperienceEvo
oea_test_527,1.0,1.0,True,completed,4,False,285.898273229599,ExperienceEvo
oea_test_991,0.8571428571428571,0.888888888888889,True,completed,5,False,312.91614031791687,ExperienceEvo
oea_test_854,1.0,1.0,True,completed,4,False,269.69738817214966,ExperienceEvo
oea_test_35,1.0,1.0,True,completed,3,False,199.02886033058167,ExperienceEvo
oea_test_454,1.0,1.0,True,completed,4,False,249.31141686439514,ExperienceEvo
oea_test_953,1.0,0.8,True,completed,2,False,56.81406116485596,ExperienceEvo
oea_test_622,1.0,1.0,True,completed,4,False,93.30243396759033,ExperienceEvo
oea_test_517,1.0,1.0,True,completed,4,False,241.82976937294006,ExperienceEvo
oea_test_936,1.0,1.0,True,completed,4,False,266.28846168518066,ExperienceEvo
oea_test_881,0.5,0.3333333333333333,True,completed,2,False,61.976150035858154,ExperienceEvo
oea_test_217,0.8,0.8571428571428571,True,completed,4,False,320.6195902824402,ExperienceEvo
oea_test_556,0.7499999999999999,0.8,True,completed,6,True,301.8344497680664,ExperienceEvo
oea_test_181,1.0,1.0,True,completed,2,False,137.04268860816956,ExperienceEvo
oea_test_849,1.0,1.0,True,completed,4,False,237.97445440292358,ExperienceEvo
oea_test_746,1.0,1.0,True,completed,4,False,280.9901158809662,ExperienceEvo
oea_test_359,1.0,1.0,True,completed,4,False,269.96634912490845,ExperienceEvo
oea_test_804,1.0,1.0,True,completed,4,False,323.6247925758362,ExperienceEvo
oea_test_528,0.6666666666666666,0.6666666666666666,True,completed,1,False,79.08179998397827,ExperienceEvo
oea_test_978,1.0,1.0,True,completed,4,False,257.97420048713684,ExperienceEvo
oea_test_330,0.0,0.0,False,completed,1,False,95.7412314414978,ExperienceEvo
oea_test_578,0.8571428571428571,0.888888888888889,True,completed,5,False,297.0686101913452,ExperienceEvo
oea_test_886,0.8571428571428571,0.888888888888889,True,completed,5,False,292.35274934768677,ExperienceEvo
oea_test_9,1.0,1.0,True,completed,4,False,190.52947306632996,ExperienceEvo
oea_test_717,1.0,1.0,True,completed,4,False,259.30715250968933,ExperienceEvo
oea_test_241,0.7499999999999999,0.8,True,completed,6,False,367.954359292984,ExperienceEvo
oea_test_370,0.5,0.3333333333333333,True,completed,6,False,314.32448625564575,ExperienceEvo
oea_test_989,0.75,0.8000000000000002,True,completed,5,False,430.49974822998047,ExperienceEvo
oea_test_507,0.8571428571428571,0.888888888888889,True,completed,5,False,294.4892635345459,ExperienceEvo
oea_test_938,0.0,0.0,False,completed,1,False,31.204520225524902,ExperienceEvo
oea_test_24,0.5714285714285715,0.5454545454545454,True,completed,6,False,283.5117280483246,ExperienceEvo
oea_test_612,1.0,1.0,True,completed,4,False,244.28522777557373,ExperienceEvo
oea_test_139,0.4000000000000001,0.19047619047619044,False,failed,15,True,913.1461696624756,ExperienceEvo
oea_test_560,0.4,0.4,True,completed,3,False,192.68690824508667,ExperienceEvo
oea_test_697,1.0,0.8,True,completed,6,False,374.6742901802063,ExperienceEvo
oea_test_1020,1.0,0.8571428571428571,True,completed,4,False,93.51263236999512,ExperienceEvo
oea_test_299,0.0,0.0,False,completed,2,False,118.90723752975464,ExperienceEvo
oea_test_900,0.8571428571428571,0.7272727272727273,True,completed,7,True,423.4187026023865,ExperienceEvo
oea_test_582,0.8571428571428571,0.8,True,completed,6,True,317.24670672416687,ExperienceEvo
oea_test_230,1.0,1.0,True,completed,4,False,261.18572640419006,ExperienceEvo
oea_test_406,0.8571428571428571,0.888888888888889,True,completed,5,False,300.423299074173,ExperienceEvo
oea_test_599,0.5714285714285715,0.4545454545454545,False,failed,15,False,294.9758303165436,ExperienceEvo
oea_test_557,0.8571428571428571,0.6666666666666665,True,completed,5,False,276.9756782054901,ExperienceEvo
oea_test_128,0.7499999999999999,0.47058823529411764,True,completed,13,True,853.4035427570343,ExperienceEvo
oea_test_760,1.0,0.7272727272727273,True,completed,7,True,426.79672622680664,ExperienceEvo
oea_test_685,1.0,1.0,True,completed,4,False,271.68325424194336,ExperienceEvo
oea_test_506,1.0,1.0,True,completed,4,False,271.836909532547,ExperienceEvo
oea_test_1024,1.0,1.0,True,completed,4,False,269.52048921585083,ExperienceEvo
oea_test_161,1.0,1.0,True,completed,4,False,237.27853417396545,ExperienceEvo
oea_test_384,1.0,1.0,True,completed,4,False,230.85957503318787,ExperienceEvo
oea_test_398,0.5714285714285715,0.5,True,completed,5,False,254.2814757823944,ExperienceEvo
oea_test_811,0.5,0.4,True,completed,2,False,76.94109606742859,ExperienceEvo
oea_test_747,1.0,1.0,True,completed,2,False,43.07856750488281,ExperienceEvo
oea_test_1049,0.8571428571428571,0.888888888888889,True,completed,5,False,334.8520679473877,ExperienceEvo
oea_test_1044,0.8571428571428571,0.888888888888889,True,completed,5,False,236.6411440372467,ExperienceEvo
oea_test_302,0.6666666666666666,0.3333333333333333,False,failed,14,False,743.0719814300537,ExperienceEvo
oea_test_637,1.0,0.6153846153846153,True,completed,9,True,423.21958351135254,ExperienceEvo
oea_test_211,1.0,1.0,True,completed,4,False,221.02816009521484,ExperienceEvo
oea_test_775,1.0,1.0,True,completed,4,False,240.49906373023987,ExperienceEvo
oea_test_511,0.5714285714285715,0.5,True,completed,5,False,308.60292387008667,ExperienceEvo
oea_test_493,1.0,1.0,True,completed,4,False,274.70370149612427,ExperienceEvo
oea_test_468,1.0,1.0,True,completed,4,False,247.72101211547852,ExperienceEvo
oea_test_36,0.33333333333333337,0.28571428571428575,True,completed,5,False,310.6826617717743,ExperienceEvo
oea_test_31,1.0,1.0,True,completed,5,False,206.82868576049805,ExperienceEvo
oea_test_366,0.8571428571428571,0.888888888888889,True,completed,5,False,297.96078157424927,ExperienceEvo
oea_test_107,0.8571428571428571,0.888888888888889,True,completed,4,False,280.73030138015747,ExperienceEvo
oea_test_267,0.5,0.75,True,completed,4,False,243.64400506019592,ExperienceEvo
oea_test_460,0.8571428571428571,0.888888888888889,True,completed,5,False,292.47348046302795,ExperienceEvo
oea_test_1023,1.0,1.0,True,completed,4,False,250.93568873405457,ExperienceEvo
oea_test_623,0.4444444444444445,0.26666666666666666,True,completed,11,False,242.0226333141327,ExperienceEvo
oea_test_755,1.0,0.5714285714285715,True,completed,2,False,56.25235724449158,ExperienceEvo
oea_test_5,0.6666666666666666,0.6666666666666666,True,completed,3,False,179.29149436950684,ExperienceEvo
oea_test_58,0.8571428571428571,0.888888888888889,True,completed,4,False,228.38100862503052,ExperienceEvo
oea_test_606,0.4444444444444444,0.30769230769230765,True,completed,9,False,224.52109169960022,ExperienceEvo
oea_test_918,1.0,1.0,True,completed,7,False,432.2172622680664,ExperienceEvo
oea_test_778,0.0,0.0,False,completed,1,False,36.23595070838928,ExperienceEvo
oea_test_944,1.0,0.888888888888889,True,completed,5,True,297.9218530654907,ExperienceEvo
oea_test_76,0.6666666666666666,0.36363636363636365,True,completed,3,False,177.1809425354004,ExperienceEvo
oea_test_638,0.6666666666666666,0.5,True,completed,4,False,120.29132652282715,ExperienceEvo
oea_test_619,1.0,1.0,True,completed,4,False,259.3674900531769,ExperienceEvo
oea_test_937,0.5714285714285715,0.33333333333333337,True,completed,10,False,232.13725471496582,ExperienceEvo
oea_test_1076,0.8,0.6666666666666666,True,completed,4,False,95.54771852493286,ExperienceEvo
oea_test_904,1.0,1.0,True,completed,4,False,270.51518988609314,ExperienceEvo
oea_test_83,0.75,0.8000000000000002,True,completed,5,False,222.02999424934387,ExperienceEvo
oea_test_52,0.8571428571428571,0.888888888888889,True,completed,5,False,222.30339789390564,ExperienceEvo
oea_test_541,1.0,1.0,True,completed,4,False,254.39024567604065,ExperienceEvo
oea_test_910,0.8571428571428571,0.888888888888889,True,completed,5,False,252.85830879211426,ExperienceEvo
oea_test_360,1.0,0.888888888888889,True,completed,5,True,317.9788224697113,ExperienceEvo
oea_test_835,1.0,0.7499999999999999,True,completed,5,False,123.00116872787476,ExperienceEvo
oea_test_771,0.7272727272727273,0.47058823529411764,False,failed,13,False,306.42759823799133,ExperienceEvo
oea_test_990,0.5714285714285715,0.4444444444444445,True,completed,5,False,130.78356742858887,ExperienceEvo
oea_test_616,1.0,0.5714285714285715,True,completed,10,True,544.8271861076355,ExperienceEvo
oea_test_532,0.8571428571428571,0.888888888888889,True,completed,5,False,291.54797649383545,ExperienceEvo
oea_test_543,0.75,0.8000000000000002,True,completed,5,False,407.63276624679565,ExperienceEvo
oea_test_943,1.0,1.0,True,completed,3,False,80.14455032348633,ExperienceEvo
oea_test_150,1.0,0.5714285714285714,True,completed,5,False,230.4169464111328,ExperienceEvo
oea_test_698,0.4,0.3333333333333333,True,completed,2,False,61.21943497657776,ExperienceEvo
oea_test_17,1.0,1.0,True,completed,4,False,187.20172023773193,ExperienceEvo
oea_test_98,0.3333333333333333,0.2222222222222222,True,completed,3,False,179.81256246566772,ExperienceEvo
oea_test_966,0.6666666666666666,0.6666666666666666,True,completed,3,False,120.58384847640991,ExperienceEvo
oea_test_1062,1.0,1.0,True,completed,3,False,80.91487264633179,ExperienceEvo
oea_test_109,1.0,1.0,True,completed,4,False,273.8206033706665,ExperienceEvo
oea_test_705,0.8571428571428571,0.888888888888889,True,completed,5,False,291.7649884223938,ExperienceEvo
oea_test_310,0.8571428571428571,0.888888888888889,True,completed,5,False,302.49960708618164,ExperienceEvo
oea_test_929,0.7499999999999999,0.8,True,completed,6,False,368.5980222225189,ExperienceEvo
oea_test_915,1.0,1.0,True,completed,3,False,80.4970531463623,ExperienceEvo
oea_test_868,0.8,0.6666666666666666,True,completed,2,False,56.53562521934509,ExperienceEvo
oea_test_38,0.8571428571428571,0.6,True,completed,6,False,352.51737570762634,ExperienceEvo
oea_test_178,0.0,0.0,False,completed,1,False,87.70624852180481,ExperienceEvo
oea_test_1047,0.4,0.22222222222222224,True,completed,2,False,66.90893316268921,ExperienceEvo
oea_test_545,1.0,1.0,True,completed,3,False,191.79054713249207,ExperienceEvo
oea_test_1113,0.8,0.6,True,completed,6,False,479.38824939727783,ExperienceEvo
oea_test_314,0.5,0.3333333333333333,True,completed,4,False,240.8995339870453,ExperienceEvo
oea_test_911,0.0,0.0,False,completed,1,False,86.06266713142395,ExperienceEvo
oea_test_405,1.0,1.0,True,completed,4,False,280.50478982925415,ExperienceEvo
oea_test_537,1.0,1.0,True,completed,4,False,249.15857768058777,ExperienceEvo
oea_test_1132,0.0,0.0,False,completed,1,False,38.57014441490173,ExperienceEvo
oea_test_492,1.0,0.6666666666666666,True,completed,8,True,480.02707529067993,ExperienceEvo
oea_test_18,1.0,1.0,True,completed,4,False,173.11028790473938,ExperienceEvo
oea_test_131,0.6666666666666666,0.8,True,completed,2,False,149.24327611923218,ExperienceEvo
oea_test_682,1.0,1.0,True,completed,4,False,250.3402180671692,ExperienceEvo
oea_test_764,0.6666666666666666,0.4444444444444444,True,completed,3,False,99.30020904541016,ExperienceEvo
oea_test_684,0.4,0.3333333333333333,True,completed,9,True,354.50315380096436,ExperienceEvo
oea_test_1040,0.22222222222222224,0.2,True,completed,8,False,195.30611777305603,ExperienceEvo
oea_test_389,0.0,0.0,False,completed,1,False,57.55722641944885,ExperienceEvo
oea_test_552,1.0,1.0,True,completed,4,False,230.8901982307434,ExperienceEvo
oea_test_410,0.3333333333333333,0.6,True,completed,6,True,442.64351415634155,ExperienceEvo
oea_test_96,1.0,1.0,True,completed,4,False,222.73745918273926,ExperienceEvo
oea_test_848,1.0,1.0,True,completed,4,False,246.09441375732422,ExperienceEvo
oea_test_1069,1.0,1.0,True,completed,4,False,263.0833652019501,ExperienceEvo
oea_test_357,1.0,1.0,True,completed,4,False,219.22639083862305,ExperienceEvo
oea_test_502,1.0,1.0,True,completed,4,False,292.1597774028778,ExperienceEvo
oea_test_983,1.0,1.0,True,completed,4,False,219.93773770332336,ExperienceEvo
oea_test_896,1.0,1.0,True,completed,4,False,301.8906772136688,ExperienceEvo
oea_test_1093,0.3333333333333333,0.16666666666666666,True,completed,5,False,154.34944486618042,ExperienceEvo
oea_test_10,1.0,1.0,True,completed,2,False,110.8563711643219,ExperienceEvo
oea_test_942,0.5,0.4,True,completed,3,False,76.3721604347229,ExperienceEvo
oea_test_941,0.5714285714285715,0.26666666666666666,True,completed,12,False,313.5170681476593,ExperienceEvo
oea_test_551,1.0,0.5,True,completed,12,True,1390.7370374202728,ExperienceEvo
oea_test_108,0.6666666666666666,0.4,True,completed,6,False,314.2873704433441,ExperienceEvo
oea_test_95,1.0,1.0,True,completed,4,False,173.54610633850098,ExperienceEvo
oea_test_333,0.8,0.6666666666666666,True,completed,3,False,194.77037858963013,ExperienceEvo
oea_test_42,1.0,1.0,True,completed,4,False,245.18533158302307,ExperienceEvo
oea_test_41,0.8571428571428571,0.888888888888889,True,completed,5,False,236.9913249015808,ExperienceEvo
oea_test_671,0.4,0.4,True,completed,8,False,181.71554899215698,ExperienceEvo
oea_test_339,0.8571428571428571,0.888888888888889,True,completed,5,False,261.44375348091125,ExperienceEvo
oea_test_1014,0.8571428571428571,0.888888888888889,True,completed,5,False,290.3913209438324,ExperienceEvo
oea_test_482,1.0,1.0,True,completed,4,False,269.2610354423523,ExperienceEvo
oea_test_516,1.0,1.0,True,completed,4,False,238.79645895957947,ExperienceEvo
oea_test_274,0.8571428571428571,0.888888888888889,True,completed,5,False,300.52397322654724,ExperienceEvo
oea_test_751,0.4,0.28571428571428575,True,completed,4,False,111.39235305786133,ExperienceEvo
oea_test_373,0.4,0.4,True,completed,3,False,223.15189814567566,ExperienceEvo
oea_test_816,0.8,0.4,True,completed,2,False,61.99946713447571,ExperienceEvo
oea_test_114,1.0,1.0,True,completed,3,False,247.07260942459106,ExperienceEvo
oea_test_287,0.75,0.8000000000000002,True,completed,5,False,323.33954787254333,ExperienceEvo
oea_test_417,0.8571428571428571,0.6666666666666666,True,completed,3,False,191.59642434120178,ExperienceEvo
oea_test_1143,0.8571428571428571,0.888888888888889,True,completed,5,False,337.1178114414215,ExperienceEvo
oea_test_190,1.0,0.8,True,completed,2,False,129.67447876930237,ExperienceEvo
oea_test_187,0.0,0.0,False,completed,3,False,169.2073290348053,ExperienceEvo
oea_test_967,0.8,0.8571428571428571,True,completed,4,False,120.77950263023376,ExperienceEvo
oea_test_431,0.75,0.8000000000000002,True,completed,5,False,320.21719098091125,ExperienceEvo
oea_test_559,0.8,0.6666666666666666,True,completed,4,False,210.24821734428406,ExperienceEvo
oea_test_469,0.8571428571428571,0.888888888888889,True,completed,5,False,338.98828315734863,ExperienceEvo
oea_test_611,1.0,1.0,True,completed,4,False,288.6335291862488,ExperienceEvo
oea_test_589,0.6666666666666666,0.5,True,completed,5,False,159.64189338684082,ExperienceEvo
oea_test_68,1.0,1.0,True,completed,4,False,174.53016185760498,ExperienceEvo
oea_test_593,0.4,0.2,True,completed,3,False,84.65690588951111,ExperienceEvo
oea_test_723,1.0,1.0,True,completed,2,False,47.88374400138855,ExperienceEvo
oea_test_670,0.6666666666666666,0.5,True,completed,11,False,500.6229748725891,ExperienceEvo
oea_test_736,0.75,0.8000000000000002,True,completed,5,False,281.38830494880676,ExperienceEvo
oea_test_383,0.8,0.8,True,completed,3,False,179.23549056053162,ExperienceEvo
oea_test_90,0.8,0.8,True,completed,3,False,186.2249825000763,ExperienceEvo
oea_test_55,0.5,0.5454545454545454,True,completed,6,False,251.69506001472473,ExperienceEvo
oea_test_415,0.6666666666666666,0.7999999999999999,True,completed,8,False,407.34569573402405,ExperienceEvo
oea_test_539,1.0,1.0,True,completed,4,False,259.4336767196655,ExperienceEvo
oea_test_411,0.5714285714285715,0.2857142857142857,True,completed,7,False,438.72286438941956,ExperienceEvo
oea_test_118,0.8571428571428571,0.888888888888889,True,completed,5,False,322.8917784690857,ExperienceEvo
oea_test_773,1.0,1.0,True,completed,3,False,75.16748642921448,ExperienceEvo
oea_test_420,1.0,1.0,True,completed,4,False,246.16517782211304,ExperienceEvo
oea_test_328,0.888888888888889,0.9090909090909091,True,completed,5,False,268.2267220020294,ExperienceEvo
oea_test_72,0.75,0.8000000000000002,True,completed,5,False,210.27835822105408,ExperienceEvo
oea_test_313,0.888888888888889,0.9090909090909091,True,completed,6,False,371.2105541229248,ExperienceEvo
oea_test_1126,1.0,1.0,True,completed,4,False,246.71426725387573,ExperienceEvo
oea_test_808,1.0,1.0,True,completed,4,False,253.60377025604248,ExperienceEvo
oea_test_1102,0.5,0.22222222222222224,True,completed,2,False,55.65304398536682,ExperienceEvo
oea_test_188,1.0,1.0,True,completed,5,False,334.44482684135437,ExperienceEvo
oea_test_1037,0.75,0.8000000000000002,True,completed,5,False,317.0859260559082,ExperienceEvo
oea_test_347,1.0,0.8,True,completed,2,False,147.24473237991333,ExperienceEvo
oea_test_653,0.75,0.8000000000000002,True,completed,5,False,272.62421774864197,ExperienceEvo
oea_test_294,0.8571428571428571,0.888888888888889,True,completed,5,False,291.36738872528076,ExperienceEvo
oea_test_112,1.0,0.923076923076923,True,completed,7,False,421.70273423194885,ExperienceEvo
oea_test_852,1.0,0.8,True,completed,2,False,178.25778937339783,ExperienceEvo
oea_test_443,1.0,1.0,True,completed,4,False,242.45015263557434,ExperienceEvo
oea_test_749,0.6666666666666666,0.6666666666666666,True,completed,1,False,42.70688509941101,ExperienceEvo
oea_test_231,0.8571428571428571,0.7692307692307692,True,completed,7,False,406.3126151561737,ExperienceEvo
oea_test_34,0.5714285714285715,0.4,True,completed,6,False,305.1254668235779,ExperienceEvo
oea_test_957,0.3333333333333333,0.2,True,completed,7,False,164.64875650405884,ExperienceEvo
oea_test_444,1.0,1.0,True,completed,4,False,294.1899325847626,ExperienceEvo
oea_test_571,0.6666666666666666,0.6666666666666666,True,completed,1,False,61.24952006340027,ExperienceEvo
oea_test_133,0.5,0.30769230769230765,True,completed,7,False,310.5794086456299,ExperienceEvo
oea_test_1098,0.8,0.7142857142857143,True,completed,9,False,271.2915759086609,ExperienceEvo
oea_test_515,1.0,1.0,True,completed,1,False,102.37249183654785,ExperienceEvo
oea_test_762,1.0,0.888888888888889,True,completed,5,True,320.75600695610046,ExperienceEvo
oea_test_799,0.8,0.8571428571428571,True,completed,4,False,86.4069676399231,ExperienceEvo
oea_test_1048,0.5,0.5,True,completed,2,False,35.459251403808594,ExperienceEvo
oea_test_20,1.0,0.23529411764705882,False,failed,15,False,552.5600955486298,ExperienceEvo
oea_test_841,1.0,1.0,True,completed,3,False,78.7106659412384,ExperienceEvo
oea_test_194,1.0,1.0,True,completed,2,False,145.5714077949524,ExperienceEvo
oea_test_1034,0.8571428571428571,0.888888888888889,True,completed,5,False,329.387512922287,ExperienceEvo
oea_test_250,0.6666666666666666,0.5714285714285715,True,completed,3,False,283.04136395454407,ExperienceEvo
oea_test_221,1.0,0.6666666666666666,True,completed,8,True,515.6961374282837,ExperienceEvo
oea_test_442,1.0,1.0,True,completed,4,False,277.4443578720093,ExperienceEvo
oea_test_1155,1.0,1.0,True,completed,4,False,281.357225894928,ExperienceEvo
oea_test_199,0.5,0.4444444444444444,True,completed,3,False,181.5868456363678,ExperienceEvo
oea_test_196,0.8,0.75,True,completed,4,False,295.24377250671387,ExperienceEvo
oea_test_48,1.0,1.0,True,completed,4,False,181.20527005195618,ExperienceEvo
oea_test_812,1.0,1.0,True,completed,4,False,261.5610010623932,ExperienceEvo
oea_test_257,0.4,0.3333333333333333,True,completed,2,False,121.64593577384949,ExperienceEvo
oea_test_402,1.0,1.0,True,completed,3,False,324.3926944732666,ExperienceEvo
oea_test_1152,1.0,1.0,True,completed,4,False,247.734277009964,ExperienceEvo
oea_test_100,0.6666666666666666,0.6666666666666666,True,completed,3,False,362.7968339920044,ExperienceEvo
oea_test_880,0.8571428571428571,0.7272727272727273,True,completed,7,False,340.1315836906433,ExperienceEvo
oea_test_980,0.4,0.3333333333333333,True,completed,4,False,101.71142840385437,ExperienceEvo
oea_test_84,0.7499999999999999,0.7272727272727273,True,completed,7,True,355.2284371852875,ExperienceEvo
oea_test_99,1.0,1.0,True,completed,2,False,145.71984577178955,ExperienceEvo
oea_test_926,0.8571428571428571,0.888888888888889,True,completed,5,False,313.18471574783325,ExperienceEvo
oea_test_303,0.28571428571428575,0.2222222222222222,False,failed,15,False,907.3505663871765,ExperienceEvo
oea_test_483,1.0,1.0,True,completed,4,False,268.2450911998749,ExperienceEvo
oea_test_414,1.0,1.0,True,completed,4,False,283.29364490509033,ExperienceEvo
oea_test_679,1.0,0.7499999999999999,True,completed,3,False,100.44260430335999,ExperienceEvo
oea_test_438,1.0,1.0,True,completed,4,False,272.1128807067871,ExperienceEvo
oea_test_732,0.5,0.6153846153846153,True,completed,7,False,392.3690938949585,ExperienceEvo
oea_test_450,0.25,0.26666666666666666,True,completed,10,False,557.1701574325562,ExperienceEvo
oea_test_947,1.0,0.7272727272727273,True,completed,7,True,407.8417761325836,ExperienceEvo
oea_test_130,0.0,0.0,False,completed,1,False,89.807133436203,ExperienceEvo
oea_test_277,0.7499999999999999,0.39999999999999997,True,completed,11,False,575.8593108654022,ExperienceEvo
oea_test_632,0.6666666666666665,0.5000000000000001,True,completed,11,True,1223.6618957519531,ExperienceEvo
oea_test_499,0.5714285714285715,0.4,True,completed,8,False,430.8972465991974,ExperienceEvo
oea_test_255,0.8,0.7692307692307693,True,completed,8,False,409.72417736053467,ExperienceEvo
oea_test_159,1.0,0.8,True,completed,2,False,152.95569252967834,ExperienceEvo
oea_test_725,0.8571428571428571,0.888888888888889,True,completed,5,False,310.11760234832764,ExperienceEvo
oea_test_1041,0.0,0.0,False,failed,15,True,784.753359079361,ExperienceEvo
oea_test_975,0.8571428571428571,0.888888888888889,True,completed,5,False,282.9387881755829,ExperienceEvo
oea_test_1035,0.8571428571428571,0.888888888888889,True,completed,5,False,272.94899463653564,ExperienceEvo
oea_test_584,0.6666666666666666,0.28571428571428575,True,completed,4,True,353.11015033721924,ExperienceEvo
oea_test_1115,0.0,0.0,False,completed,1,False,82.16143751144409,ExperienceEvo
oea_test_393,0.8571428571428571,0.8,True,completed,6,False,418.90321922302246,ExperienceEvo
oea_test_473,1.0,0.7692307692307693,True,completed,8,False,462.493581533432,ExperienceEvo
oea_test_579,0.75,0.8000000000000002,True,completed,5,False,320.3760426044464,ExperienceEvo
oea_test_735,1.0,1.0,True,completed,4,False,279.13247656822205,ExperienceEvo
oea_test_140,0.6666666666666666,0.6,True,completed,6,False,344.63397431373596,ExperienceEvo
oea_test_459,1.0,1.0,True,completed,4,False,281.706223487854,ExperienceEvo
oea_test_1045,1.0,1.0,True,completed,6,False,382.38513016700745,ExperienceEvo
oea_test_530,0.8571428571428571,0.888888888888889,True,completed,5,False,294.2890520095825,ExperienceEvo
oea_test_494,0.3333333333333333,0.2,True,completed,7,False,472.99849462509155,ExperienceEvo
oea_test_851,0.7499999999999999,0.5,True,completed,12,True,829.3016109466553,ExperienceEvo
oea_test_1071,0.888888888888889,0.9090909090909091,True,completed,5,False,293.30227303504944,ExperienceEvo
oea_test_184,1.0,1.0,True,completed,4,False,218.99107098579407,ExperienceEvo
oea_test_1090,1.0,1.0,True,completed,2,False,57.9861478805542,ExperienceEvo
oea_test_430,1.0,1.0,True,completed,4,False,293.2909162044525,ExperienceEvo
oea_test_1009,0.8571428571428571,0.888888888888889,True,completed,5,False,286.7737567424774,ExperienceEvo
oea_test_334,0.8000000000000002,0.47619047619047616,False,failed,15,True,1268.5470232963562,ExperienceEvo
oea_test_1118,0.5,0.5,True,completed,1,False,37.87085199356079,ExperienceEvo
oea_test_617,0.5,0.4444444444444444,True,completed,3,False,99.80912184715271,ExperienceEvo
oea_test_456,0.20000000000000004,0.14285714285714285,True,completed,9,False,515.3440623283386,ExperienceEvo
oea_test_587,1.0,1.0,True,completed,2,False,135.71531629562378,ExperienceEvo
oea_test_519,0.7499999999999999,0.8,True,completed,6,True,288.18200159072876,ExperienceEvo
oea_test_1022,1.0,1.0,True,completed,4,False,267.25194239616394,ExperienceEvo
oea_test_426,0.0,0.0,False,completed,4,False,265.32659363746643,ExperienceEvo
oea_test_110,1.0,0.8,True,completed,2,False,187.4786868095398,ExperienceEvo
oea_test_218,1.0,1.0,True,completed,4,False,282.0894064903259,ExperienceEvo
oea_test_227,0.5,0.1904761904761905,True,completed,12,False,727.7732288837433,ExperienceEvo
oea_test_50,0.0,0.0,False,completed,4,False,347.94813346862793,ExperienceEvo
oea_test_282,0.7499999999999999,0.8,True,completed,6,False,392.3473103046417,ExperienceEvo
oea_test_733,0.75,0.8000000000000002,True,completed,5,False,298.5335907936096,ExperienceEvo
oea_test_754,0.7499999999999999,0.5,True,completed,9,False,212.39744663238525,ExperienceEvo
oea_test_750,0.28571428571428575,0.25,True,completed,5,False,120.54037809371948,ExperienceEvo
oea_test_916,0.8571428571428571,0.8,True,completed,6,True,368.34219884872437,ExperienceEvo
oea_test_742,0.0,0.0,False,completed,1,False,38.41240954399109,ExperienceEvo
oea_test_509,0.4,0.4,True,completed,2,False,141.3192970752716,ExperienceEvo
oea_test_504,1.0,1.0,True,completed,4,False,264.20149660110474,ExperienceEvo
oea_test_129,0.0,0.0,False,completed,1,False,64.96438360214233,ExperienceEvo
oea_test_286,0.4,0.4,True,completed,3,False,224.716313123703,ExperienceEvo
oea_test_661,0.5,0.4,True,completed,3,False,72.4751284122467,ExperienceEvo
oea_test_634,1.0,1.0,True,completed,4,False,227.15775275230408,ExperienceEvo
oea_test_798,0.3333333333333333,0.22222222222222224,True,completed,5,False,167.23825883865356,ExperienceEvo
oea_test_648,0.5,0.3333333333333333,True,completed,6,False,125.66392683982849,ExperienceEvo
oea_test_88,1.0,1.0,True,completed,4,False,225.4647982120514,ExperienceEvo
oea_test_1168,0.8571428571428571,0.888888888888889,True,completed,4,False,250.77023482322693,ExperienceEvo
oea_test_954,0.8571428571428571,0.888888888888889,True,completed,5,False,319.23468589782715,ExperienceEvo
oea_test_276,1.0,1.0,True,completed,4,False,279.6237530708313,ExperienceEvo
oea_test_669,1.0,1.0,True,completed,4,False,274.9564883708954,ExperienceEvo
oea_test_621,0.8571428571428571,0.888888888888889,True,completed,5,False,310.9155013561249,ExperienceEvo
oea_test_1100,0.75,0.8000000000000002,True,completed,5,False,332.4690098762512,ExperienceEvo
oea_test_902,1.0,0.6666666666666666,True,completed,4,False,110.07853841781616,ExperienceEvo
oea_test_535,1.0,1.0,True,completed,5,False,313.1496624946594,ExperienceEvo
oea_test_60,1.0,1.0,True,completed,3,False,188.76986265182495,ExperienceEvo
oea_test_614,0.5,0.36363636363636365,True,completed,8,False,217.58539819717407,ExperienceEvo
oea_test_367,1.0,1.0,True,completed,4,False,278.7510380744934,ExperienceEvo
oea_test_1004,1.0,1.0,True,completed,4,False,281.645738363266,ExperienceEvo
oea_test_93,0.0,0.0,False,completed,5,True,300.8069088459015,ExperienceEvo
oea_test_47,1.0,1.0,True,completed,4,False,226.1265721321106,ExperienceEvo
oea_test_487,1.0,1.0,True,completed,4,False,263.030065536499,ExperienceEvo
oea_test_892,1.0,1.0,True,completed,4,False,220.6902894973755,ExperienceEvo
oea_test_368,0.8571428571428571,0.888888888888889,True,completed,5,False,310.3151259422302,ExperienceEvo
oea_test_769,0.0,0.0,False,completed,1,False,52.14117360115051,ExperienceEvo
oea_test_162,1.0,1.0,True,completed,4,False,270.5200514793396,ExperienceEvo
oea_test_452,1.0,1.0,True,completed,3,False,165.69015407562256,ExperienceEvo
oea_test_354,0.0,0.0,False,completed,1,False,86.3327260017395,ExperienceEvo
oea_test_992,1.0,1.0,True,completed,4,False,431.7873103618622,ExperienceEvo
oea_test_921,0.8571428571428571,0.888888888888889,True,completed,5,False,322.07407999038696,ExperienceEvo
oea_test_305,0.8,0.888888888888889,True,completed,5,False,284.0437443256378,ExperienceEvo
oea_test_1070,0.4,0.3333333333333333,True,completed,2,False,59.917433738708496,ExperienceEvo
oea_test_111,1.0,1.0,True,completed,4,False,278.05214500427246,ExperienceEvo
oea_test_422,1.0,1.0,True,completed,4,False,217.95343017578125,ExperienceEvo
oea_test_676,0.8571428571428571,0.6153846153846153,True,completed,9,True,740.3529889583588,ExperienceEvo
oea_test_116,0.5,0.3333333333333333,True,completed,9,False,494.06252121925354,ExperienceEvo
oea_test_945,0.4,0.3333333333333333,True,completed,2,False,62.994006872177124,ExperienceEvo
oea_test_912,0.6666666666666666,0.5714285714285715,True,completed,3,False,95.04721260070801,ExperienceEvo
oea_test_1080,0.8571428571428571,0.8571428571428571,True,completed,4,False,112.05959057807922,ExperienceEvo
oea_test_688,1.0,1.0,True,completed,4,False,236.97865104675293,ExperienceEvo
oea_test_939,0.8571428571428571,0.888888888888889,True,completed,4,False,214.09673690795898,ExperienceEvo
oea_test_853,1.0,1.0,True,completed,4,False,225.85749053955078,ExperienceEvo
oea_test_264,0.4444444444444445,0.2857142857142857,True,completed,12,False,659.6137826442719,ExperienceEvo
oea_test_923,1.0,1.0,True,completed,4,False,288.70290422439575,ExperienceEvo
oea_test_828,0.8571428571428571,0.8,True,completed,6,True,385.33604550361633,ExperienceEvo
oea_test_1116,1.0,1.0,True,completed,4,False,269.98525834083557,ExperienceEvo
oea_test_1027,0.5,0.3809523809523809,False,failed,15,True,756.1137065887451,ExperienceEvo
oea_test_895,0.5,0.28571428571428575,True,completed,12,False,305.3922414779663,ExperienceEvo
oea_test_997,0.75,0.8000000000000002,True,completed,5,False,367.12220287323,ExperienceEvo
oea_test_21,1.0,1.0,True,completed,4,False,154.36611342430115,ExperienceEvo
oea_test_467,0.75,0.7272727272727272,True,completed,6,True,364.67370343208313,ExperienceEvo
oea_test_270,1.0,1.0,True,completed,4,False,274.50438022613525,ExperienceEvo
oea_test_427,0.28571428571428575,0.09523809523809522,False,failed,15,False,844.2361304759979,ExperienceEvo
oea_test_312,1.0,1.0,True,completed,4,False,261.7783544063568,ExperienceEvo
oea_test_224,0.3333333333333333,0.25,True,completed,4,False,238.9538595676422,ExperienceEvo
oea_test_1011,1.0,1.0,True,completed,4,False,242.6986689567566,ExperienceEvo
oea_test_1077,0.8,0.8,True,completed,3,False,80.35385155677795,ExperienceEvo
oea_test_846,0.8,0.8,True,completed,2,False,61.20169734954834,ExperienceEvo
oea_test_794,1.0,1.0,True,completed,3,False,230.77944326400757,ExperienceEvo
oea_test_1145,0.0,0.0,False,completed,1,False,34.46871876716614,ExperienceEvo
oea_test_208,1.0,1.0,True,completed,2,False,137.58088183403015,ExperienceEvo
oea_test_386,1.0,1.0,True,completed,4,False,231.07956433296204,ExperienceEvo
oea_test_147,1.0,1.0,True,completed,4,False,296.3931369781494,ExperienceEvo
oea_test_418,1.0,1.0,True,completed,2,False,150.17516946792603,ExperienceEvo
oea_test_659,0.75,0.8000000000000002,True,completed,5,False,305.3581404685974,ExperienceEvo
oea_test_243,1.0,0.7272727272727273,True,completed,7,True,402.56061816215515,ExperienceEvo
oea_test_972,1.0,1.0,True,completed,4,False,282.7683811187744,ExperienceEvo
oea_test_462,0.8571428571428571,0.888888888888889,True,completed,5,False,301.591614484787,ExperienceEvo
oea_test_711,0.0,0.0,False,completed,4,False,248.9107265472412,ExperienceEvo
oea_test_49,0.8571428571428571,0.888888888888889,True,completed,5,False,210.91908884048462,ExperienceEvo
oea_test_800,0.8571428571428571,0.888888888888889,True,completed,5,False,230.62946200370789,ExperienceEvo
oea_test_496,0.5,0.5,True,completed,5,False,440.4562644958496,ExperienceEvo
oea_test_234,0.888888888888889,0.9090909090909091,True,completed,6,False,373.8979923725128,ExperienceEvo
oea_test_237,1.0,1.0,True,completed,4,False,273.2617883682251,ExperienceEvo
oea_test_788,1.0,1.0,True,completed,4,False,284.6754159927368,ExperienceEvo
oea_test_1086,0.8,0.8,True,completed,3,False,78.52751541137695,ExperienceEvo
oea_test_457,1.0,1.0,True,completed,4,False,252.06919813156128,ExperienceEvo
oea_test_869,0.8,0.8,True,completed,3,False,89.16433072090149,ExperienceEvo
oea_test_13,0.5714285714285715,0.4444444444444444,True,completed,12,True,839.3746409416199,ExperienceEvo
oea_test_206,1.0,1.0,True,completed,4,False,276.14998269081116,ExperienceEvo
oea_test_1121,0.75,0.8000000000000002,True,completed,5,False,317.0524003505707,ExperienceEvo
oea_test_71,1.0,1.0,True,completed,2,False,123.32354283332825,ExperienceEvo
oea_test_281,0.8571428571428571,0.888888888888889,True,completed,5,False,283.8937842845917,ExperienceEvo
oea_test_894,1.0,1.0,True,completed,4,False,236.6227252483368,ExperienceEvo
oea_test_540,0.6666666666666666,0.6666666666666666,True,completed,1,False,77.90335536003113,ExperienceEvo
oea_test_434,1.0,1.0,True,completed,2,False,120.84863257408142,ExperienceEvo
oea_test_119,1.0,1.0,True,completed,4,False,279.3664360046387,ExperienceEvo
oea_test_526,0.25,0.2,True,completed,6,False,287.7837464809418,ExperienceEvo
oea_test_1053,0.5,0.3333333333333333,True,completed,2,False,38.02949094772339,ExperienceEvo
oea_test_639,0.7499999999999999,0.75,True,completed,8,False,194.36117362976074,ExperienceEvo
oea_test_666,1.0,0.888888888888889,True,completed,5,True,313.5200057029724,ExperienceEvo
oea_test_176,0.75,0.8000000000000002,True,completed,5,False,324.6444914340973,ExperienceEvo
oea_test_204,0.8571428571428571,0.888888888888889,True,completed,5,False,319.33814549446106,ExperienceEvo
oea_test_815,0.6666666666666666,0.6666666666666666,True,completed,1,False,32.097588777542114,ExperienceEvo
oea_test_803,0.75,0.8000000000000002,True,completed,5,False,346.9876444339752,ExperienceEvo
oea_test_626,1.0,1.0,True,completed,4,False,255.47549700737,ExperienceEvo
oea_test_440,0.8571428571428571,0.5454545454545454,True,completed,5,False,237.1809642314911,ExperienceEvo
oea_test_699,0.8571428571428571,0.7272727272727273,True,completed,7,True,421.42052483558655,ExperienceEvo
oea_test_1083,0.5,0.5,True,completed,2,False,112.89321303367615,ExperienceEvo
oea_test_662,0.25,0.26666666666666666,True,completed,8,False,266.5889370441437,ExperienceEvo
oea_test_144,0.8,0.7272727272727273,True,completed,7,False,359.20750999450684,ExperienceEvo
oea_test_668,1.0,1.0,True,completed,6,False,381.07770586013794,ExperienceEvo
oea_test_837,0.25,0.1111111111111111,False,failed,15,False,631.6149759292603,ExperienceEvo
oea_test_86,0.5714285714285715,0.3636363636363636,True,completed,9,False,473.67216181755066,ExperienceEvo
oea_test_715,0.75,0.8000000000000002,True,completed,5,False,324.1460690498352,ExperienceEvo
oea_test_658,0.8571428571428571,0.7272727272727273,True,completed,7,True,396.850510597229,ExperienceEvo
oea_test_171,0.8571428571428571,0.888888888888889,True,completed,5,False,338.7980751991272,ExperienceEvo
oea_test_395,1.0,0.8,True,completed,2,False,137.7080352306366,ExperienceEvo
oea_test_903,0.5,0.28571428571428575,True,completed,2,False,83.20455551147461,ExperienceEvo
oea_test_806,1.0,1.0,True,completed,4,False,279.10750365257263,ExperienceEvo
oea_test_968,0.5,0.30769230769230765,True,completed,9,False,215.33667063713074,ExperienceEvo
oea_test_745,0.6666666666666666,0.4444444444444444,True,completed,3,False,83.91274118423462,ExperienceEvo
oea_test_1006,0.5,0.30769230769230765,True,completed,6,False,163.44616079330444,ExperienceEvo
oea_test_608,1.0,1.0,True,completed,4,False,210.27477622032166,ExperienceEvo
oea_test_704,1.0,0.6666666666666666,True,completed,3,False,79.23020577430725,ExperienceEvo
oea_test_741,1.0,1.0,True,completed,3,False,76.19335699081421,ExperienceEvo
oea_test_154,1.0,1.0,True,completed,2,False,137.4135022163391,ExperienceEvo
oea_test_1067,1.0,1.0,True,completed,4,False,260.70290517807007,ExperienceEvo
oea_test_633,1.0,1.0,True,completed,4,False,226.34849405288696,ExperienceEvo
oea_test_1029,1.0,1.0,True,completed,4,False,227.7593653202057,ExperienceEvo
oea_test_1052,0.8571428571428571,0.888888888888889,True,completed,5,False,346.2311131954193,ExperienceEvo
oea_test_45,0.4,0.22222222222222224,True,completed,2,False,112.57078838348389,ExperienceEvo
oea_test_252,1.0,1.0,True,completed,4,False,268.85184121131897,ExperienceEvo
oea_test_607,0.6666666666666666,0.6666666666666666,True,completed,8,False,177.8819980621338,ExperienceEvo
oea_test_777,1.0,0.888888888888889,True,completed,5,True,316.089706659317,ExperienceEvo
oea_test_713,0.0,0.0,False,completed,1,False,38.025229692459106,ExperienceEvo
oea_test_472,0.6,0.47619047619047616,False,failed,15,True,960.1691734790802,ExperienceEvo
oea_test_866,1.0,0.6666666666666666,True,completed,12,True,634.0301265716553,ExperienceEvo
oea_test_40,0.8571428571428571,0.888888888888889,True,completed,5,False,244.90170311927795,ExperienceEvo
oea_test_213,0.3333333333333333,0.15384615384615385,True,completed,11,False,506.002343416214,ExperienceEvo
oea_test_795,0.8571428571428571,0.6666666666666666,True,completed,8,True,566.1118159294128,ExperienceEvo
oea_test_786,0.8571428571428571,0.888888888888889,True,completed,5,False,339.93655252456665,ExperienceEvo
oea_test_62,0.0,0.0,False,completed,1,False,88.9282295703888,ExperienceEvo
oea_test_332,0.8571428571428571,0.888888888888889,True,completed,5,False,257.7012298107147,ExperienceEvo
oea_test_985,1.0,1.0,True,completed,4,False,308.6496796607971,ExperienceEvo
oea_test_789,0.5,0.5,True,completed,2,False,56.820332050323486,ExperienceEvo
oea_test_327,0.8571428571428571,0.888888888888889,True,completed,5,False,278.3307189941406,ExperienceEvo
oea_test_700,1.0,1.0,True,completed,5,False,340.4509837627411,ExperienceEvo
oea_test_969,0.8571428571428571,0.888888888888889,True,completed,5,False,347.2856078147888,ExperienceEvo
oea_test_1091,1.0,1.0,True,completed,2,False,57.50296974182129,ExperienceEvo
oea_test_466,0.4,0.3333333333333333,True,completed,4,False,239.01925349235535,ExperienceEvo
oea_test_325,1.0,1.0,True,completed,5,False,283.2089424133301,ExperienceEvo
oea_test_802,1.0,1.0,True,completed,4,False,325.88187313079834,ExperienceEvo
oea_test_770,0.8,0.8571428571428571,True,completed,4,False,97.25770998001099,ExperienceEvo
oea_test_291,0.888888888888889,0.9090909090909091,True,completed,5,False,306.52040457725525,ExperienceEvo
oea_test_562,1.0,1.0,True,completed,4,False,235.72693538665771,ExperienceEvo
oea_test_549,0.8571428571428571,0.888888888888889,True,completed,5,False,467.5459620952606,ExperienceEvo
oea_test_233,1.0,1.0,True,completed,5,False,310.05331778526306,ExperienceEvo
oea_test_850,0.8,0.8,True,completed,3,False,81.88735055923462,ExperienceEvo
oea_test_331,0.7499999999999999,0.8,True,completed,6,False,393.9838547706604,ExperienceEvo
oea_test_696,0.8571428571428571,0.888888888888889,True,completed,5,False,288.52330684661865,ExperienceEvo
oea_test_289,0.8,0.9090909090909091,True,completed,6,False,330.4252824783325,ExperienceEvo
oea_test_672,1.0,1.0,True,completed,3,False,71.05881786346436,ExperienceEvo
oea_test_981,1.0,1.0,True,completed,4,False,271.3228096961975,ExperienceEvo
oea_test_690,0.3333333333333333,0.1,False,failed,14,False,306.3326337337494,ExperienceEvo
oea_test_523,1.0,1.0,True,completed,5,False,364.3027684688568,ExperienceEvo
oea_test_437,0.0,0.0,False,completed,2,False,131.5586121082306,ExperienceEvo
oea_test_448,0.8571428571428571,0.8333333333333334,True,completed,6,False,381.1774654388428,ExperienceEvo
oea_test_842,1.0,1.0,True,completed,4,False,222.3730273246765,ExperienceEvo
oea_test_69,1.0,1.0,True,completed,4,False,234.37814092636108,ExperienceEvo
oea_test_32,0.25,0.1111111111111111,False,failed,15,False,581.6104109287262,ExperienceEvo
oea_test_843,0.8,0.8,True,completed,3,False,77.5069830417633,ExperienceEvo
oea_test_651,0.5454545454545454,0.5263157894736842,True,completed,12,False,354.6826333999634,ExperienceEvo
oea_test_322,0.8571428571428571,0.8,True,completed,6,False,281.6074278354645,ExperienceEvo
oea_test_1119,0.8571428571428571,0.888888888888889,True,completed,5,False,324.77633786201477,ExperienceEvo
oea_test_520,0.4,0.28571428571428575,True,completed,3,False,231.92872428894043,ExperienceEvo
oea_test_498,1.0,1.0,True,completed,4,False,247.58879160881042,ExperienceEvo
oea_test_791,0.8571428571428571,0.888888888888889,True,completed,5,False,287.54377579689026,ExperienceEvo
oea_test_766,1.0,1.0,True,completed,4,False,305.67776441574097,ExperienceEvo
oea_test_412,1.0,0.888888888888889,True,completed,5,True,329.87255358695984,ExperienceEvo
oea_test_285,1.0,1.0,True,completed,5,False,324.1291916370392,ExperienceEvo
oea_test_893,0.7499999999999999,0.8,True,completed,6,False,324.5217800140381,ExperienceEvo
oea_test_385,1.0,1.0,True,completed,4,False,206.9276728630066,ExperienceEvo
oea_test_1031,1.0,1.0,True,completed,2,False,56.13160705566406,ExperienceEvo
oea_test_446,0.0,0.0,False,failed,15,True,904.1709480285645,ExperienceEvo
oea_test_238,0.5,0.2,True,completed,4,False,117.09763407707214,Reflection
oea_test_1082,0.8571428571428571,0.888888888888889,True,completed,5,False,44.98112940788269,Reflection
oea_test_153,0.28571428571428575,0.18181818181818182,True,completed,7,False,142.77949047088623,Reflection
oea_test_862,0.0,0.0,False,completed,3,False,29.55937623977661,Reflection
oea_test_1139,1.0,1.0,True,completed,4,False,69.13386988639832,Reflection
oea_test_538,1.0,1.0,True,completed,4,False,74.48400235176086,Reflection
oea_test_337,0.5,0.4,True,completed,2,False,14.81144642829895,Reflection
oea_test_627,0.75,0.8000000000000002,True,completed,5,False,77.6804141998291,Reflection
oea_test_479,1.0,1.0,True,completed,3,False,153.42849564552307,Reflection
oea_test_215,0.8571428571428571,0.888888888888889,True,completed,5,False,86.72788333892822,Reflection
oea_test_959,0.8,0.8,True,completed,3,False,23.115774154663086,Reflection
oea_test_497,0.8571428571428571,0.8,True,completed,6,True,283.36361265182495,Reflection
oea_test_674,0.6666666666666666,0.8,True,completed,2,False,20.65270495414734,Reflection
oea_test_439,0.8571428571428571,0.888888888888889,True,completed,5,False,82.24364042282104,Reflection
oea_test_1057,1.0,0.888888888888889,True,completed,5,True,80.15314245223999,Reflection
oea_test_647,0.8571428571428571,0.888888888888889,True,completed,5,False,52.20032000541687,Reflection
oea_test_1146,1.0,1.0,True,completed,4,False,33.31236982345581,Reflection
oea_test_79,0.3333333333333333,0.08695652173913045,False,failed,15,False,492.5222272872925,Reflection
oea_test_1000,0.6666666666666666,0.6666666666666665,True,completed,5,False,42.77546834945679,Reflection
oea_test_986,0.4,0.5714285714285715,True,completed,4,False,36.24471139907837,Reflection
oea_test_1123,1.0,0.888888888888889,True,completed,5,False,99.432293176651,Reflection
oea_test_631,0.4444444444444445,0.2666666666666667,True,completed,13,False,195.49338912963867,Reflection
oea_test_646,1.0,1.0,True,completed,4,False,80.75838780403137,Reflection
oea_test_845,1.0,1.0,True,completed,4,False,80.99889969825745,Reflection
oea_test_390,0.8571428571428571,0.47058823529411764,True,completed,13,True,857.9507865905762,Reflection
oea_test_377,0.8333333333333333,0.631578947368421,True,completed,13,False,142.45648765563965,Reflection
oea_test_404,0.8571428571428571,0.888888888888889,True,completed,5,False,48.90449285507202,Reflection
oea_test_191,0.4,0.22222222222222224,True,completed,7,False,149.88847661018372,Reflection
oea_test_998,0.6666666666666666,0.31578947368421056,False,failed,15,True,470.5247938632965,Reflection
oea_test_888,0.4,0.36363636363636365,True,completed,3,False,18.95784616470337,Reflection
oea_test_489,0.5,0.28571428571428575,True,completed,4,False,98.3079948425293,Reflection
oea_test_485,0.8571428571428571,0.8,True,completed,6,False,98.47185325622559,Reflection
oea_test_950,0.4,0.28571428571428575,True,completed,3,False,22.826687812805176,Reflection
oea_test_927,0.6666666666666665,0.7272727272727272,True,completed,6,False,96.45082783699036,Reflection
oea_test_125,1.0,1.0,True,completed,4,False,43.85828256607056,Reflection
oea_test_809,0.8,0.7272727272727273,True,completed,7,False,106.5265371799469,Reflection
oea_test_387,0.6666666666666666,0.5,True,completed,5,False,119.97145628929138,Reflection
oea_test_351,0.888888888888889,0.9090909090909091,True,completed,5,False,95.7154107093811,Reflection
oea_test_988,0.8571428571428571,0.888888888888889,True,completed,5,False,85.12259101867676,Reflection
oea_test_27,0.8571428571428571,0.888888888888889,True,completed,5,False,41.386642932891846,Reflection
oea_test_890,0.8571428571428571,0.888888888888889,True,completed,5,False,40.313512086868286,Reflection
oea_test_512,1.0,1.0,True,completed,4,False,77.20555806159973,Reflection
oea_test_424,1.0,0.9090909090909091,True,completed,6,False,103.46021270751953,Reflection
oea_test_1008,0.3333333333333333,0.2,True,completed,6,False,44.892343282699585,Reflection
oea_test_1125,0.5714285714285715,0.4,True,completed,7,False,185.01976680755615,Reflection
oea_test_1149,0.6666666666666666,0.5,False,failed,15,True,883.1470696926117,Reflection
oea_test_80,0.8571428571428571,0.888888888888889,True,completed,5,False,92.07942795753479,Reflection
oea_test_1084,0.8,0.5454545454545454,True,completed,3,False,27.466973304748535,Reflection
oea_test_388,0.8,0.5714285714285715,True,completed,4,False,22.199830770492554,Reflection
oea_test_914,0.28571428571428575,0.3636363636363636,True,completed,6,False,80.98874592781067,Reflection
oea_test_554,0.8,0.7272727272727273,True,completed,4,False,22.353630781173706,Reflection
oea_test_1021,0.5,0.30769230769230765,True,completed,10,False,149.31602835655212,Reflection
oea_test_629,0.3333333333333333,0.15384615384615385,True,completed,11,False,223.19988775253296,Reflection
oea_test_595,0.7499999999999999,0.8,True,completed,6,False,88.47554922103882,Reflection
oea_test_1144,0.7499999999999999,0.8,True,completed,6,False,97.17178583145142,Reflection
oea_test_544,0.5714285714285715,0.3636363636363636,True,completed,5,False,238.5514063835144,Reflection
oea_test_261,0.8571428571428571,0.888888888888889,True,completed,5,False,79.5327537059784,Reflection
oea_test_87,0.3333333333333333,0.25,True,completed,6,False,253.5911147594452,Reflection
oea_test_1072,0.8571428571428571,0.888888888888889,True,completed,5,False,92.05608987808228,Reflection
oea_test_604,0.8571428571428571,0.7272727272727273,True,completed,7,True,565.8302590847015,Reflection
oea_test_826,0.8571428571428571,0.888888888888889,True,completed,5,False,83.27943158149719,Reflection
oea_test_461,0.4,0.2,True,completed,6,False,34.90072727203369,Reflection
oea_test_362,0.7499999999999999,0.8,False,empty_final,6,False,80.4978084564209,Reflection
oea_test_951,0.7499999999999999,0.8,True,completed,6,False,91.01953625679016,Reflection
oea_test_447,0.7499999999999999,0.8,True,completed,6,False,95.63752627372742,Reflection
oea_test_123,0.6666666666666666,0.5714285714285715,True,completed,4,False,26.563584566116333,Reflection
oea_test_624,0.6666666666666666,0.8,True,completed,2,False,17.933955907821655,Reflection
oea_test_155,0.5,0.4,True,completed,3,False,17.76613998413086,Reflection
oea_test_819,0.4,0.23529411764705882,False,failed,15,False,188.74793124198914,Reflection
oea_test_26,0.8571428571428571,0.888888888888889,True,completed,5,False,43.12895846366882,Reflection
oea_test_1015,0.4,0.2,True,completed,7,False,193.25008869171143,Reflection
oea_test_656,0.8571428571428571,0.888888888888889,True,completed,5,False,50.455466508865356,Reflection
oea_test_210,0.7499999999999999,0.8,True,completed,6,False,92.1029212474823,Reflection
oea_test_955,0.3333333333333333,0.28571428571428575,True,completed,4,False,79.03147006034851,Reflection
oea_test_1129,0.7499999999999999,0.8,True,completed,6,False,81.01381468772888,Reflection
oea_test_166,0.6666666666666666,0.7692307692307693,True,completed,8,False,196.86658263206482,Reflection
oea_test_500,1.0,1.0,True,completed,5,False,57.5986328125,Reflection
oea_test_1018,0.5714285714285715,0.36363636363636365,True,completed,4,False,50.261178970336914,Reflection
oea_test_1081,0.8571428571428571,0.888888888888889,True,completed,5,False,48.397478103637695,Reflection
oea_test_126,1.0,1.0,True,completed,4,False,72.11834764480591,Reflection
oea_test_491,1.0,1.0,True,completed,5,False,78.32299494743347,Reflection
oea_test_720,0.8571428571428571,0.888888888888889,True,completed,5,False,146.31728053092957,Reflection
oea_test_428,0.5,0.5,True,completed,5,False,62.316619634628296,Reflection
oea_test_663,1.0,1.0,True,completed,6,False,90.63891959190369,Reflection
oea_test_301,1.0,1.0,True,completed,4,False,73.14003801345825,Reflection
oea_test_22,0.8571428571428571,0.888888888888889,True,completed,5,False,76.54338669776917,Reflection
oea_test_999,0.4,0.4,True,completed,1,False,16.12455463409424,Reflection
oea_test_731,1.0,0.6666666666666666,True,completed,4,False,191.15476202964783,Reflection
oea_test_753,0.28571428571428575,0.16666666666666666,True,completed,9,False,85.27503943443298,Reflection
oea_test_885,1.0,0.6666666666666666,True,completed,3,False,17.442569255828857,Reflection
oea_test_781,0.7499999999999999,0.8,True,completed,6,False,93.37688755989075,Reflection
oea_test_691,0.8571428571428571,0.888888888888889,True,completed,5,False,80.24318480491638,Reflection
oea_test_365,1.0,0.33333333333333337,False,failed,15,False,490.4025776386261,Reflection
oea_test_474,0.8,0.5,True,completed,9,False,51.55650854110718,Reflection
oea_test_1157,0.8571428571428571,0.888888888888889,True,completed,5,False,85.95418810844421,Reflection
oea_test_192,0.6,0.28571428571428575,False,failed,15,True,1292.3248794078827,Reflection
oea_test_164,0.75,0.8000000000000002,True,completed,5,False,74.6343846321106,Reflection
oea_test_592,0.3333333333333333,0.18181818181818182,True,completed,4,False,31.140309810638428,Reflection
oea_test_1085,1.0,1.0,True,completed,4,False,72.51856637001038,Reflection
oea_test_757,0.7499999999999999,0.8,True,completed,6,False,91.75804400444031,Reflection
oea_test_618,0.5714285714285715,0.6666666666666665,True,completed,5,False,91.68065428733826,Reflection
oea_test_836,0.8,0.5714285714285715,True,completed,2,False,11.690402507781982,Reflection
oea_test_1026,0.7499999999999999,0.8,True,completed,6,False,102.33029127120972,Reflection
oea_test_364,0.5714285714285715,0.36363636363636365,True,completed,8,False,321.1866192817688,Reflection
oea_test_293,0.8571428571428571,0.888888888888889,True,completed,5,False,48.24244666099548,Reflection
oea_test_591,0.8571428571428571,0.888888888888889,True,completed,5,False,82.1259925365448,Reflection
oea_test_445,0.8571428571428571,0.8571428571428571,True,completed,4,False,26.144429206848145,Reflection
oea_test_810,0.7499999999999999,0.5714285714285715,True,completed,10,True,657.0791006088257,Reflection
oea_test_269,0.5714285714285715,0.4444444444444444,True,completed,6,False,131.44596934318542,Reflection
oea_test_566,0.28571428571428575,0.18181818181818182,True,completed,4,False,54.3970468044281,Reflection
oea_test_263,0.8571428571428571,0.6153846153846153,True,completed,9,True,109.59101986885071,Reflection
oea_test_134,0.8571428571428571,0.888888888888889,True,completed,5,False,78.47219347953796,Reflection
oea_test_396,1.0,0.5714285714285715,True,completed,2,False,27.964776039123535,Reflection
oea_test_1032,0.6666666666666666,0.4,True,completed,4,False,88.23090076446533,Reflection
oea_test_793,1.0,0.888888888888889,True,completed,5,True,82.54221630096436,Reflection
oea_test_478,0.75,0.8000000000000002,True,completed,5,False,46.737526178359985,Reflection
oea_test_925,1.0,0.8,True,completed,2,False,17.690913915634155,Reflection
oea_test_382,0.4,0.1818181818181818,True,completed,9,True,71.09416723251343,Reflection
oea_test_308,1.0,1.0,True,completed,4,False,74.05560851097107,Reflection
oea_test_54,0.5,0.2,True,completed,8,False,134.8232707977295,Reflection
oea_test_570,0.8571428571428571,0.888888888888889,True,completed,5,False,84.9382381439209,Reflection
oea_test_891,0.8571428571428571,0.888888888888889,True,completed,4,False,48.813353300094604,Reflection
oea_test_776,1.0,1.0,True,completed,3,False,49.08744502067566,Reflection
oea_test_75,0.5,0.46153846153846156,True,completed,9,False,85.81097078323364,Reflection
oea_test_145,0.75,0.8000000000000002,True,completed,5,False,79.90043139457703,Reflection
oea_test_288,0.0,0.0,False,completed,4,False,75.94937562942505,Reflection
oea_test_407,1.0,1.0,True,completed,4,False,80.85470342636108,Reflection
oea_test_316,1.0,0.6666666666666666,True,completed,8,True,91.4381628036499,Reflection
oea_test_1089,0.4,0.3333333333333333,True,completed,3,False,18.939971685409546,Reflection
oea_test_259,0.8571428571428571,0.888888888888889,True,completed,5,False,49.73847246170044,Reflection
oea_test_1166,0.5714285714285715,0.2857142857142857,True,completed,12,False,226.28989052772522,Reflection
oea_test_1033,0.8571428571428571,0.888888888888889,True,completed,5,False,96.18302178382874,Reflection
oea_test_1042,1.0,1.0,True,completed,5,False,91.47370743751526,Reflection
oea_test_1099,1.0,1.0,True,completed,7,False,63.03132629394531,Reflection
oea_test_1130,0.5714285714285715,0.2222222222222222,False,failed,15,False,261.5056223869324,Reflection
oea_test_913,0.7499999999999999,0.8,True,completed,6,True,92.7574360370636,Reflection
oea_test_693,0.7499999999999999,0.8,True,completed,6,False,93.84016394615173,Reflection
oea_test_163,0.8571428571428571,0.888888888888889,True,completed,5,False,44.723379611968994,Reflection
oea_test_761,0.75,0.8000000000000002,True,completed,5,False,38.73246192932129,Reflection
oea_test_948,0.0,0.0,False,completed,1,False,11.29644513130188,Reflection
oea_test_1103,0.75,0.8000000000000002,True,completed,5,False,35.74054789543152,Reflection
oea_test_16,1.0,1.0,True,completed,2,False,14.580991506576538,Reflection
oea_test_158,0.8571428571428571,0.888888888888889,True,completed,5,False,89.09445261955261,Reflection
oea_test_104,0.0,0.0,False,completed,1,False,35.5399808883667,Reflection
oea_test_296,1.0,1.0,True,completed,5,False,46.63203954696655,Reflection
oea_test_563,0.8571428571428571,0.888888888888889,True,completed,5,False,92.34435749053955,Reflection
oea_test_529,0.8,0.3076923076923077,True,completed,2,False,66.56789064407349,Reflection
oea_test_857,0.5714285714285715,0.3636363636363636,True,completed,6,False,42.20894527435303,Reflection
oea_test_654,1.0,1.0,True,completed,7,False,67.50386929512024,Reflection
oea_test_598,0.4,0.28571428571428575,True,completed,5,False,26.883460998535156,Reflection
oea_test_1050,0.8571428571428571,0.888888888888889,True,completed,5,False,87.97161436080933,Reflection
oea_test_242,0.4444444444444445,0.3076923076923077,True,completed,11,False,137.88994574546814,Reflection
oea_test_522,1.0,1.0,True,completed,4,False,67.69086384773254,Reflection
oea_test_1030,0.0,0.0,False,completed,1,False,19.483372449874878,Reflection
oea_test_719,0.75,0.8000000000000002,True,completed,5,False,98.35207891464233,Reflection
oea_test_796,0.6666666666666666,0.33333333333333337,True,completed,10,False,333.8103451728821,Reflection
oea_test_470,0.25,0.10526315789473685,False,failed,15,False,190.54530572891235,Reflection
oea_test_115,0.8571428571428571,0.888888888888889,True,completed,5,False,41.95301914215088,Reflection
oea_test_141,0.7499999999999999,0.6666666666666666,True,completed,8,True,96.65713119506836,Reflection
oea_test_94,0.7499999999999999,0.7272727272727273,True,completed,7,False,100.29771900177002,Reflection
oea_test_824,1.0,1.0,True,completed,5,False,93.3658607006073,Reflection
oea_test_673,0.75,0.8000000000000002,True,completed,5,False,94.82965922355652,Reflection
oea_test_245,0.8571428571428571,0.888888888888889,True,completed,5,False,40.23064422607422,Reflection
oea_test_905,0.8571428571428571,0.888888888888889,True,completed,5,False,83.44154238700867,Reflection
oea_test_235,1.0,1.0,True,completed,4,False,77.66035985946655,Reflection
oea_test_635,0.28571428571428575,0.25,True,completed,5,False,103.93974757194519,Reflection
oea_test_987,1.0,1.0,True,completed,2,False,15.005877017974854,Reflection
oea_test_513,0.8571428571428571,0.888888888888889,True,completed,5,False,84.7322850227356,Reflection
oea_test_946,1.0,1.0,True,completed,5,False,97.26658606529236,Reflection
oea_test_1097,0.0,0.0,False,completed,2,False,96.74467277526855,Reflection
oea_test_12,1.0,1.0,True,completed,4,False,73.80023312568665,Reflection
oea_test_855,0.7499999999999999,0.8,True,completed,6,False,99.5481767654419,Reflection
oea_test_361,0.3333333333333333,0.28571428571428575,True,completed,5,False,115.8795120716095,Reflection
oea_test_982,0.7499999999999999,0.6666666666666666,True,completed,8,True,134.31297707557678,Reflection
oea_test_272,0.4,0.25,True,completed,4,False,26.861312866210938,Reflection
oea_test_847,0.8571428571428571,0.888888888888889,True,completed,5,False,47.25574851036072,Reflection
oea_test_67,0.6666666666666666,0.5333333333333333,True,completed,10,False,358.15139174461365,Reflection
oea_test_588,0.28571428571428575,0.10526315789473685,False,failed,15,False,190.41661310195923,Reflection
oea_test_763,0.25,0.11111111111111112,True,completed,8,False,117.40196323394775,Reflection
oea_test_738,0.3333333333333333,0.11764705882352941,True,completed,13,False,319.7748465538025,Reflection
oea_test_1124,0.8571428571428571,0.888888888888889,True,completed,5,False,82.63626027107239,Reflection
oea_test_822,0.75,0.8000000000000002,True,completed,5,False,82.12358260154724,Reflection
oea_test_375,0.7499999999999999,0.8,True,completed,6,False,81.8870906829834,Reflection
oea_test_767,1.0,1.0,True,completed,4,False,87.9335265159607,Reflection
oea_test_1156,0.7499999999999999,0.8,True,completed,6,False,90.83804154396057,Reflection
oea_test_550,0.75,0.8000000000000002,True,completed,5,False,40.02463507652283,Reflection
oea_test_30,1.0,0.8,True,completed,6,True,85.99496984481812,Reflection
oea_test_61,0.8571428571428571,0.7272727272727273,True,completed,7,True,106.1110782623291,Reflection
oea_test_297,1.0,0.8,True,completed,6,True,92.96592593193054,Reflection
oea_test_1003,0.4,0.4,True,completed,2,False,18.276895761489868,Reflection
oea_test_311,0.0,0.0,False,completed,9,False,197.7387523651123,Reflection
oea_test_1056,0.4,0.2,True,completed,7,False,160.6750819683075,Reflection
oea_test_170,0.4,0.4,True,completed,2,False,14.250402927398682,Reflection
oea_test_226,0.75,0.8000000000000002,True,completed,5,False,78.28270030021667,Reflection
oea_test_907,0.5,0.2,True,completed,2,False,45.94949960708618,Reflection
oea_test_363,0.28571428571428575,0.18181818181818182,True,completed,7,False,86.5950620174408,Reflection
oea_test_1016,1.0,1.0,True,completed,4,False,86.32953119277954,Reflection
oea_test_65,0.8571428571428571,0.888888888888889,True,completed,5,False,49.89458179473877,Reflection
oea_test_874,0.6666666666666666,0.7272727272727273,True,completed,7,False,86.59859108924866,Reflection
oea_test_1088,0.8571428571428571,0.888888888888889,True,completed,5,False,95.54679703712463,Reflection
oea_test_121,0.3333333333333333,0.125,True,completed,13,False,299.06929659843445,Reflection
oea_test_825,0.7499999999999999,0.8,True,completed,6,False,115.35713171958923,Reflection
oea_test_195,1.0,0.5333333333333333,True,completed,11,True,108.50774359703064,Reflection
oea_test_1005,0.8,0.8,True,completed,3,False,24.40191411972046,Reflection
oea_test_1140,0.6,0.4545454545454545,False,failed,15,True,820.8437194824219,Reflection
oea_test_774,1.0,1.0,True,completed,4,False,76.19549679756165,Reflection
oea_test_148,0.7499999999999999,0.7272727272727273,True,completed,7,False,93.47428464889526,Reflection
oea_test_1039,0.28571428571428575,0.22222222222222224,True,completed,7,False,79.21253752708435,Reflection
oea_test_728,1.0,1.0,True,completed,4,False,81.85741829872131,Reflection
oea_test_863,0.8571428571428571,0.888888888888889,True,completed,5,False,47.18556213378906,Reflection
oea_test_581,0.5454545454545454,0.36363636363636365,False,failed,15,True,1151.2798075675964,Reflection
oea_test_1095,0.8571428571428571,0.75,True,completed,4,False,50.53610181808472,Reflection
oea_test_965,0.8571428571428571,0.888888888888889,True,completed,5,False,91.08071184158325,Reflection
oea_test_790,0.7499999999999999,0.5,True,completed,12,True,268.45041370391846,Reflection
oea_test_401,0.4,0.11764705882352941,False,failed,15,False,292.4872155189514,Reflection
oea_test_952,1.0,0.6666666666666666,True,completed,8,True,98.91200017929077,Reflection
oea_test_91,0.8571428571428571,0.888888888888889,True,completed,5,False,45.139864921569824,Reflection
oea_test_602,0.25,0.11764705882352941,True,completed,13,False,154.39727926254272,Reflection
oea_test_830,0.5,0.3333333333333333,True,completed,3,False,25.54612135887146,Reflection
oea_test_236,0.5,0.4,True,completed,3,False,50.716724157333374,Reflection
oea_test_514,0.8571428571428571,0.888888888888889,True,completed,5,False,82.1166124343872,Reflection
oea_test_480,0.3333333333333333,0.4,True,completed,7,True,148.97802782058716,Reflection
oea_test_165,0.5,0.5714285714285715,True,completed,4,False,171.54905223846436,Reflection
oea_test_451,0.75,0.8000000000000002,True,completed,5,False,85.48751711845398,Reflection
oea_test_189,0.8,0.8,True,completed,3,False,17.19632863998413,Reflection
oea_test_706,0.7499999999999999,0.8,True,completed,6,False,48.290396213531494,Reflection
oea_test_201,0.5,0.2222222222222222,True,completed,13,True,336.71859788894653,Reflection
oea_test_1120,0.8571428571428571,0.888888888888889,True,completed,5,False,127.09465479850769,Reflection
oea_test_620,0.7499999999999999,0.8,True,completed,6,False,98.09649538993835,Reflection
oea_test_484,0.8,0.5714285714285715,True,completed,5,False,81.35941362380981,Reflection
oea_test_25,0.5714285714285715,0.36363636363636365,True,completed,8,False,122.04872250556946,Reflection
oea_test_558,0.4,0.4,True,completed,3,False,20.64425277709961,Reflection
oea_test_44,0.75,0.8000000000000002,True,completed,5,False,38.76143503189087,Reflection
oea_test_78,0.8571428571428571,0.888888888888889,True,completed,5,False,39.62686109542847,Reflection
oea_test_576,0.75,0.8000000000000002,True,completed,5,False,78.18159055709839,Reflection
oea_test_861,0.0,0.0,False,completed,3,False,24.190067768096924,Reflection
oea_test_567,1.0,0.8,True,completed,6,False,35.86802816390991,Reflection
oea_test_183,0.8571428571428571,0.888888888888889,True,completed,5,False,82.13319778442383,Reflection
oea_test_173,0.8571428571428571,0.888888888888889,True,completed,5,False,123.83872127532959,Reflection
oea_test_963,0.4,0.3333333333333333,True,completed,7,False,83.61283946037292,Reflection
oea_test_996,0.8571428571428571,0.888888888888889,True,completed,5,False,50.697311878204346,Reflection
oea_test_889,0.8571428571428571,0.6666666666666666,True,completed,8,True,132.42199540138245,Reflection
oea_test_193,0.8571428571428571,0.888888888888889,True,completed,5,False,77.63917684555054,Reflection
oea_test_455,0.8571428571428571,0.888888888888889,True,completed,5,False,45.15545105934143,Reflection
oea_test_680,0.5,0.3333333333333333,True,completed,4,False,75.13430595397949,Reflection
oea_test_919,0.8571428571428571,0.5,True,completed,3,False,24.482715606689453,Reflection
oea_test_887,0.28571428571428575,0.1,False,failed,15,False,171.70714259147644,Reflection
oea_test_486,0.7499999999999999,0.8,True,completed,6,False,103.27232646942139,Reflection
oea_test_1122,0.6666666666666666,0.5,True,completed,1,False,11.075129985809326,Reflection
oea_test_689,0.0,0.0,False,completed,5,False,130.73440766334534,Reflection
oea_test_628,0.25,0.14285714285714288,True,completed,10,False,282.34891724586487,Reflection
oea_test_229,0.75,0.8000000000000002,True,completed,5,False,77.08978128433228,Reflection
oea_test_471,0.7499999999999999,0.8,True,completed,6,False,89.03156399726868,Reflection
oea_test_74,1.0,1.0,True,completed,4,False,29.08684730529785,Reflection
oea_test_821,0.6666666666666666,0.4,True,completed,4,False,30.674525499343872,Reflection
oea_test_320,1.0,1.0,True,completed,1,False,10.744420051574707,Reflection
oea_test_419,0.7499999999999999,0.8,True,completed,6,False,152.97303462028503,Reflection
oea_test_605,0.8,0.6666666666666666,True,completed,3,False,19.72565221786499,Reflection
oea_test_573,1.0,1.0,True,completed,4,False,80.24106526374817,Reflection
oea_test_64,1.0,1.0,True,completed,4,False,77.13662719726562,Reflection
oea_test_615,1.0,1.0,True,completed,7,False,75.14118361473083,Reflection
oea_test_1012,0.7499999999999999,0.6666666666666666,True,completed,8,False,128.2656979560852,Reflection
oea_test_200,0.8571428571428571,0.888888888888889,True,completed,5,False,84.50015568733215,Reflection
oea_test_326,0.5,0.28571428571428575,True,completed,2,False,59.70267176628113,Reflection
oea_test_984,0.6666666666666666,0.5714285714285715,True,completed,3,False,33.4872031211853,Reflection
oea_test_594,0.5,0.5,True,completed,2,False,9.507082223892212,Reflection
oea_test_909,0.9090909090909091,0.8571428571428571,True,completed,8,True,68.70837593078613,Reflection
oea_test_175,0.8571428571428571,0.888888888888889,True,completed,5,False,49.917548418045044,Reflection
oea_test_0,0.8571428571428571,0.888888888888889,True,completed,5,False,86.43543028831482,Reflection
oea_test_449,1.0,1.0,True,completed,5,False,79.02088356018066,Reflection
oea_test_53,1.0,0.8571428571428571,True,completed,8,True,117.36126708984375,Reflection
oea_test_1106,0.8,0.5,False,failed,15,True,228.73876929283142,Reflection
oea_test_703,0.6666666666666666,0.47058823529411764,True,completed,13,True,182.61511707305908,Reflection
oea_test_1127,0.4,0.5454545454545454,True,completed,6,False,78.15873408317566,Reflection
oea_test_152,0.6666666666666666,0.8,True,completed,9,False,215.77541708946228,Reflection
oea_test_4,0.8571428571428571,0.888888888888889,True,completed,5,False,42.00802779197693,Reflection
oea_test_1153,0.888888888888889,0.7692307692307692,True,completed,7,True,653.2576847076416,Reflection
oea_test_1087,0.75,0.8000000000000002,True,completed,5,False,87.56437683105469,Reflection
oea_test_807,1.0,1.0,True,completed,5,False,51.40728402137756,Reflection
oea_test_555,0.3333333333333333,0.18181818181818182,True,completed,3,False,32.61317014694214,Reflection
oea_test_113,0.5,0.2105263157894737,False,failed,15,False,491.973432302475,Reflection
oea_test_792,0.3333333333333333,0.2222222222222222,False,failed,15,False,362.0159773826599,Reflection
oea_test_701,0.8571428571428571,0.888888888888889,True,completed,5,False,86.27733373641968,Reflection
oea_test_1142,0.6666666666666666,0.23529411764705882,False,failed,15,False,201.5855164527893,Reflection
oea_test_712,0.7499999999999999,0.8,True,completed,6,False,45.569931983947754,Reflection
oea_test_524,1.0,1.0,True,completed,4,False,78.69446182250977,Reflection
oea_test_180,0.8571428571428571,0.5,True,completed,12,True,363.8336296081543,Reflection
oea_test_56,1.0,0.7499999999999999,True,completed,10,True,207.4190857410431,Reflection
oea_test_1112,0.8333333333333333,0.7499999999999999,True,completed,10,True,185.45100855827332,Reflection
oea_test_797,0.75,0.8000000000000002,True,completed,5,False,38.79618501663208,Reflection
oea_test_716,1.0,0.8333333333333333,True,completed,7,True,106.24622297286987,Reflection
oea_test_380,0.8571428571428571,0.888888888888889,True,completed,5,False,74.87382626533508,Reflection
oea_test_39,0.3333333333333333,0.2,True,completed,7,False,128.35841512680054,Reflection
oea_test_1161,0.8571428571428571,0.6,True,completed,7,False,81.68057990074158,Reflection
oea_test_284,0.28571428571428575,0.20000000000000004,True,completed,5,False,32.95599150657654,Reflection
oea_test_521,0.8571428571428571,0.888888888888889,True,completed,5,False,45.16853141784668,Reflection
oea_test_43,0.5714285714285715,0.3333333333333333,True,completed,9,False,336.6781210899353,Reflection
oea_test_585,0.7499999999999999,0.8,True,completed,6,False,89.71488857269287,Reflection
oea_test_1128,0.6666666666666666,0.39999999999999997,True,completed,11,True,1310.6514711380005,Reflection
oea_test_756,0.8571428571428571,0.888888888888889,True,completed,5,False,97.7688958644867,Reflection
oea_test_136,0.8571428571428571,0.888888888888889,True,completed,5,False,87.43711423873901,Reflection
oea_test_833,1.0,1.0,True,completed,4,False,74.20880484580994,Reflection
oea_test_586,0.8571428571428571,0.888888888888889,True,completed,5,False,38.738986015319824,Reflection
oea_test_268,1.0,1.0,True,completed,4,False,74.18734526634216,Reflection
oea_test_66,0.0,0.0,False,completed,2,False,29.497413873672485,Reflection
oea_test_142,0.5714285714285715,0.30769230769230765,True,completed,4,False,53.41260123252869,Reflection
oea_test_973,0.5,0.25,True,completed,5,False,158.0932650566101,Reflection
oea_test_371,0.5,0.5,True,completed,2,False,132.69925475120544,Reflection
oea_test_212,1.0,1.0,True,completed,4,False,82.22802710533142,Reflection
oea_test_597,0.8571428571428571,0.888888888888889,True,completed,5,False,86.41134858131409,Reflection
oea_test_655,0.5,0.5,True,completed,5,False,157.24753332138062,Reflection
oea_test_805,0.3333333333333333,0.1,True,completed,14,False,156.89666843414307,Reflection
oea_test_8,1.0,1.0,True,completed,4,False,82.52546977996826,Reflection
oea_test_37,0.0,0.0,False,completed,1,False,13.486517667770386,Reflection
oea_test_714,0.6666666666666666,0.4444444444444444,True,completed,6,False,112.6830039024353,Reflection
oea_test_403,0.0,0.0,False,completed,2,False,27.60538911819458,Reflection
oea_test_432,0.5,0.25,True,completed,3,False,18.335230827331543,Reflection
oea_test_353,1.0,1.0,True,completed,2,False,14.698155879974365,Reflection
oea_test_758,0.6666666666666666,0.4,True,completed,7,False,50.36318898200989,Reflection
oea_test_686,1.0,0.6153846153846153,True,completed,9,True,351.0673580169678,Reflection
oea_test_785,1.0,0.923076923076923,True,completed,7,False,107.71201300621033,Reflection
oea_test_574,0.5,0.16666666666666666,True,completed,3,False,131.59415531158447,Reflection
oea_test_858,1.0,1.0,True,completed,5,False,100.74392175674438,Reflection
oea_test_1158,1.0,1.0,True,completed,4,False,84.70822620391846,Reflection
oea_test_258,0.6666666666666666,0.6666666666666666,True,completed,3,False,28.735599994659424,Reflection
oea_test_156,1.0,1.0,True,completed,4,False,82.7001256942749,Reflection
oea_test_222,0.8571428571428571,0.6153846153846153,True,completed,9,True,232.25393843650818,Reflection
oea_test_391,0.8571428571428571,0.888888888888889,True,completed,5,False,78.5666229724884,Reflection
oea_test_1163,1.0,1.0,True,completed,4,False,76.08750534057617,Reflection
oea_test_542,0.8571428571428571,0.8,True,completed,6,True,106.112069606781,Reflection
oea_test_625,0.0,0.0,False,completed,4,False,55.159159898757935,Reflection
oea_test_1135,0.7499999999999999,0.8,True,completed,6,False,91.18684577941895,Reflection
oea_test_256,0.7499999999999999,0.8,True,completed,6,False,82.7701461315155,Reflection
oea_test_7,1.0,1.0,True,completed,4,False,32.260863065719604,Reflection
oea_test_1028,0.5,0.75,True,completed,4,False,19.78209114074707,Reflection
oea_test_877,0.8571428571428571,0.6,True,completed,7,False,107.57809543609619,Reflection
oea_test_818,0.7499999999999999,0.8,True,completed,6,False,93.67588973045349,Reflection
oea_test_935,0.7499999999999999,0.7272727272727273,True,completed,7,False,182.03836131095886,Reflection
oea_test_1148,0.4444444444444445,0.36363636363636365,False,failed,15,True,462.1625859737396,Reflection
oea_test_829,0.5333333333333333,0.4,False,failed,15,True,463.7159502506256,Reflection
oea_test_168,0.6666666666666666,0.6666666666666667,True,completed,9,False,163.42528557777405,Reflection
oea_test_1,0.5,0.5,True,completed,2,False,16.81636953353882,Reflection
oea_test_309,0.4,0.2,True,completed,7,False,146.33871698379517,Reflection
oea_test_737,1.0,0.888888888888889,True,completed,5,False,47.53063178062439,Reflection
oea_test_644,0.6666666666666666,0.5,True,completed,2,False,16.984599113464355,Reflection
oea_test_508,0.5,0.2857142857142857,True,completed,12,False,123.05187773704529,Reflection
oea_test_871,0.8571428571428571,0.888888888888889,True,completed,5,False,83.18687200546265,Reflection
oea_test_503,0.6666666666666666,0.5714285714285715,True,completed,5,False,68.60345339775085,Reflection
oea_test_279,0.8571428571428571,0.888888888888889,True,completed,5,False,78.59981036186218,Reflection
oea_test_1094,0.7499999999999999,0.8,True,completed,6,False,93.86592197418213,Reflection
oea_test_650,0.7499999999999999,0.6153846153846153,True,completed,9,True,108.10339665412903,Reflection
oea_test_423,0.8571428571428571,0.888888888888889,True,completed,5,False,90.96379351615906,Reflection
oea_test_920,0.8571428571428571,0.888888888888889,True,completed,5,False,48.45186710357666,Reflection
oea_test_352,0.8,0.6666666666666666,True,completed,2,False,13.641867876052856,Reflection
oea_test_394,1.0,1.0,True,completed,4,False,76.75567245483398,Reflection
oea_test_546,0.75,0.8000000000000002,True,completed,5,False,74.48316073417664,Reflection
oea_test_321,0.8571428571428571,0.888888888888889,True,completed,5,False,75.41939091682434,Reflection
oea_test_124,0.8571428571428571,0.888888888888889,True,completed,5,False,78.24701857566833,Reflection
oea_test_603,0.8571428571428571,0.6666666666666666,True,completed,8,True,140.92484641075134,Reflection
oea_test_338,0.4,0.15384615384615385,True,completed,8,False,39.07512092590332,Reflection
oea_test_458,0.4444444444444445,0.2857142857142857,True,completed,12,True,151.50743341445923,Reflection
oea_test_324,0.7499999999999999,0.8,True,completed,6,False,85.51050353050232,Reflection
oea_test_346,0.8571428571428571,0.46153846153846156,True,completed,4,False,69.42501974105835,Reflection
oea_test_1137,1.0,0.7499999999999999,True,completed,5,False,31.904988050460815,Reflection
oea_test_708,0.20000000000000004,0.12500000000000003,True,completed,11,False,109.00225687026978,Reflection
oea_test_924,0.28571428571428575,0.125,True,completed,10,False,106.30015420913696,Reflection
oea_test_1150,0.7499999999999999,0.8,True,completed,6,False,45.00569796562195,Reflection
oea_test_254,0.8,0.6666666666666666,True,completed,3,False,118.54654669761658,Reflection
oea_test_547,0.5,0.6666666666666666,True,completed,3,False,143.34525990486145,Reflection
oea_test_964,0.8571428571428571,0.8,True,completed,6,False,57.64205718040466,Reflection
oea_test_105,1.0,1.0,True,completed,2,False,14.876296758651733,Reflection
oea_test_378,0.8571428571428571,0.888888888888889,True,completed,5,False,54.20365810394287,Reflection
oea_test_260,0.6666666666666666,0.5714285714285715,True,completed,4,False,26.53915524482727,Reflection
oea_test_1036,1.0,1.0,True,completed,4,False,28.70285940170288,Reflection
oea_test_300,1.0,1.0,True,completed,6,False,91.54002380371094,Reflection
oea_test_151,0.6666666666666666,0.6666666666666665,True,completed,5,False,72.59733247756958,Reflection
oea_test_441,0.25,0.1818181818181818,True,completed,5,False,42.31441783905029,Reflection
oea_test_348,0.28571428571428575,0.1111111111111111,False,failed,15,False,132.08146023750305,Reflection
oea_test_350,1.0,1.0,True,completed,4,False,74.15015888214111,Reflection
oea_test_694,0.8571428571428571,0.888888888888889,True,completed,5,False,52.80491852760315,Reflection
oea_test_962,0.8,0.888888888888889,True,completed,4,False,36.65561079978943,Reflection
oea_test_253,0.5,0.5,True,completed,2,False,21.12815761566162,Reflection
oea_test_970,0.0,0.0,False,completed,2,False,58.6418514251709,Reflection
oea_test_934,0.75,0.8000000000000002,True,completed,5,False,64.41092729568481,Reflection
oea_test_435,0.4,0.4,True,completed,3,False,22.182509422302246,Reflection
oea_test_465,0.5714285714285715,0.3636363636363636,True,completed,9,False,74.43613004684448,Reflection
oea_test_687,0.8571428571428571,0.888888888888889,True,completed,5,False,42.61288666725159,Reflection
oea_test_464,1.0,0.7499999999999999,True,completed,5,False,29.077425718307495,Reflection
oea_test_146,0.8571428571428571,0.888888888888889,True,completed,5,False,44.63084578514099,Reflection
oea_test_977,1.0,1.0,True,completed,5,False,103.4355297088623,Reflection
oea_test_695,0.8571428571428571,0.5714285714285715,True,completed,10,True,119.11835217475891,Reflection
oea_test_15,0.8571428571428571,0.888888888888889,True,completed,5,False,49.252376556396484,Reflection
oea_test_729,0.5714285714285715,0.5454545454545454,True,completed,8,False,246.6815333366394,Reflection
oea_test_748,0.8571428571428571,0.888888888888889,True,completed,5,False,51.245184898376465,Reflection
oea_test_29,0.6666666666666666,0.6666666666666666,True,completed,3,False,33.22317385673523,Reflection
oea_test_641,0.7499999999999999,0.6666666666666666,True,completed,8,False,117.55357432365417,Reflection
oea_test_768,0.8571428571428571,0.5,True,completed,5,False,28.092894315719604,Reflection
oea_test_343,0.5,0.5,True,completed,2,False,60.22555899620056,Reflection
oea_test_157,0.5,0.5,True,completed,2,False,14.980167865753174,Reflection
oea_test_864,0.8571428571428571,0.888888888888889,True,completed,5,False,109.50660133361816,Reflection
oea_test_278,0.8571428571428571,0.888888888888889,True,completed,5,False,77.88005304336548,Reflection
oea_test_1131,1.0,1.0,True,completed,2,False,15.17842149734497,Reflection
oea_test_271,1.0,1.0,True,completed,4,False,76.43007564544678,Reflection
oea_test_610,1.0,1.0,True,completed,4,False,80.11048531532288,Reflection
oea_test_917,0.8571428571428571,0.888888888888889,True,completed,5,False,43.264835596084595,Reflection
oea_test_722,0.8571428571428571,0.888888888888889,True,completed,5,False,52.338743925094604,Reflection
oea_test_1162,0.8571428571428571,0.888888888888889,True,completed,5,False,88.65402245521545,Reflection
oea_test_197,0.28571428571428575,0.22222222222222224,True,completed,7,False,56.52838730812073,Reflection
oea_test_174,0.5714285714285715,0.4,True,completed,12,False,149.44109654426575,Reflection
oea_test_137,1.0,1.0,True,completed,7,False,55.07681894302368,Reflection
oea_test_844,1.0,1.0,True,completed,4,False,30.761006355285645,Reflection
oea_test_251,0.5,0.28571428571428575,True,completed,4,False,27.218053340911865,Reflection
oea_test_813,1.0,0.8,True,completed,6,True,88.44672417640686,Reflection
oea_test_413,0.8571428571428571,0.5,True,completed,12,True,114.82959794998169,Reflection
oea_test_949,0.8571428571428571,0.888888888888889,True,completed,5,False,84.70812773704529,Reflection
oea_test_1043,0.7499999999999999,0.3,False,failed,15,False,180.72395277023315,Reflection
oea_test_198,0.0,0.0,False,completed,3,False,44.99131536483765,Reflection
oea_test_1058,0.8571428571428571,0.888888888888889,True,completed,5,False,88.4874382019043,Reflection
oea_test_185,0.8571428571428571,0.8,True,completed,6,False,85.30530786514282,Reflection
oea_test_275,0.8571428571428571,0.8,True,completed,6,False,93.49949765205383,Reflection
oea_test_433,0.0,0.0,False,completed,1,False,13.832762718200684,Reflection
oea_test_1164,0.5,0.4,True,completed,2,False,40.6221559047699,Reflection
oea_test_875,0.8571428571428571,0.888888888888889,True,completed,5,False,81.49517011642456,Reflection
oea_test_216,0.5,0.28571428571428575,True,completed,11,False,158.95704865455627,Reflection
oea_test_476,1.0,1.0,True,completed,4,False,76.69975996017456,Reflection
oea_test_1096,0.8571428571428571,0.8,True,completed,6,False,95.05553317070007,Reflection
oea_test_1068,1.0,0.5555555555555556,True,completed,13,True,270.36881136894226,Reflection
oea_test_899,0.8571428571428571,0.888888888888889,True,completed,5,False,40.483405113220215,Reflection
oea_test_488,0.75,0.8000000000000002,True,completed,5,False,74.96229124069214,Reflection
oea_test_897,0.0,0.0,False,completed,2,True,135.87174773216248,Reflection
oea_test_209,0.8333333333333333,0.6666666666666666,True,completed,12,True,138.1355209350586,Reflection
oea_test_971,1.0,0.8333333333333333,True,completed,7,False,61.07516264915466,Reflection
oea_test_1060,0.8571428571428571,0.888888888888889,True,completed,5,False,51.31505608558655,Reflection
oea_test_961,0.8571428571428571,0.888888888888889,True,completed,5,False,61.38530468940735,Reflection
oea_test_683,0.0,0.0,False,completed,7,False,183.10272431373596,Reflection
oea_test_600,1.0,1.0,True,completed,4,False,36.267324447631836,Reflection
oea_test_392,0.5714285714285715,0.7692307692307692,True,completed,7,False,156.43660044670105,Reflection
oea_test_397,0.6666666666666666,0.8,True,completed,2,False,54.31738567352295,Reflection
oea_test_19,0.0,0.0,False,failed,15,True,471.92079734802246,Reflection
oea_test_873,0.8571428571428571,0.6666666666666666,True,completed,8,True,397.5831227302551,Reflection
oea_test_82,0.5,0.2,False,failed,15,False,105.13954305648804,Reflection
oea_test_677,0.6666666666666666,0.28571428571428575,True,completed,10,False,177.12542366981506,Reflection
oea_test_724,0.4,0.3333333333333333,True,completed,2,False,21.665011882781982,Reflection
oea_test_1160,1.0,0.888888888888889,True,completed,5,True,78.98246049880981,Reflection
oea_test_244,1.0,1.0,True,completed,2,False,12.105122089385986,Reflection
oea_test_376,0.4444444444444445,0.3333333333333333,True,completed,8,False,226.8935468196869,Reflection
oea_test_577,0.5,0.5714285714285715,True,completed,5,False,83.91780352592468,Reflection
oea_test_884,0.3333333333333333,0.28571428571428575,True,completed,4,False,29.447015285491943,Reflection
oea_test_1092,0.8,0.5,False,failed,15,True,631.402957201004,Reflection
oea_test_220,1.0,1.0,True,completed,4,False,34.04464793205261,Reflection
oea_test_643,0.7499999999999999,0.8,True,completed,6,True,56.462104082107544,Reflection
oea_test_225,0.8571428571428571,0.888888888888889,True,completed,5,False,79.00432276725769,Reflection
oea_test_132,0.7499999999999999,0.8,True,completed,6,False,96.05564737319946,Reflection
oea_test_931,0.8,0.5263157894736842,True,completed,14,False,286.837153673172,Reflection
oea_test_906,0.25,0.2,True,completed,7,False,53.65535378456116,Reflection
oea_test_974,1.0,1.0,True,completed,4,False,84.06917667388916,Reflection
oea_test_203,0.4,0.3333333333333333,True,completed,4,False,58.349360942840576,Reflection
oea_test_649,1.0,1.0,True,completed,4,False,47.68087959289551,Reflection
oea_test_827,1.0,1.0,True,completed,4,False,43.00149345397949,Reflection
oea_test_784,0.7499999999999999,0.8,True,completed,6,False,88.50748682022095,Reflection
oea_test_787,1.0,1.0,True,completed,4,False,37.05584669113159,Reflection
oea_test_572,0.5714285714285715,0.4444444444444445,True,completed,5,False,67.52897834777832,Reflection
oea_test_207,0.7499999999999999,0.8,True,completed,6,False,97.44020390510559,Reflection
oea_test_883,1.0,1.0,True,completed,7,False,63.09881949424744,Reflection
oea_test_1078,0.4,0.25,True,completed,4,False,33.23960566520691,Reflection
oea_test_882,0.5714285714285715,0.5555555555555556,True,completed,12,False,332.89765977859497,Reflection
oea_test_1075,0.28571428571428575,0.12500000000000003,True,completed,11,False,152.2726447582245,Reflection
oea_test_425,0.923076923076923,0.7777777777777778,True,completed,11,True,72.0783166885376,Reflection
oea_test_329,0.8,0.6666666666666665,True,completed,5,True,128.8204848766327,Reflection
oea_test_453,0.3333333333333333,0.6,True,completed,13,False,176.14393854141235,Reflection
oea_test_70,0.3333333333333333,0.16666666666666666,True,completed,9,False,358.90981793403625,Reflection
oea_test_490,0.3333333333333333,0.25,True,completed,5,False,99.69255137443542,Reflection
oea_test_505,0.8571428571428571,0.888888888888889,True,completed,5,False,85.71948838233948,Reflection
oea_test_820,0.5,0.2105263157894737,False,failed,15,False,168.4574363231659,Reflection
oea_test_561,0.8571428571428571,0.888888888888889,True,completed,5,False,66.86504077911377,Reflection
oea_test_59,0.75,0.75,True,completed,4,False,23.889219760894775,Reflection
oea_test_341,0.5714285714285715,0.4444444444444444,True,completed,6,False,44.53867220878601,Reflection
oea_test_223,0.3333333333333333,0.3,False,failed,15,False,290.1562464237213,Reflection
oea_test_707,1.0,1.0,True,completed,2,False,15.364941596984863,Reflection
oea_test_6,1.0,1.0,True,completed,4,False,75.77517604827881,Reflection
oea_test_345,0.8571428571428571,0.888888888888889,True,completed,5,False,78.9055564403534,Reflection
oea_test_898,0.7499999999999999,0.8,True,completed,6,True,57.93398141860962,Reflection
oea_test_709,0.6666666666666666,0.31578947368421056,False,failed,15,True,82.70641613006592,Reflection
oea_test_772,0.4,0.28571428571428575,True,completed,3,False,34.47765922546387,Reflection
oea_test_1154,0.28571428571428575,0.09090909090909091,False,failed,15,True,450.80418038368225,Reflection
oea_test_317,0.8,0.7272727272727273,True,completed,7,True,662.0039618015289,Reflection
oea_test_922,0.3333333333333333,0.20000000000000004,True,completed,5,False,27.544291257858276,Reflection
oea_test_1061,0.5,0.2222222222222222,True,completed,8,False,119.12558245658875,Reflection
oea_test_564,1.0,1.0,True,completed,4,False,83.79495286941528,Reflection
oea_test_117,1.0,1.0,True,completed,4,False,64.786545753479,Reflection
oea_test_240,0.3333333333333333,0.1818181818181818,True,completed,6,False,96.36325550079346,Reflection
oea_test_135,0.6666666666666666,0.6666666666666666,True,completed,6,False,182.128986120224,Reflection
oea_test_304,0.8571428571428571,0.888888888888889,True,completed,5,False,38.909642457962036,Reflection
oea_test_421,0.8571428571428571,0.888888888888889,True,completed,5,False,58.1808135509491,Reflection
oea_test_379,1.0,1.0,True,completed,2,False,13.48660683631897,Reflection
oea_test_3,0.8571428571428571,0.888888888888889,True,completed,5,False,53.01111316680908,Reflection
oea_test_642,0.8571428571428571,0.5714285714285715,True,completed,10,True,160.28606176376343,Reflection
oea_test_1059,0.4,0.14285714285714285,True,completed,12,True,138.1051914691925,Reflection
oea_test_664,0.6666666666666666,0.4,True,completed,8,False,130.00621604919434,Reflection
oea_test_932,0.7499999999999999,0.8,True,completed,6,False,98.14778566360474,Reflection
oea_test_859,0.5,0.28571428571428575,True,completed,5,False,32.02580976486206,Reflection
oea_test_1013,0.8,0.6666666666666665,True,completed,5,False,82.44788861274719,Reflection
oea_test_202,0.7499999999999999,0.8,True,completed,6,False,81.94553637504578,Reflection
oea_test_97,1.0,1.0,True,completed,7,False,67.86958289146423,Reflection
oea_test_248,0.888888888888889,0.8235294117647058,True,completed,10,False,96.8600263595581,Reflection
oea_test_1134,0.5714285714285715,0.23529411764705882,True,completed,14,True,155.5121510028839,Reflection
oea_test_1111,0.8571428571428571,0.888888888888889,True,completed,5,False,43.726473808288574,Reflection
oea_test_14,0.8,0.5454545454545454,True,completed,8,False,143.60178780555725,Reflection
oea_test_823,1.0,0.8571428571428571,True,completed,4,False,24.672219038009644,Reflection
oea_test_101,0.4,0.2,True,completed,6,False,78.50090384483337,Reflection
oea_test_601,0.8571428571428571,0.888888888888889,True,completed,5,False,85.5809965133667,Reflection
oea_test_1074,0.8571428571428571,0.8750000000000001,True,completed,9,False,51.09438228607178,Reflection
oea_test_81,0.5714285714285715,0.5714285714285715,True,completed,4,False,55.02177953720093,Reflection
oea_test_1104,0.8571428571428571,0.888888888888889,True,completed,5,False,87.35067963600159,Reflection
oea_test_730,0.8571428571428571,0.888888888888889,True,completed,5,False,45.22954249382019,Reflection
oea_test_1167,0.8571428571428571,0.888888888888889,True,completed,5,False,86.76879477500916,Reflection
oea_test_1025,0.8571428571428571,0.7272727272727273,True,completed,7,True,748.6177015304565,Reflection
oea_test_940,0.7499999999999999,0.8,True,completed,6,False,56.93579721450806,Reflection
oea_test_122,0.7499999999999999,0.8,True,completed,6,False,87.00946760177612,Reflection
oea_test_28,0.6666666666666666,0.28571428571428575,False,failed,15,False,200.29498887062073,Reflection
oea_test_323,0.5,0.4,True,completed,2,False,14.452454566955566,Reflection
oea_test_1065,0.8571428571428571,0.6153846153846153,True,completed,9,True,278.46192932128906,Reflection
oea_test_727,0.0,0.0,False,completed,1,False,11.172282218933105,Reflection
oea_test_933,0.6666666666666666,0.33333333333333337,True,completed,1,False,25.918694019317627,Reflection
oea_test_167,0.28571428571428575,0.2,False,failed,15,False,273.31816363334656,Reflection
oea_test_1108,0.5,0.3076923076923077,True,completed,11,False,109.70216393470764,Reflection
oea_test_995,0.28571428571428575,0.2,True,completed,6,False,57.667214155197144,Reflection
oea_test_273,0.5714285714285715,0.3076923076923077,True,completed,11,False,388.6048285961151,Reflection
oea_test_901,0.8571428571428571,0.888888888888889,True,completed,5,False,86.03477001190186,Reflection
oea_test_569,0.8571428571428571,0.888888888888889,True,completed,5,False,57.101197481155396,Reflection
oea_test_89,0.8571428571428571,0.888888888888889,True,completed,5,False,35.71122694015503,Reflection
oea_test_596,0.8571428571428571,0.888888888888889,True,completed,5,False,45.83659791946411,Reflection
oea_test_416,1.0,0.4210526315789474,False,failed,15,True,155.35827112197876,Reflection
oea_test_1073,0.3333333333333333,0.22222222222222224,True,completed,4,False,25.367180585861206,Reflection
oea_test_782,0.3333333333333333,0.3333333333333333,True,completed,4,False,60.415605306625366,Reflection
oea_test_534,0.8571428571428571,0.888888888888889,True,completed,5,False,80.67760181427002,Reflection
oea_test_958,0.5,0.5,True,completed,3,False,67.04004526138306,Reflection
oea_test_85,0.888888888888889,0.6666666666666666,True,completed,10,False,199.29827737808228,Reflection
oea_test_1138,0.7499999999999999,0.5714285714285715,True,completed,10,True,784.2186923027039,Reflection
oea_test_408,0.888888888888889,0.8333333333333333,True,completed,7,True,40.14521265029907,Reflection
oea_test_645,0.5714285714285715,0.4444444444444445,True,completed,4,False,54.233126401901245,Reflection
oea_test_280,1.0,1.0,True,completed,4,False,70.3679461479187,Reflection
oea_test_262,0.8571428571428571,0.47058823529411764,True,completed,13,True,191.38387203216553,Reflection
oea_test_315,0.8571428571428571,0.888888888888889,True,completed,5,False,79.84023332595825,Reflection
oea_test_870,0.8,0.4444444444444445,True,completed,4,False,77.02141642570496,Reflection
oea_test_1110,0.6666666666666666,0.4,True,completed,7,False,146.89639258384705,Reflection
oea_test_501,0.4,0.3333333333333333,True,completed,3,False,179.5134654045105,Reflection
oea_test_533,0.8571428571428571,0.888888888888889,True,completed,5,False,78.8133327960968,Reflection
oea_test_1133,0.8571428571428571,0.888888888888889,True,completed,5,False,93.20369815826416,Reflection
oea_test_510,1.0,0.7272727272727273,True,completed,7,True,521.4143521785736,Reflection
oea_test_876,0.3333333333333333,0.7368421052631577,True,completed,9,False,88.449387550354,Reflection
oea_test_740,0.8571428571428571,0.888888888888889,True,completed,5,False,84.06718945503235,Reflection
oea_test_660,1.0,0.6153846153846153,True,completed,9,True,133.57781076431274,Reflection
oea_test_249,0.7499999999999999,0.6153846153846153,True,completed,9,True,107.08498859405518,Reflection
oea_test_102,0.4444444444444445,0.2666666666666667,True,completed,13,False,152.70986151695251,Reflection
oea_test_1046,0.8571428571428571,0.888888888888889,True,completed,5,False,42.09016227722168,Reflection
oea_test_568,0.5714285714285715,0.4444444444444444,True,completed,6,False,74.22802305221558,Reflection
oea_test_381,1.0,1.0,True,completed,4,False,113.26313948631287,Reflection
oea_test_219,1.0,0.8,True,completed,2,False,9.075720310211182,Reflection
oea_test_369,0.28571428571428575,0.25,True,completed,4,False,32.213369846343994,Reflection
oea_test_205,0.7499999999999999,0.8,True,completed,6,False,95.20350885391235,Reflection
oea_test_702,0.8571428571428571,0.6153846153846153,True,completed,9,True,357.0427255630493,Reflection
oea_test_429,0.4,0.15384615384615383,True,completed,6,False,140.2767994403839,Reflection
oea_test_23,0.4,0.25,True,completed,6,False,91.24724340438843,Reflection
oea_test_759,0.8571428571428571,0.888888888888889,True,completed,5,False,86.10994505882263,Reflection
oea_test_436,1.0,0.5454545454545454,True,completed,7,False,88.4634439945221,Reflection
oea_test_1109,0.8571428571428571,0.6153846153846153,True,completed,9,True,116.16581296920776,Reflection
oea_test_372,0.0,0.0,False,completed,5,False,98.23726272583008,Reflection
oea_test_127,1.0,1.0,True,completed,4,False,76.98990678787231,Reflection
oea_test_349,1.0,1.0,True,completed,5,False,81.88052105903625,Reflection
oea_test_667,0.8,0.8,True,completed,3,False,48.961835861206055,Reflection
oea_test_652,0.6666666666666666,0.5,True,completed,4,False,91.86142778396606,Reflection
oea_test_531,0.6666666666666666,0.6,True,completed,5,False,76.71080017089844,Reflection
oea_test_1107,0.5,0.5,True,completed,2,False,11.51402997970581,Reflection
oea_test_860,1.0,1.0,True,completed,5,False,106.05932188034058,Reflection
oea_test_678,0.888888888888889,0.7142857142857143,True,completed,8,False,116.34290099143982,Reflection
oea_test_1165,0.25,0.1111111111111111,False,failed,15,False,234.95095658302307,Reflection
oea_test_865,0.75,0.8000000000000002,True,completed,5,False,92.21259999275208,Reflection
oea_test_120,0.8571428571428571,0.888888888888889,True,completed,5,False,40.33754801750183,Reflection
oea_test_298,0.6666666666666666,0.31578947368421056,False,failed,15,True,84.65339207649231,Reflection
oea_test_77,0.7499999999999999,0.8,True,completed,6,True,128.35997247695923,Reflection
oea_test_657,0.5,0.4,True,completed,3,False,117.22225499153137,Reflection
oea_test_1002,0.8571428571428571,0.888888888888889,True,completed,5,False,90.56697678565979,Reflection
oea_test_292,1.0,0.888888888888889,True,completed,5,True,87.91306781768799,Reflection
oea_test_839,0.3333333333333333,0.11764705882352941,True,completed,10,False,197.98379564285278,Reflection
oea_test_1017,0.7499999999999999,0.8,True,completed,6,False,94.79265308380127,Reflection
oea_test_232,0.8571428571428571,0.888888888888889,True,completed,4,False,75.14544630050659,Reflection
oea_test_1141,0.6666666666666666,0.5,True,completed,6,False,85.42906212806702,Reflection
oea_test_358,0.8571428571428571,0.888888888888889,True,completed,5,False,40.038076400756836,Reflection
oea_test_290,0.75,0.8000000000000002,True,completed,5,False,85.99013423919678,Reflection
oea_test_283,0.6,0.35294117647058826,True,completed,14,True,135.13801670074463,Reflection
oea_test_1114,0.7499999999999999,0.8,True,completed,6,False,91.81377053260803,Reflection
oea_test_374,0.6666666666666666,0.36363636363636365,True,completed,3,False,76.09965252876282,Reflection
oea_test_665,1.0,0.8,True,completed,2,False,13.245471477508545,Reflection
oea_test_11,1.0,1.0,True,completed,4,False,80.32962393760681,Reflection
oea_test_1007,1.0,0.4444444444444445,True,completed,7,False,45.97995591163635,Reflection
oea_test_553,1.0,1.0,True,completed,4,False,81.99007654190063,Reflection
oea_test_928,0.7499999999999999,0.8,True,completed,6,False,97.57776212692261,Reflection
oea_test_565,0.5,0.4,True,completed,3,False,34.95603370666504,Reflection
oea_test_956,0.8571428571428571,0.888888888888889,True,completed,5,False,84.83271145820618,Reflection
oea_test_92,1.0,1.0,True,completed,4,False,82.71339654922485,Reflection
oea_test_993,0.8571428571428571,0.888888888888889,True,completed,5,False,38.243305683135986,Reflection
oea_test_356,0.0,0.0,False,completed,7,False,223.5218186378479,Reflection
oea_test_831,0.7499999999999999,0.7272727272727273,True,completed,7,True,59.8328971862793,Reflection
oea_test_908,0.6,0.5,True,completed,7,False,83.33323383331299,Reflection
oea_test_630,0.5,0.21052631578947364,True,completed,14,False,147.31001687049866,Reflection
oea_test_801,0.5714285714285715,0.3636363636363636,True,completed,9,False,207.51798248291016,Reflection
oea_test_872,0.7499999999999999,0.8,True,completed,6,False,96.73210954666138,Reflection
oea_test_817,0.7499999999999999,0.6666666666666666,True,completed,8,False,96.30436420440674,Reflection
oea_test_1117,0.5,0.5,True,completed,2,False,14.869728326797485,Reflection
oea_test_979,0.28571428571428575,0.1818181818181818,True,completed,5,False,30.95597219467163,Reflection
oea_test_246,0.0,0.0,False,completed,1,False,6.62455677986145,Reflection
oea_test_1054,0.888888888888889,0.8,True,completed,9,True,63.43881344795227,Reflection
oea_test_463,0.7499999999999999,0.8,True,completed,6,False,90.68889379501343,Reflection
oea_test_247,1.0,0.6666666666666666,True,completed,8,True,134.92965841293335,Reflection
oea_test_636,0.8571428571428571,0.6666666666666666,True,completed,8,True,98.03873443603516,Reflection
oea_test_930,0.3333333333333333,0.22222222222222224,True,completed,5,False,52.18435978889465,Reflection
oea_test_744,1.0,1.0,True,completed,4,False,76.11813545227051,Reflection
oea_test_1038,0.6666666666666666,0.31578947368421056,False,failed,15,True,349.7199387550354,Reflection
oea_test_878,0.4,0.28571428571428575,True,completed,5,False,80.09541320800781,Reflection
oea_test_994,0.6666666666666666,0.23529411764705882,True,completed,4,False,44.15986371040344,Reflection
oea_test_840,0.8571428571428571,0.888888888888889,True,completed,5,False,84.08571553230286,Reflection
oea_test_295,0.75,0.8000000000000002,True,completed,5,False,96.20824909210205,Reflection
oea_test_57,1.0,0.8571428571428571,True,completed,4,False,24.511169910430908,Reflection
oea_test_186,0.6666666666666666,0.30769230769230765,True,completed,10,False,244.80188655853271,Reflection
oea_test_814,0.5,0.6666666666666666,True,completed,3,False,23.58129072189331,Reflection
oea_test_1063,0.8571428571428571,0.888888888888889,True,completed,5,False,112.61386632919312,Reflection
oea_test_355,0.5,0.5,True,completed,2,False,13.801121711730957,Reflection
oea_test_138,0.3333333333333333,0.2,True,completed,6,False,74.41100811958313,Reflection
oea_test_783,0.5,0.2,True,completed,8,False,129.85382175445557,Reflection
oea_test_867,1.0,1.0,True,completed,5,False,68.16051268577576,Reflection
oea_test_182,0.7499999999999999,0.8,True,completed,6,False,91.13696384429932,Reflection
oea_test_400,1.0,0.888888888888889,True,completed,5,True,74.9126832485199,Reflection
oea_test_590,0.6666666666666666,0.8333333333333334,True,completed,6,False,36.96391248703003,Reflection
oea_test_340,0.8571428571428571,0.888888888888889,True,completed,5,False,82.74831104278564,Reflection
oea_test_306,0.8571428571428571,0.8,True,completed,6,False,79.57933378219604,Reflection
oea_test_266,1.0,0.888888888888889,True,completed,5,True,42.888678550720215,Reflection
oea_test_548,0.8571428571428571,0.888888888888889,True,completed,5,False,36.61256456375122,Reflection
oea_test_214,1.0,0.8,True,completed,4,False,49.58105659484863,Reflection
oea_test_609,0.25,0.15384615384615383,True,completed,10,False,188.12779307365417,Reflection
oea_test_1066,0.8571428571428571,0.888888888888889,True,completed,5,False,43.18671369552612,Reflection
oea_test_780,1.0,1.0,True,completed,4,False,85.01046919822693,Reflection
oea_test_335,0.8571428571428571,0.888888888888889,True,completed,5,False,81.90460395812988,Reflection
oea_test_475,0.4,0.22222222222222224,True,completed,7,False,82.406334400177,Reflection
oea_test_575,0.8571428571428571,0.888888888888889,True,completed,5,False,41.392364740371704,Reflection
oea_test_681,0.4,0.4,True,completed,3,False,26.223184823989868,Reflection
oea_test_834,1.0,1.0,True,completed,5,False,95.59909462928772,Reflection
oea_test_583,0.8571428571428571,0.888888888888889,True,completed,5,False,83.46632170677185,Reflection
oea_test_960,0.8571428571428571,0.888888888888889,True,completed,5,False,55.24215912818909,Reflection
oea_test_307,0.7499999999999999,0.8,True,completed,6,False,95.44108057022095,Reflection
oea_test_1010,1.0,1.0,True,completed,4,False,77.75727009773254,Reflection
oea_test_477,0.8571428571428571,0.888888888888889,True,completed,5,False,46.46445155143738,Reflection
oea_test_1001,0.6666666666666666,0.31578947368421056,False,failed,15,True,142.7869484424591,Reflection
oea_test_172,0.8,0.8,True,completed,2,False,27.70728611946106,Reflection
oea_test_536,0.6666666666666666,0.5,True,completed,6,False,73.88803124427795,Reflection
oea_test_399,1.0,1.0,True,completed,5,False,76.70310044288635,Reflection
oea_test_856,0.6666666666666666,0.33333333333333337,False,failed,15,False,110.38910984992981,Reflection
oea_test_1159,0.4444444444444445,0.21052631578947364,True,completed,14,False,195.10501408576965,Reflection
oea_test_149,1.0,1.0,True,completed,4,False,46.152101039886475,Reflection
oea_test_518,0.0,0.0,False,completed,2,False,10.604870080947876,Reflection
oea_test_409,0.8,0.8,True,completed,6,False,83.93679404258728,Reflection
oea_test_318,1.0,1.0,True,completed,2,False,59.823894023895264,Reflection
oea_test_103,0.8571428571428571,0.888888888888889,True,completed,5,False,87.20823693275452,Reflection
oea_test_63,0.75,0.8000000000000002,True,completed,5,False,80.30903792381287,Reflection
oea_test_710,0.8571428571428571,0.8,True,completed,6,False,102.27455615997314,Reflection
oea_test_239,0.8571428571428571,0.888888888888889,True,completed,5,False,52.64545226097107,Reflection
oea_test_73,0.25,0.11764705882352941,False,failed,15,False,298.9570767879486,Reflection
oea_test_734,0.33333333333333337,0.22222222222222224,True,completed,7,False,194.68405652046204,Reflection
oea_test_525,0.8571428571428571,0.888888888888889,True,completed,5,False,53.06619668006897,Reflection
oea_test_640,0.8571428571428571,0.8,True,completed,6,True,60.08738350868225,Reflection
oea_test_265,0.8571428571428571,0.888888888888889,True,completed,5,False,45.181217193603516,Reflection
oea_test_1101,0.7499999999999999,0.6153846153846153,True,completed,9,True,56.22321963310242,Reflection
oea_test_1019,0.888888888888889,0.9090909090909091,True,completed,6,False,71.36452150344849,Reflection
oea_test_1051,0.8571428571428571,0.888888888888889,True,completed,5,False,99.85917043685913,Reflection
oea_test_319,0.6666666666666666,0.6666666666666666,True,completed,3,False,51.12228608131409,Reflection
oea_test_33,1.0,1.0,True,completed,5,False,91.62615299224854,Reflection
oea_test_613,1.0,1.0,True,completed,5,False,80.67016935348511,Reflection
oea_test_879,1.0,0.47058823529411764,True,completed,13,True,1056.8931686878204,Reflection
oea_test_495,0.5,0.4,True,completed,2,False,17.213855266571045,Reflection
oea_test_481,0.5714285714285715,0.2222222222222222,False,failed,15,True,352.8000819683075,Reflection
oea_test_177,0.3333333333333333,0.25,True,completed,5,False,47.43695282936096,Reflection
oea_test_692,1.0,1.0,True,completed,2,False,36.56989812850952,Reflection
oea_test_1105,0.0,0.0,False,completed,3,False,57.054275035858154,Reflection
oea_test_344,1.0,1.0,True,completed,4,False,38.49238061904907,Reflection
oea_test_726,0.4,0.4,True,completed,2,False,17.532485246658325,Reflection
oea_test_169,0.8571428571428571,0.888888888888889,True,completed,5,False,77.25783085823059,Reflection
oea_test_838,0.4,0.5,True,completed,4,False,93.26183676719666,Reflection
oea_test_106,1.0,1.0,True,completed,5,False,50.959287881851196,Reflection
oea_test_743,0.5,0.15384615384615383,True,completed,4,False,139.0494737625122,Reflection
oea_test_580,0.0,0.0,False,completed,4,False,70.87104082107544,Reflection
oea_test_51,0.8571428571428571,0.888888888888889,True,completed,5,False,44.78350329399109,Reflection
oea_test_2,1.0,1.0,True,completed,2,False,151.0988917350769,Reflection
oea_test_976,0.8571428571428571,0.888888888888889,True,completed,5,False,80.39377212524414,Reflection
oea_test_779,0.7499999999999999,0.8,True,completed,6,False,90.05701684951782,Reflection
oea_test_336,0.8,0.6666666666666666,True,completed,4,False,25.755290031433105,Reflection
oea_test_179,0.8,0.6666666666666666,True,completed,2,False,28.12286353111267,Reflection
oea_test_752,0.8571428571428571,0.8,True,completed,6,False,102.91335606575012,Reflection
oea_test_143,1.0,1.0,True,completed,4,False,80.11763525009155,Reflection
oea_test_342,0.4,0.3333333333333333,True,completed,2,False,23.92680335044861,Reflection
oea_test_765,0.4,0.28571428571428575,True,completed,4,False,58.5713746547699,Reflection
oea_test_718,0.8571428571428571,0.888888888888889,True,completed,5,False,82.69500541687012,Reflection
oea_test_832,1.0,0.4210526315789474,False,failed,15,True,782.2118716239929,Reflection
oea_test_675,0.8571428571428571,0.888888888888889,True,completed,5,False,40.82568907737732,Reflection
oea_test_160,0.0,0.0,False,completed,5,False,100.37239265441895,Reflection
oea_test_228,1.0,0.888888888888889,True,completed,5,False,84.14262509346008,Reflection
oea_test_721,1.0,1.0,True,completed,4,False,36.63015794754028,Reflection
oea_test_1147,0.6666666666666666,0.42857142857142855,True,completed,11,True,458.36941838264465,Reflection
oea_test_527,1.0,1.0,True,completed,4,False,69.88148975372314,Reflection
oea_test_991,0.8571428571428571,0.888888888888889,True,completed,5,False,82.92080760002136,Reflection
oea_test_854,0.8571428571428571,0.888888888888889,True,completed,5,False,95.6038589477539,Reflection
oea_test_35,0.5,0.4,True,completed,2,False,12.467308044433594,Reflection
oea_test_454,1.0,1.0,True,completed,4,False,30.07595205307007,Reflection
oea_test_953,0.25,0.1111111111111111,False,failed,15,False,453.4203088283539,Reflection
oea_test_622,0.4,0.4285714285714285,True,completed,10,False,62.78468298912048,Reflection
oea_test_517,0.7499999999999999,0.8,True,completed,6,False,79.50420117378235,Reflection
oea_test_936,0.8571428571428571,0.888888888888889,True,completed,5,False,81.14874219894409,Reflection
oea_test_881,0.8,0.5714285714285715,True,completed,3,False,22.59454321861267,Reflection
oea_test_217,0.0,0.0,False,completed,3,False,18.834476470947266,Reflection
oea_test_556,0.8571428571428571,0.888888888888889,True,completed,5,False,51.21255397796631,Reflection
oea_test_181,1.0,1.0,True,completed,2,False,14.521834135055542,Reflection
oea_test_849,1.0,1.0,True,completed,4,False,79.65800142288208,Reflection
oea_test_746,0.8571428571428571,0.8,True,completed,6,False,97.0895185470581,Reflection
oea_test_359,1.0,0.7272727272727273,True,completed,7,True,88.822833776474,Reflection
oea_test_804,1.0,1.0,True,completed,4,False,79.28546166419983,Reflection
oea_test_528,0.5714285714285715,0.5,True,completed,6,False,117.61769509315491,Reflection
oea_test_978,1.0,0.888888888888889,True,completed,5,False,92.53644633293152,Reflection
oea_test_330,0.6666666666666666,0.5714285714285715,True,completed,5,False,61.439022064208984,Reflection
oea_test_578,0.8571428571428571,0.888888888888889,True,completed,5,False,49.612629652023315,Reflection
oea_test_886,0.8571428571428571,0.888888888888889,True,completed,5,False,62.00261473655701,Reflection
oea_test_9,0.7499999999999999,0.8,True,completed,6,False,85.56557703018188,Reflection
oea_test_717,1.0,1.0,True,completed,4,False,78.16152691841125,Reflection
oea_test_241,0.7499999999999999,0.8,True,completed,6,False,95.14008522033691,Reflection
oea_test_370,0.25,0.09523809523809522,False,failed,15,True,418.6126389503479,Reflection
oea_test_989,0.75,0.8000000000000002,True,completed,5,False,85.85858297348022,Reflection
oea_test_507,0.8571428571428571,0.888888888888889,True,completed,5,True,37.128766775131226,Reflection
oea_test_938,0.6666666666666666,0.33333333333333337,True,completed,1,False,13.7925283908844,Reflection
oea_test_24,0.4,0.2,False,failed,15,False,239.35869908332825,Reflection
oea_test_612,0.8571428571428571,0.888888888888889,True,completed,5,False,39.452335596084595,Reflection
oea_test_139,0.8333333333333333,0.7499999999999999,True,completed,10,True,66.693363904953,Reflection
oea_test_560,0.5,0.28571428571428575,True,completed,5,False,42.76898908615112,Reflection
oea_test_697,0.7499999999999999,0.8,True,completed,6,False,98.0753824710846,Reflection
oea_test_1020,0.5714285714285715,0.36363636363636365,True,completed,8,False,91.24110174179077,Reflection
oea_test_299,0.4,0.4,True,completed,8,False,57.46801996231079,Reflection
oea_test_900,0.8571428571428571,0.7272727272727273,True,completed,7,True,100.2916796207428,Reflection
oea_test_582,0.8571428571428571,0.888888888888889,True,completed,5,False,43.01561093330383,Reflection
oea_test_230,0.8571428571428571,0.888888888888889,True,completed,5,False,104.53090524673462,Reflection
oea_test_406,0.8571428571428571,0.888888888888889,True,completed,5,False,41.84247350692749,Reflection
oea_test_599,0.5,0.3,True,completed,13,False,391.8690838813782,Reflection
oea_test_557,0.5714285714285715,0.4,True,completed,6,False,34.01610231399536,Reflection
oea_test_128,0.7499999999999999,0.6153846153846153,True,completed,9,True,189.79284024238586,Reflection
oea_test_760,0.7499999999999999,0.6153846153846153,True,completed,9,True,119.46608924865723,Reflection
oea_test_685,0.8571428571428571,0.888888888888889,True,completed,5,False,89.2576162815094,Reflection
oea_test_506,0.7499999999999999,0.8,True,completed,6,False,101.0473701953888,Reflection
oea_test_1024,0.7499999999999999,0.8,True,completed,6,False,99.18415713310242,Reflection
oea_test_161,0.8571428571428571,0.888888888888889,True,completed,5,False,43.835166692733765,Reflection
oea_test_384,0.8571428571428571,0.888888888888889,True,completed,5,False,58.02965688705444,Reflection
oea_test_398,0.5714285714285715,0.5,True,completed,5,False,28.181243181228638,Reflection
oea_test_811,0.3333333333333333,0.16666666666666666,True,completed,9,False,81.43491101264954,Reflection
oea_test_747,0.8,0.6666666666666666,True,completed,4,False,108.91938853263855,Reflection
oea_test_1049,0.7499999999999999,0.8,True,completed,6,False,105.43493247032166,Reflection
oea_test_1044,0.8571428571428571,0.888888888888889,True,completed,5,False,51.53177762031555,Reflection
oea_test_302,0.0,0.0,False,failed,15,False,372.87028884887695,Reflection
oea_test_637,0.7499999999999999,0.4210526315789474,False,failed,15,True,130.79144310951233,Reflection
oea_test_211,1.0,1.0,True,completed,4,False,29.436116456985474,Reflection
oea_test_775,0.8571428571428571,0.888888888888889,True,completed,5,False,45.35944747924805,Reflection
oea_test_511,0.6666666666666666,0.3333333333333333,True,completed,9,False,43.5684597492218,Reflection
oea_test_493,1.0,1.0,True,completed,4,False,71.29493927955627,Reflection
oea_test_468,0.8571428571428571,0.888888888888889,True,completed,5,False,53.814292907714844,Reflection
oea_test_36,0.5,0.4,True,completed,3,False,21.773057460784912,Reflection
oea_test_31,1.0,1.0,True,completed,5,False,82.83828687667847,Reflection
oea_test_366,0.8571428571428571,0.888888888888889,True,completed,5,False,51.88447976112366,Reflection
oea_test_107,0.75,0.8000000000000002,True,completed,5,False,87.43191504478455,Reflection
oea_test_267,0.6666666666666666,0.4210526315789474,False,failed,15,False,532.8324077129364,Reflection
oea_test_460,1.0,1.0,True,completed,4,False,47.98129630088806,Reflection
oea_test_1023,0.8571428571428571,0.888888888888889,True,completed,5,False,91.19911122322083,Reflection
oea_test_623,0.25,0.10526315789473685,False,failed,15,False,267.9039924144745,Reflection
oea_test_755,0.6666666666666666,0.3076923076923077,True,completed,8,False,64.48387002944946,Reflection
oea_test_5,0.6666666666666666,0.6,True,completed,7,False,193.62495374679565,Reflection
oea_test_58,0.8571428571428571,0.888888888888889,True,completed,4,False,75.55461096763611,Reflection
oea_test_606,0.6666666666666666,0.5714285714285715,True,completed,3,False,20.05978298187256,Reflection
oea_test_918,1.0,1.0,True,completed,7,False,46.68802261352539,Reflection
oea_test_778,0.0,0.0,False,completed,1,False,5.062525272369385,Reflection
oea_test_944,1.0,1.0,True,completed,4,False,39.855868101119995,Reflection
oea_test_76,0.4444444444444444,0.25,True,completed,8,False,94.27088594436646,Reflection
oea_test_638,0.4,0.28571428571428575,True,completed,3,False,30.943886518478394,Reflection
oea_test_619,0.7499999999999999,0.7272727272727273,True,completed,7,False,102.93521642684937,Reflection
oea_test_937,0.6666666666666666,0.23529411764705882,False,failed,15,False,374.6622884273529,Reflection
oea_test_1076,0.3333333333333333,0.2,True,completed,8,False,183.1617705821991,Reflection
oea_test_904,1.0,0.7272727272727273,True,completed,7,True,124.44330739974976,Reflection
oea_test_83,0.75,0.8000000000000002,True,completed,5,False,42.376877307891846,Reflection
oea_test_52,0.8571428571428571,0.888888888888889,True,completed,5,False,59.808565855026245,Reflection
oea_test_541,1.0,1.0,True,completed,4,False,74.82929182052612,Reflection
oea_test_910,0.8571428571428571,0.888888888888889,True,completed,5,False,71.78706765174866,Reflection
oea_test_360,0.8571428571428571,0.8,True,completed,6,True,84.73117113113403,Reflection
oea_test_835,0.6666666666666666,0.7499999999999999,True,completed,5,False,152.85692739486694,Reflection
oea_test_771,0.75,0.46153846153846156,True,completed,9,True,229.9500868320465,Reflection
oea_test_990,0.25,0.13333333333333333,True,completed,11,False,114.19941592216492,Reflection
oea_test_616,0.7499999999999999,0.47058823529411764,True,completed,13,True,587.3648715019226,Reflection
oea_test_532,0.8571428571428571,0.888888888888889,True,completed,5,False,77.94126558303833,Reflection
oea_test_543,0.75,0.8000000000000002,True,completed,5,False,72.94738960266113,Reflection
oea_test_943,0.4,0.28571428571428575,True,completed,4,False,186.94685411453247,Reflection
oea_test_150,0.6666666666666666,0.5217391304347826,True,completed,14,False,207.93477988243103,Reflection
oea_test_698,0.6666666666666666,0.5,True,completed,4,False,22.757633686065674,Reflection
oea_test_17,0.8571428571428571,0.888888888888889,True,completed,5,False,190.75632977485657,Reflection
oea_test_98,0.28571428571428575,0.13333333333333333,True,completed,9,False,87.9772584438324,Reflection
oea_test_966,0.8571428571428571,0.7499999999999999,True,completed,5,False,31.930135488510132,Reflection
oea_test_1062,1.0,0.8,True,completed,2,False,16.842491388320923,Reflection
oea_test_109,1.0,0.888888888888889,True,completed,5,True,81.83196949958801,Reflection
oea_test_705,0.7499999999999999,0.8,True,completed,6,False,89.08670830726624,Reflection
oea_test_310,0.8571428571428571,0.888888888888889,True,completed,5,True,30.94676113128662,Reflection
oea_test_929,0.7499999999999999,0.8,True,completed,6,False,104.40276026725769,Reflection
oea_test_915,0.25,0.1111111111111111,False,failed,15,False,236.59593844413757,Reflection
oea_test_868,0.8,0.5714285714285715,True,completed,3,False,68.0562903881073,Reflection
oea_test_38,0.5,0.46153846153846156,True,completed,9,True,232.67779564857483,Reflection
oea_test_178,0.4,0.4,True,completed,2,False,21.22831392288208,Reflection
oea_test_1047,0.8,0.7272727272727273,True,completed,4,False,20.706523418426514,Reflection
oea_test_545,0.5,0.5454545454545454,True,completed,8,False,314.0991792678833,Reflection
oea_test_1113,0.6666666666666666,0.6153846153846153,True,completed,9,False,155.87002182006836,Reflection
oea_test_314,0.5,0.25,True,completed,6,False,27.67273497581482,Reflection
oea_test_911,0.7499999999999999,0.5263157894736842,True,completed,14,True,360.5465130805969,Reflection
oea_test_405,1.0,0.6153846153846153,True,completed,9,True,78.26581811904907,Reflection
oea_test_537,0.8571428571428571,0.888888888888889,True,completed,5,False,43.76932215690613,Reflection
oea_test_1132,0.2857142857142857,0.125,False,failed,15,False,158.65989089012146,Reflection
oea_test_492,1.0,0.6666666666666666,True,completed,8,True,106.46855545043945,Reflection
oea_test_18,1.0,1.0,False,empty_final,4,False,180.54241847991943,Reflection
oea_test_131,0.6666666666666666,0.33333333333333337,False,failed,15,False,423.61758303642273,Reflection
oea_test_682,0.8571428571428571,0.8,True,completed,6,True,87.80301308631897,Reflection
oea_test_764,0.6666666666666666,0.4444444444444444,True,completed,3,False,24.622055053710938,Reflection
oea_test_684,0.0,0.0,False,failed,15,True,372.90903782844543,Reflection
oea_test_1040,0.5,0.5,True,completed,2,False,47.66990089416504,Reflection
oea_test_389,0.4,0.2222222222222222,True,completed,6,False,226.22837281227112,Reflection
oea_test_552,0.8571428571428571,0.888888888888889,True,completed,5,False,88.04044985771179,Reflection
oea_test_410,0.0,0.0,False,completed,1,False,26.958505630493164,Reflection
oea_test_96,1.0,1.0,True,completed,4,False,77.63106775283813,Reflection
oea_test_848,1.0,1.0,True,completed,4,False,39.8032009601593,Reflection
oea_test_1069,0.8571428571428571,0.888888888888889,True,completed,5,False,95.35770273208618,Reflection
oea_test_357,0.8571428571428571,0.888888888888889,True,completed,5,False,50.5508987903595,Reflection
oea_test_502,1.0,1.0,True,completed,4,False,69.87819981575012,Reflection
oea_test_983,0.8571428571428571,0.888888888888889,True,completed,5,False,45.074780225753784,Reflection
oea_test_896,1.0,1.0,True,completed,4,False,79.25604319572449,Reflection
oea_test_1093,0.6666666666666666,0.4,True,completed,3,False,84.34651446342468,Reflection
oea_test_10,0.5,0.5,True,completed,2,False,11.208213329315186,Reflection
oea_test_942,0.0,0.0,False,completed,1,False,36.79413414001465,Reflection
oea_test_941,0.4444444444444445,0.2222222222222222,False,failed,15,True,362.96522665023804,Reflection
oea_test_551,0.6666666666666666,0.31578947368421056,False,failed,15,True,1039.2388381958008,Reflection
oea_test_108,0.8,0.31578947368421056,False,failed,15,False,69.00960564613342,Reflection
oea_test_95,0.8571428571428571,0.888888888888889,True,completed,5,False,38.18249726295471,Reflection
oea_test_333,0.8,0.6666666666666666,True,completed,3,False,30.032535791397095,Reflection
oea_test_42,0.8571428571428571,0.888888888888889,True,completed,5,False,71.68024396896362,Reflection
oea_test_41,0.8571428571428571,0.888888888888889,True,completed,5,False,45.74123167991638,Reflection
oea_test_671,0.0,0.0,False,failed,15,False,353.00319623947144,Reflection
oea_test_339,0.8571428571428571,0.888888888888889,True,completed,5,False,52.16509795188904,Reflection
oea_test_1014,0.8571428571428571,0.888888888888889,True,completed,5,False,48.1118540763855,Reflection
oea_test_482,1.0,1.0,True,completed,4,False,75.24473643302917,Reflection
oea_test_516,0.8571428571428571,0.888888888888889,True,completed,5,False,41.522398471832275,Reflection
oea_test_274,0.8571428571428571,0.888888888888889,True,completed,5,False,42.79489517211914,Reflection
oea_test_751,0.4,0.28571428571428575,True,completed,4,False,59.09749245643616,Reflection
oea_test_373,0.4,0.28571428571428575,True,completed,5,False,53.08922004699707,Reflection
oea_test_816,0.4444444444444444,0.22222222222222224,True,completed,10,False,185.21172547340393,Reflection
oea_test_114,0.5,0.4,True,completed,2,False,21.62254285812378,Reflection
oea_test_287,1.0,1.0,True,completed,5,False,82.82682681083679,Reflection
oea_test_417,0.5714285714285715,0.5,True,completed,10,False,71.08437490463257,Reflection
oea_test_1143,0.8571428571428571,0.888888888888889,True,completed,5,False,104.83402490615845,Reflection
oea_test_190,0.5714285714285715,0.5,True,completed,5,False,75.7485499382019,Reflection
oea_test_187,0.7272727272727273,0.5555555555555556,True,completed,13,True,148.69509410858154,Reflection
oea_test_967,0.8,0.7499999999999999,True,completed,5,False,129.76770687103271,Reflection
oea_test_431,0.888888888888889,0.9090909090909091,True,completed,6,False,85.46974325180054,Reflection
oea_test_559,0.5714285714285715,0.4444444444444445,True,completed,7,False,89.04126405715942,Reflection
oea_test_469,0.8571428571428571,0.888888888888889,True,completed,5,False,86.50453901290894,Reflection
oea_test_611,0.8571428571428571,0.7272727272727273,True,completed,7,True,786.5477554798126,Reflection
oea_test_589,0.6666666666666666,0.36363636363636365,True,completed,8,True,59.323604345321655,Reflection
oea_test_68,0.8571428571428571,0.888888888888889,True,completed,5,False,50.404818296432495,Reflection
oea_test_593,0.0,0.0,False,completed,1,False,10.66164493560791,Reflection
oea_test_723,1.0,1.0,True,completed,2,False,53.43682360649109,Reflection
oea_test_670,0.28571428571428575,0.16666666666666669,False,failed,15,False,369.66134786605835,Reflection
oea_test_736,0.75,0.8000000000000002,True,completed,5,False,38.60380959510803,Reflection
oea_test_383,0.28571428571428575,0.16666666666666669,True,completed,10,False,87.85225129127502,Reflection
oea_test_90,0.8,0.6666666666666666,True,completed,4,False,99.91586399078369,Reflection
oea_test_55,0.5,0.5,True,completed,7,False,44.46809935569763,Reflection
oea_test_415,0.6666666666666666,0.75,True,completed,9,True,58.26529240608215,Reflection
oea_test_539,0.8571428571428571,0.888888888888889,True,completed,5,False,50.65888571739197,Reflection
oea_test_411,0.2222222222222222,0.09090909090909091,False,failed,15,False,279.9437026977539,Reflection
oea_test_118,0.8571428571428571,0.888888888888889,True,completed,5,False,82.9823751449585,Reflection
oea_test_773,1.0,1.0,True,completed,3,False,91.10753321647644,Reflection
oea_test_420,0.8571428571428571,0.888888888888889,True,completed,5,False,48.952510356903076,Reflection
oea_test_328,0.888888888888889,0.9090909090909091,True,completed,5,False,81.31366968154907,Reflection
oea_test_72,0.75,0.8000000000000002,True,completed,5,False,32.847132444381714,Reflection
oea_test_313,0.888888888888889,0.9090909090909091,True,completed,6,False,94.72966384887695,Reflection
oea_test_1126,1.0,1.0,True,completed,4,False,77.85015606880188,Reflection
oea_test_808,0.8571428571428571,0.888888888888889,True,completed,5,False,50.12751269340515,Reflection
oea_test_1102,0.5,0.2105263157894737,True,completed,12,False,81.36149716377258,Reflection
oea_test_188,1.0,1.0,True,completed,5,False,80.71912264823914,Reflection
oea_test_1037,0.75,0.8000000000000002,True,completed,5,False,80.26962065696716,Reflection
oea_test_347,0.8,0.33333333333333337,False,failed,15,False,145.41240620613098,Reflection
oea_test_653,0.75,0.8000000000000002,True,completed,5,False,49.475491762161255,Reflection
oea_test_294,0.8571428571428571,0.888888888888889,True,completed,5,False,57.97481966018677,Reflection
oea_test_112,0.888888888888889,0.8333333333333334,True,completed,6,False,92.1362829208374,Reflection
oea_test_852,0.5714285714285715,0.28571428571428575,True,completed,11,False,297.8018732070923,Reflection
oea_test_443,0.8571428571428571,0.888888888888889,True,completed,5,False,49.42032718658447,Reflection
oea_test_749,0.5,0.5,True,completed,2,False,31.33192539215088,Reflection
oea_test_231,0.4,0.1,True,completed,14,False,188.39535975456238,Reflection
oea_test_34,0.6666666666666666,0.5333333333333333,True,completed,11,False,123.13173055648804,Reflection
oea_test_957,0.0,0.0,False,completed,4,False,75.14240741729736,Reflection
oea_test_444,0.7499999999999999,0.8,True,completed,6,False,92.24961519241333,Reflection
oea_test_571,1.0,0.6666666666666666,True,completed,4,False,56.837459325790405,Reflection
oea_test_133,0.28571428571428575,0.14285714285714288,True,completed,8,False,248.23962378501892,Reflection
oea_test_1098,0.8,0.8333333333333333,True,completed,7,False,103.43355774879456,Reflection
oea_test_515,0.33333333333333337,0.16666666666666669,True,completed,11,False,109.76405024528503,Reflection
oea_test_762,0.8571428571428571,0.888888888888889,True,completed,5,False,91.17177939414978,Reflection
oea_test_799,0.0,0.0,False,completed,4,False,39.96884083747864,Reflection
oea_test_1048,0.5714285714285715,0.5,True,completed,6,False,65.9396870136261,Reflection
oea_test_20,0.5714285714285715,0.23529411764705882,False,failed,15,True,444.6538026332855,Reflection
oea_test_841,0.5,0.5,True,completed,1,False,24.089334964752197,Reflection
oea_test_194,0.5,0.5,True,completed,2,False,9.691517353057861,Reflection
oea_test_1034,0.8571428571428571,0.8,True,completed,6,False,110.93958902359009,Reflection
oea_test_250,0.28571428571428575,0.2,True,completed,6,False,61.31269431114197,Reflection
oea_test_221,0.8571428571428571,0.6153846153846153,True,completed,9,True,114.9600031375885,Reflection
oea_test_442,0.8571428571428571,0.888888888888889,True,completed,5,False,88.97535634040833,Reflection
oea_test_1155,0.8571428571428571,0.888888888888889,True,completed,5,False,83.42917490005493,Reflection
oea_test_199,0.5,0.25,True,completed,2,False,11.712809324264526,Reflection
oea_test_196,1.0,0.8571428571428571,True,completed,3,False,17.876749753952026,Reflection
oea_test_48,0.8571428571428571,0.888888888888889,True,completed,5,False,47.86589431762695,Reflection
oea_test_812,0.7499999999999999,0.8,True,completed,6,False,102.93738913536072,Reflection
oea_test_257,0.4,0.3333333333333333,True,completed,2,False,12.971954107284546,Reflection
oea_test_402,1.0,1.0,True,completed,3,False,66.05801653862,Reflection
oea_test_1152,0.8571428571428571,0.888888888888889,True,completed,5,False,39.69436955451965,Reflection
oea_test_100,0.8,0.6666666666666666,True,completed,3,False,20.361380338668823,Reflection
oea_test_880,0.8571428571428571,0.888888888888889,True,completed,5,False,50.82267665863037,Reflection
oea_test_980,0.3333333333333333,0.28571428571428575,True,completed,5,False,34.747536182403564,Reflection
oea_test_84,0.7499999999999999,0.6666666666666666,True,completed,8,False,93.45702338218689,Reflection
oea_test_99,0.5,0.5,True,completed,2,False,16.3084397315979,Reflection
oea_test_926,0.8571428571428571,0.888888888888889,True,completed,5,False,61.19745111465454,Reflection
oea_test_303,0.5,0.26666666666666666,True,completed,12,False,310.30667543411255,Reflection
oea_test_483,1.0,1.0,True,completed,4,False,71.79657578468323,Reflection
oea_test_414,1.0,1.0,True,completed,4,False,77.86327242851257,Reflection
oea_test_679,0.5714285714285715,0.5000000000000001,True,completed,11,False,108.02112007141113,Reflection
oea_test_438,0.8571428571428571,0.888888888888889,True,completed,5,False,85.08818650245667,Reflection
oea_test_732,0.8,0.8,True,completed,9,False,60.700265407562256,Reflection
oea_test_450,0.22222222222222224,0.2,False,failed,15,False,281.60585927963257,Reflection
oea_test_947,0.7499999999999999,0.5333333333333333,True,completed,11,True,140.34841060638428,Reflection
oea_test_130,0.5,0.2857142857142857,True,completed,6,False,181.0155735015869,Reflection
oea_test_277,0.4,0.2,True,completed,6,False,123.09505367279053,Reflection
oea_test_632,0.6666666666666665,0.5714285714285714,True,completed,9,True,133.93363451957703,Reflection
oea_test_499,0.22222222222222224,0.11764705882352941,False,failed,15,False,353.19205617904663,Reflection
oea_test_255,0.8,0.7142857142857143,True,completed,9,False,143.9694221019745,Reflection
oea_test_159,0.5,0.28571428571428575,True,completed,11,False,97.18163537979126,Reflection
oea_test_725,0.8571428571428571,0.888888888888889,True,completed,5,False,51.40159344673157,Reflection
oea_test_1041,0.3636363636363636,0.18181818181818182,False,failed,15,True,595.8850140571594,Reflection
oea_test_975,0.8571428571428571,0.888888888888889,True,completed,5,False,48.89475226402283,Reflection
oea_test_1035,0.8571428571428571,0.888888888888889,True,completed,5,False,59.90902900695801,Reflection
oea_test_584,0.0,0.0,False,completed,1,False,13.642330408096313,Reflection
oea_test_1115,0.8571428571428571,0.6153846153846153,True,completed,9,True,144.16653156280518,Reflection
oea_test_393,0.8571428571428571,0.888888888888889,True,completed,5,False,81.10637927055359,Reflection
oea_test_473,0.888888888888889,0.5555555555555556,True,completed,13,False,225.1178126335144,Reflection
oea_test_579,0.75,0.8000000000000002,True,completed,5,False,82.26585745811462,Reflection
oea_test_735,0.8571428571428571,0.888888888888889,True,completed,5,False,86.05684661865234,Reflection
oea_test_140,0.4444444444444444,0.36363636363636365,True,completed,7,False,138.38603568077087,Reflection
oea_test_459,1.0,1.0,True,completed,4,False,77.02973008155823,Reflection
oea_test_1045,1.0,1.0,True,completed,6,False,99.1281943321228,Reflection
oea_test_530,0.8571428571428571,0.888888888888889,True,completed,5,False,48.54683470726013,Reflection
oea_test_494,0.5,0.3333333333333333,True,completed,9,False,145.83477234840393,Reflection
oea_test_851,0.7499999999999999,0.6666666666666666,True,completed,8,True,437.48657751083374,Reflection
oea_test_1071,0.888888888888889,0.9090909090909091,True,completed,5,False,86.52125835418701,Reflection
oea_test_184,0.7499999999999999,0.8,True,completed,6,False,93.23926949501038,Reflection
oea_test_1090,0.4,0.4,True,completed,3,False,30.553221702575684,Reflection
oea_test_430,1.0,0.888888888888889,True,completed,5,False,75.86068415641785,Reflection
oea_test_1009,0.8571428571428571,0.888888888888889,True,completed,5,False,51.110718965530396,Reflection
oea_test_334,1.0,1.0,True,completed,6,False,92.76019477844238,Reflection
oea_test_1118,0.5714285714285715,0.36363636363636365,True,completed,8,False,168.2173364162445,Reflection
oea_test_617,0.4,0.4,True,completed,4,False,31.409947156906128,Reflection
oea_test_456,0.7142857142857143,0.5,False,failed,15,True,126.77394890785217,Reflection
oea_test_587,0.0,0.0,False,completed,3,False,20.246309757232666,Reflection
oea_test_519,0.8571428571428571,0.6153846153846153,True,completed,9,True,808.7259140014648,Reflection
oea_test_1022,0.7499999999999999,0.8,True,completed,6,False,98.38045048713684,Reflection
oea_test_426,0.4,0.22222222222222224,True,completed,5,False,121.8694429397583,Reflection
oea_test_110,0.5,0.4,True,completed,2,False,20.949771642684937,Reflection
oea_test_218,1.0,1.0,True,completed,4,False,68.61246705055237,Reflection
oea_test_227,0.75,0.46153846153846156,True,completed,4,False,56.76289939880371,Reflection
oea_test_50,0.0,0.0,False,completed,5,False,89.38650298118591,Reflection
oea_test_282,0.8571428571428571,0.8,True,completed,6,False,101.0066351890564,Reflection
oea_test_733,1.0,1.0,True,completed,5,False,79.76958012580872,Reflection
oea_test_754,0.25,0.11764705882352941,True,completed,14,False,183.32489895820618,Reflection
oea_test_750,0.28571428571428575,0.2,True,completed,7,False,50.506542444229126,Reflection
oea_test_916,1.0,1.0,True,completed,4,False,84.72932553291321,Reflection
oea_test_742,0.0,0.0,False,completed,1,False,11.815569639205933,Reflection
oea_test_509,0.0,0.0,False,completed,4,False,35.30825328826904,Reflection
oea_test_504,0.8571428571428571,0.888888888888889,True,completed,5,False,77.1737744808197,Reflection
oea_test_129,0.6666666666666666,0.6666666666666666,True,completed,4,False,60.59405159950256,Reflection
oea_test_286,0.0,0.0,False,completed,3,False,41.72640252113342,Reflection
oea_test_661,0.6666666666666666,0.4,True,completed,8,False,174.15281081199646,Reflection
oea_test_634,0.8571428571428571,0.888888888888889,True,completed,5,False,48.709444999694824,Reflection
oea_test_798,0.5714285714285715,0.5,True,completed,8,False,87.32228994369507,Reflection
oea_test_648,0.25,0.09523809523809522,False,failed,15,False,438.00276350975037,Reflection
oea_test_88,0.8571428571428571,0.5714285714285715,True,completed,10,True,218.00783228874207,Reflection
oea_test_1168,0.8571428571428571,0.888888888888889,True,completed,4,False,78.29223299026489,Reflection
oea_test_954,1.0,1.0,True,completed,4,False,41.462642669677734,Reflection
oea_test_276,0.8571428571428571,0.888888888888889,True,completed,5,False,81.34380292892456,Reflection
oea_test_669,0.8571428571428571,0.6666666666666666,True,completed,8,True,174.77487206459045,Reflection
oea_test_621,0.8571428571428571,0.888888888888889,True,completed,5,False,41.46643877029419,Reflection
oea_test_1100,0.75,0.6153846153846154,True,completed,8,False,115.9144139289856,Reflection
oea_test_902,0.5714285714285715,0.2666666666666667,True,completed,13,False,200.79638123512268,Reflection
oea_test_535,1.0,1.0,True,completed,5,False,85.1205620765686,Reflection
oea_test_60,0.5,0.4,True,completed,2,False,11.91272497177124,Reflection
oea_test_614,0.4,0.3333333333333333,True,completed,9,False,50.27574443817139,Reflection
oea_test_367,1.0,0.7272727272727273,True,completed,7,True,84.93577551841736,Reflection
oea_test_1004,1.0,1.0,True,completed,4,False,78.71147298812866,Reflection
oea_test_93,0.7272727272727272,0.5882352941176471,True,completed,11,True,61.40879511833191,Reflection
oea_test_47,1.0,1.0,True,completed,4,False,74.14617705345154,Reflection
oea_test_487,1.0,1.0,True,completed,4,False,73.85638093948364,Reflection
oea_test_892,0.8571428571428571,0.888888888888889,True,completed,5,False,94.50394606590271,Reflection
oea_test_368,0.7499999999999999,0.8,True,completed,6,False,82.15277624130249,Reflection
oea_test_769,0.0,0.0,False,completed,2,False,29.596964836120605,Reflection
oea_test_162,1.0,1.0,True,completed,4,False,76.4136312007904,Reflection
oea_test_452,1.0,1.0,True,completed,3,False,11.936015367507935,Reflection
oea_test_354,0.3333333333333333,0.28571428571428575,True,completed,5,False,40.033339500427246,Reflection
oea_test_992,0.8571428571428571,0.888888888888889,True,completed,5,False,90.79640197753906,Reflection
oea_test_921,0.6666666666666666,0.7272727272727273,True,completed,7,False,102.87312936782837,Reflection
oea_test_305,0.0,0.0,False,completed,2,False,117.18276166915894,Reflection
oea_test_1070,0.4,0.3333333333333333,True,completed,2,False,25.440354108810425,Reflection
oea_test_111,0.7499999999999999,0.8,True,completed,6,False,97.01209497451782,Reflection
oea_test_422,0.8571428571428571,0.888888888888889,True,completed,5,False,42.02331256866455,Reflection
oea_test_676,0.7499999999999999,0.5,True,completed,12,True,346.548948764801,Reflection
oea_test_116,0.5,0.4,True,completed,7,False,158.01198935508728,Reflection
oea_test_945,0.4,0.25,True,completed,4,False,86.76819610595703,Reflection
oea_test_912,0.6666666666666666,0.4444444444444445,True,completed,5,False,93.0739254951477,Reflection
oea_test_1080,0.5714285714285715,0.5,True,completed,5,False,49.39437294006348,Reflection
oea_test_688,0.7499999999999999,0.8,True,completed,6,False,49.41042351722717,Reflection
oea_test_939,0.8571428571428571,0.888888888888889,True,completed,4,False,42.46365451812744,Reflection
oea_test_853,0.8571428571428571,0.888888888888889,True,completed,5,False,83.82366418838501,Reflection
oea_test_264,0.6666666666666666,0.6666666666666666,True,completed,4,False,25.979738473892212,Reflection
oea_test_923,0.7499999999999999,0.7272727272727273,True,completed,7,True,102.38978505134583,Reflection
oea_test_828,0.7499999999999999,0.7272727272727273,True,completed,7,True,93.98780703544617,Reflection
oea_test_1116,1.0,1.0,True,completed,4,False,76.99636149406433,Reflection
oea_test_1027,0.6666666666666666,0.3809523809523809,False,failed,15,True,121.05078721046448,Reflection
oea_test_895,0.5714285714285715,0.4166666666666667,False,failed,15,True,397.5747740268707,Reflection
oea_test_997,0.75,0.8000000000000002,True,completed,5,False,97.34340381622314,Reflection
oea_test_21,0.8571428571428571,0.888888888888889,True,completed,5,False,196.53289103507996,Reflection
oea_test_467,0.75,0.8000000000000002,True,completed,5,False,82.38108706474304,Reflection
oea_test_270,1.0,1.0,True,completed,4,False,72.9943311214447,Reflection
oea_test_427,0.22222222222222224,0.09523809523809522,False,failed,15,False,367.9395408630371,Reflection
oea_test_312,1.0,1.0,True,completed,4,False,79.57382988929749,Reflection
oea_test_224,0.4,0.25,True,completed,4,False,73.81636095046997,Reflection
oea_test_1011,1.0,1.0,True,completed,4,False,86.88011240959167,Reflection
oea_test_1077,0.3333333333333333,0.11764705882352941,False,failed,15,False,441.5590748786926,Reflection
oea_test_846,0.6666666666666666,0.6666666666666666,True,completed,3,False,18.80064344406128,Reflection
oea_test_794,1.0,1.0,True,completed,3,False,98.53936958312988,Reflection
oea_test_1145,0.0,0.0,False,completed,1,False,6.819072484970093,Reflection
oea_test_208,1.0,1.0,True,completed,2,False,61.51801609992981,Reflection
oea_test_386,0.8571428571428571,0.888888888888889,True,completed,5,False,86.58719086647034,Reflection
oea_test_147,1.0,1.0,True,completed,4,False,74.0146222114563,Reflection
oea_test_418,1.0,1.0,True,completed,2,False,14.505024194717407,Reflection
oea_test_659,0.75,0.8000000000000002,True,completed,5,False,85.97136878967285,Reflection
oea_test_243,0.8571428571428571,0.888888888888889,True,completed,5,False,85.6474130153656,Reflection
oea_test_972,0.8571428571428571,0.6666666666666666,True,completed,8,True,120.0268542766571,Reflection
oea_test_462,0.8571428571428571,0.888888888888889,True,completed,5,False,44.090595722198486,Reflection
oea_test_711,0.6666666666666666,0.5263157894736842,True,completed,14,True,552.3580303192139,Reflection
oea_test_49,0.8571428571428571,0.888888888888889,True,completed,5,False,46.61184883117676,Reflection
oea_test_800,0.8571428571428571,0.888888888888889,True,completed,5,False,49.876354932785034,Reflection
oea_test_496,0.6,0.35294117647058826,True,completed,14,True,346.74052691459656,Reflection
oea_test_234,1.0,1.0,True,completed,5,False,78.30501770973206,Reflection
oea_test_237,1.0,1.0,True,completed,4,False,75.78653717041016,Reflection
oea_test_788,1.0,1.0,True,completed,4,False,78.44197273254395,Reflection
oea_test_1086,0.5714285714285715,0.5,True,completed,6,False,76.42786121368408,Reflection
oea_test_457,0.8571428571428571,0.888888888888889,True,completed,5,False,83.25857591629028,Reflection
oea_test_869,0.5714285714285715,0.4444444444444445,True,completed,7,False,149.2445092201233,Reflection
oea_test_13,0.25,0.19047619047619044,False,failed,15,False,599.2564542293549,Reflection
oea_test_206,0.8571428571428571,0.888888888888889,True,completed,5,False,75.38177752494812,Reflection
oea_test_1121,0.75,0.4444444444444444,True,completed,13,True,120.75967288017273,Reflection
oea_test_71,0.6666666666666666,0.33333333333333337,True,completed,10,False,337.3423857688904,Reflection
oea_test_281,0.8571428571428571,0.888888888888889,True,completed,5,False,45.26999115943909,Reflection
oea_test_894,0.8571428571428571,0.888888888888889,True,completed,5,False,47.33705234527588,Reflection
oea_test_540,0.6666666666666666,0.33333333333333337,True,completed,10,False,325.01337695121765,Reflection
oea_test_434,0.0,0.0,False,completed,3,False,41.50328707695007,Reflection
oea_test_119,1.0,1.0,True,completed,4,False,80.53945827484131,Reflection
oea_test_526,0.5,0.28571428571428575,True,completed,3,False,28.690592527389526,Reflection
oea_test_1053,0.5,0.3333333333333333,True,completed,2,False,16.386489629745483,Reflection
oea_test_639,0.6,0.608695652173913,False,failed,15,False,171.51864004135132,Reflection
oea_test_666,0.7499999999999999,0.8,True,completed,6,False,95.69719624519348,Reflection
oea_test_176,0.75,0.8000000000000002,True,completed,5,False,89.04953622817993,Reflection
oea_test_204,0.8571428571428571,0.888888888888889,True,completed,5,False,89.17414402961731,Reflection
oea_test_815,0.6666666666666666,0.6666666666666666,True,completed,1,False,7.664261817932129,Reflection
oea_test_803,0.75,0.8000000000000002,True,completed,5,False,44.905667304992676,Reflection
oea_test_626,1.0,0.888888888888889,True,completed,5,False,30.504194259643555,Reflection
oea_test_440,0.4444444444444444,0.30769230769230765,True,completed,7,False,103.18053722381592,Reflection
oea_test_699,0.7499999999999999,0.8,True,completed,6,False,89.65681338310242,Reflection
oea_test_1083,0.5,0.4,True,completed,3,False,56.24260592460632,Reflection
oea_test_662,0.5714285714285715,0.27272727272727276,False,failed,15,False,191.76360249519348,Reflection
oea_test_144,0.8,0.8,True,completed,6,False,134.9233374595642,Reflection
oea_test_668,1.0,1.0,True,completed,6,False,93.02734279632568,Reflection
oea_test_837,0.3333333333333333,0.28571428571428575,True,completed,4,False,50.80426573753357,Reflection
oea_test_86,0.8,0.4,True,completed,8,False,72.966313123703,Reflection
oea_test_715,0.75,0.8000000000000002,True,completed,5,False,83.6134397983551,Reflection
oea_test_658,0.6,0.47058823529411764,True,completed,13,True,87.56810307502747,Reflection
oea_test_171,0.8571428571428571,0.6666666666666666,True,completed,8,True,102.72211718559265,Reflection
oea_test_395,1.0,0.8,True,completed,2,False,14.52476978302002,Reflection
oea_test_903,0.8,0.6666666666666666,True,completed,10,False,132.7932789325714,Reflection
oea_test_806,0.7499999999999999,0.4444444444444445,True,completed,14,True,701.7624208927155,Reflection
oea_test_968,0.25,0.10526315789473685,False,failed,15,False,330.0012457370758,Reflection
oea_test_745,0.4,0.25,True,completed,2,False,20.291144132614136,Reflection
oea_test_1006,0.5,0.30769230769230765,True,completed,6,False,52.469250440597534,Reflection
oea_test_608,0.7499999999999999,0.8,True,completed,6,False,86.02058601379395,Reflection
oea_test_704,0.4,0.2222222222222222,True,completed,3,False,68.8410153388977,Reflection
oea_test_741,0.4,0.4,True,completed,2,False,21.613189697265625,Reflection
oea_test_154,0.0,0.0,False,completed,2,False,15.58494520187378,Reflection
oea_test_1067,0.8571428571428571,0.888888888888889,True,completed,5,False,87.71890807151794,Reflection
oea_test_633,0.8571428571428571,0.888888888888889,True,completed,5,False,50.25086951255798,Reflection
oea_test_1029,0.8571428571428571,0.888888888888889,True,completed,5,False,53.831653118133545,Reflection
oea_test_1052,0.8571428571428571,0.888888888888889,True,completed,5,False,52.58915686607361,Reflection
oea_test_45,1.0,0.6,True,completed,3,False,15.689184427261353,Reflection
oea_test_252,0.8571428571428571,0.6153846153846153,True,completed,9,True,218.79329776763916,Reflection
oea_test_607,0.3333333333333333,0.18181818181818182,True,completed,7,False,134.73632836341858,Reflection
oea_test_777,1.0,0.888888888888889,True,completed,5,True,85.04643082618713,Reflection
oea_test_713,0.0,0.0,False,completed,1,False,6.188000679016113,Reflection
oea_test_472,0.888888888888889,0.8,True,completed,9,True,73.73415517807007,Reflection
oea_test_866,1.0,0.7058823529411764,True,completed,11,True,137.20566606521606,Reflection
oea_test_40,0.8571428571428571,0.888888888888889,True,completed,5,False,58.0352885723114,Reflection
oea_test_213,0.28571428571428575,0.11764705882352941,False,failed,15,False,76.25317072868347,Reflection
oea_test_795,1.0,1.0,True,completed,4,False,42.71972465515137,Reflection
oea_test_786,1.0,1.0,True,completed,4,False,86.06628799438477,Reflection
oea_test_62,0.0,0.0,False,completed,2,False,18.686672925949097,Reflection
oea_test_332,0.8571428571428571,0.888888888888889,True,completed,5,False,50.01611828804016,Reflection
oea_test_985,0.8571428571428571,0.888888888888889,True,completed,5,False,89.98651123046875,Reflection
oea_test_789,0.8,0.5714285714285715,True,completed,5,False,51.75329542160034,Reflection
oea_test_327,0.7499999999999999,0.8,True,completed,6,False,97.27899813652039,Reflection
oea_test_700,1.0,1.0,True,completed,5,False,83.82058668136597,Reflection
oea_test_969,0.7499999999999999,0.8,True,completed,6,False,89.89307498931885,Reflection
oea_test_1091,0.6666666666666666,0.33333333333333337,True,completed,10,False,93.98443484306335,Reflection
oea_test_466,0.5,0.5,True,completed,2,False,50.21256732940674,Reflection
oea_test_325,1.0,1.0,True,completed,5,False,87.26579451560974,Reflection
oea_test_802,0.8571428571428571,0.888888888888889,True,completed,5,False,87.54802250862122,Reflection
oea_test_770,0.6666666666666666,0.28571428571428575,True,completed,11,False,277.9660077095032,Reflection
oea_test_291,0.888888888888889,0.9090909090909091,True,completed,5,False,91.1156096458435,Reflection
oea_test_562,0.8571428571428571,0.888888888888889,True,completed,5,False,80.9019067287445,Reflection
oea_test_549,0.8571428571428571,0.888888888888889,True,completed,5,False,50.23236417770386,Reflection
oea_test_233,1.0,1.0,True,completed,5,False,77.96592879295349,Reflection
oea_test_850,1.0,1.0,True,completed,2,False,22.490458965301514,Reflection
oea_test_331,0.28571428571428575,0.18181818181818182,True,completed,7,False,73.15005779266357,Reflection
oea_test_696,0.8571428571428571,0.888888888888889,True,completed,5,False,56.90807342529297,Reflection
oea_test_289,0.0,0.0,False,completed,1,False,11.462812185287476,Reflection
oea_test_672,0.5,0.4,True,completed,2,False,13.786815404891968,Reflection
oea_test_981,1.0,1.0,True,completed,4,False,82.20689916610718,Reflection
oea_test_690,0.4,0.16666666666666666,True,completed,6,False,134.00449228286743,Reflection
oea_test_523,1.0,1.0,True,completed,5,False,84.63010168075562,Reflection
oea_test_437,0.3333333333333333,0.13333333333333333,True,completed,11,False,183.5533218383789,Reflection
oea_test_448,0.6666666666666665,0.6666666666666667,True,completed,9,False,71.20064067840576,Reflection
oea_test_842,0.8571428571428571,0.888888888888889,True,completed,5,False,42.670687675476074,Reflection
oea_test_69,1.0,1.0,True,completed,4,False,73.68406558036804,Reflection
oea_test_32,0.3333333333333333,0.25,True,completed,5,False,108.75576734542847,Reflection
oea_test_843,0.8,0.8,True,completed,3,False,17.696076154708862,Reflection
oea_test_651,0.5,0.47058823529411764,False,completed,10,True,411.18190336227417,Reflection
oea_test_322,0.8571428571428571,0.888888888888889,True,completed,5,False,37.2848219871521,Reflection
oea_test_1119,0.7499999999999999,0.8,True,completed,6,False,99.69773983955383,Reflection
oea_test_520,0.4444444444444444,0.2105263157894737,False,failed,15,True,464.48725748062134,Reflection
oea_test_498,1.0,1.0,True,completed,4,False,28.92070698738098,Reflection
oea_test_791,0.8571428571428571,0.888888888888889,True,completed,5,False,50.16875505447388,Reflection
oea_test_766,0.7499999999999999,0.7272727272727273,True,completed,7,False,123.82185411453247,Reflection
oea_test_412,1.0,1.0,True,completed,4,False,73.38388442993164,Reflection
oea_test_285,1.0,1.0,True,completed,5,False,95.18038558959961,Reflection
oea_test_893,0.8571428571428571,0.888888888888889,True,completed,5,False,48.718812465667725,Reflection
oea_test_385,0.7499999999999999,0.6666666666666666,True,completed,8,False,62.020203828811646,Reflection
oea_test_1031,0.0,0.0,False,completed,4,False,38.67121410369873,Reflection
oea_test_446,0.6153846153846154,0.5000000000000001,True,completed,11,True,334.00731563568115,Reflection
oea_test_238,0.4,0.6666666666666667,True,completed,9,False,258.7192711830139,MemRL
oea_test_1082,0.6666666666666666,0.6666666666666666,True,completed,8,False,112.23100256919861,MemRL
oea_test_153,0.5,0.2105263157894737,False,failed,15,False,176.80232739448547,MemRL
oea_test_862,0.3333333333333333,0.36363636363636365,True,completed,8,False,44.89833474159241,MemRL
oea_test_1139,0.8571428571428571,0.888888888888889,True,completed,5,False,89.27823090553284,MemRL
oea_test_538,0.8571428571428571,0.888888888888889,True,completed,5,False,87.27786183357239,MemRL
oea_test_337,1.0,0.8,True,completed,2,False,59.07256245613098,MemRL
oea_test_627,0.75,0.8000000000000002,True,completed,5,False,77.77490091323853,MemRL
oea_test_479,0.3333333333333333,0.28571428571428575,True,completed,4,True,186.44773530960083,MemRL
oea_test_215,0.8571428571428571,0.888888888888889,True,completed,5,False,137.9439799785614,MemRL
oea_test_959,1.0,1.0,True,completed,2,False,17.870238065719604,MemRL
oea_test_497,0.8571428571428571,0.8,True,completed,6,True,152.60109543800354,MemRL
oea_test_674,0.6666666666666666,0.6666666666666666,True,completed,3,False,23.4347026348114,MemRL
oea_test_439,0.8571428571428571,0.888888888888889,True,completed,5,False,86.3742470741272,MemRL
oea_test_1057,0.8571428571428571,0.888888888888889,True,completed,5,False,80.55250000953674,MemRL
oea_test_647,0.8571428571428571,0.888888888888889,True,completed,5,False,52.4903769493103,MemRL
oea_test_1146,0.8571428571428571,0.888888888888889,True,completed,5,False,44.32539629936218,MemRL
oea_test_79,0.28571428571428575,0.08695652173913045,False,failed,15,False,325.3906891345978,MemRL
oea_test_1000,0.5714285714285715,0.31578947368421056,False,failed,15,False,375.3248221874237,MemRL
oea_test_986,0.0,0.0,False,completed,1,False,12.736000776290894,MemRL
oea_test_1123,0.4,0.6666666666666665,True,completed,5,False,45.71257209777832,MemRL
oea_test_631,0.22222222222222224,0.11764705882352941,False,failed,15,False,252.66569447517395,MemRL
oea_test_646,0.8571428571428571,0.888888888888889,True,completed,5,False,171.9810094833374,MemRL
oea_test_845,0.7499999999999999,0.8,True,completed,6,False,93.16815829277039,MemRL
oea_test_390,0.8571428571428571,0.888888888888889,True,completed,5,False,98.60780596733093,MemRL
oea_test_377,0.888888888888889,0.9090909090909091,True,completed,5,False,91.30780267715454,MemRL
oea_test_404,0.8571428571428571,0.888888888888889,True,completed,5,False,48.46575355529785,MemRL
oea_test_191,0.3333333333333333,0.11764705882352941,False,failed,15,False,150.02956461906433,MemRL
oea_test_998,0.8571428571428571,0.888888888888889,True,completed,5,False,77.18962717056274,MemRL
oea_test_888,0.8,0.4,True,completed,2,False,18.921173810958862,MemRL
oea_test_489,0.4,0.2,True,completed,7,False,43.512097120285034,MemRL
oea_test_485,0.7499999999999999,0.8,True,completed,6,False,102.83281517028809,MemRL
oea_test_950,0.28571428571428575,0.4,True,completed,6,False,76.67102098464966,MemRL
oea_test_927,0.75,0.8000000000000002,True,completed,5,False,84.88092684745789,MemRL
oea_test_125,0.8571428571428571,0.888888888888889,True,completed,5,False,96.85286712646484,MemRL
oea_test_809,0.5,0.31578947368421056,False,failed,15,False,275.7338762283325,MemRL
oea_test_387,0.8,0.6666666666666666,True,completed,3,False,40.985082149505615,MemRL
oea_test_351,0.888888888888889,0.9090909090909091,True,completed,5,False,83.51836133003235,MemRL
oea_test_988,0.8571428571428571,0.888888888888889,True,completed,5,False,81.7406210899353,MemRL
oea_test_27,0.8571428571428571,0.888888888888889,True,completed,5,False,44.696611404418945,MemRL
oea_test_890,0.8571428571428571,0.888888888888889,True,completed,5,False,31.680084228515625,MemRL
oea_test_512,0.8571428571428571,0.888888888888889,True,completed,5,False,91.66401076316833,MemRL
oea_test_424,1.0,1.0,True,completed,5,False,84.42869162559509,MemRL
oea_test_1008,0.0,0.0,False,completed,3,False,54.74658155441284,MemRL
oea_test_1125,1.0,0.8,True,completed,2,False,15.778352737426758,MemRL
oea_test_1149,0.5454545454545454,0.625,True,completed,11,False,74.8568902015686,MemRL
oea_test_80,0.8571428571428571,0.888888888888889,True,completed,5,False,78.60904288291931,MemRL
oea_test_1084,0.5714285714285715,0.5714285714285715,True,completed,6,False,75.83932971954346,MemRL
oea_test_388,0.5,0.4,True,completed,2,False,20.005430221557617,MemRL
oea_test_914,0.5,0.5333333333333333,False,completed,10,True,499.4045102596283,MemRL
oea_test_554,1.0,0.6,True,completed,3,False,19.40314269065857,MemRL
oea_test_1021,0.7499999999999999,0.4615384615384615,True,completed,10,False,106.45745515823364,MemRL
oea_test_629,0.3333333333333333,0.3333333333333333,True,completed,4,False,32.05314493179321,MemRL
oea_test_595,0.8571428571428571,0.888888888888889,True,completed,5,False,90.55637001991272,MemRL
oea_test_1144,0.7499999999999999,0.8,True,completed,6,False,89.99410772323608,MemRL
oea_test_544,0.3333333333333333,0.6666666666666666,True,completed,6,False,102.89100098609924,MemRL
oea_test_261,0.8571428571428571,0.888888888888889,True,completed,5,False,81.17998313903809,MemRL
oea_test_87,0.28571428571428575,0.15384615384615385,True,completed,11,False,237.8314664363861,MemRL
oea_test_1072,0.8571428571428571,0.888888888888889,True,completed,5,False,87.9714093208313,MemRL
oea_test_604,1.0,0.6666666666666666,True,completed,8,True,1189.2839691638947,MemRL
oea_test_826,0.8571428571428571,0.888888888888889,True,completed,5,False,201.95536422729492,MemRL
oea_test_461,0.3333333333333333,0.11111111111111112,True,completed,14,False,226.0270757675171,MemRL
oea_test_362,0.7499999999999999,0.8,True,completed,6,False,131.79803705215454,MemRL
oea_test_951,0.8571428571428571,0.888888888888889,True,completed,5,False,84.06200361251831,MemRL
oea_test_447,0.7499999999999999,0.7272727272727273,True,completed,7,False,99.82291531562805,MemRL
oea_test_123,0.6666666666666666,0.6666666666666666,True,completed,3,False,23.19801688194275,MemRL
oea_test_624,0.0,0.0,False,completed,1,False,10.802972555160522,MemRL
oea_test_155,0.5,0.4,True,completed,3,False,17.02268886566162,MemRL
oea_test_819,0.25,0.11764705882352941,False,failed,15,False,304.173668384552,MemRL
oea_test_26,0.6666666666666666,0.6666666666666666,True,completed,8,False,108.40660357475281,MemRL
oea_test_1015,0.6666666666666666,0.5714285714285715,True,completed,4,False,100.38053560256958,MemRL
oea_test_656,0.8571428571428571,0.888888888888889,True,completed,5,False,47.46500015258789,MemRL
oea_test_210,0.7499999999999999,0.8,True,completed,6,False,132.51108241081238,MemRL
oea_test_955,0.5,0.4,True,completed,2,False,18.6833598613739,MemRL
oea_test_1129,0.7499999999999999,0.7272727272727273,True,completed,7,False,90.75937294960022,MemRL
oea_test_166,0.5714285714285715,0.2,False,failed,15,False,296.3374092578888,MemRL
oea_test_500,0.888888888888889,0.7142857142857143,True,completed,9,True,72.85853791236877,MemRL
oea_test_1018,0.5,0.3333333333333333,True,completed,5,False,56.81854200363159,MemRL
oea_test_1081,0.8571428571428571,0.888888888888889,True,completed,5,False,85.29465651512146,MemRL
oea_test_126,0.8571428571428571,0.888888888888889,True,completed,5,False,82.19007682800293,MemRL
oea_test_491,0.75,0.7272727272727272,True,completed,6,True,93.30271315574646,MemRL
oea_test_720,0.8571428571428571,0.888888888888889,True,completed,5,False,105.6297218799591,MemRL
oea_test_428,0.4,0.4444444444444444,True,completed,6,False,171.87236976623535,MemRL
oea_test_663,1.0,1.0,True,completed,6,False,94.54109597206116,MemRL
oea_test_301,0.8571428571428571,0.888888888888889,True,completed,5,False,87.23578667640686,MemRL
oea_test_22,0.8571428571428571,0.888888888888889,True,completed,5,False,87.33762264251709,MemRL
oea_test_999,0.4,0.4,True,completed,1,False,12.569762468338013,MemRL
oea_test_731,0.8,0.5,True,completed,6,False,30.63293743133545,MemRL
oea_test_753,1.0,0.6666666666666666,True,completed,3,False,17.910296201705933,MemRL
oea_test_885,1.0,0.6666666666666666,True,completed,3,False,14.777729749679565,MemRL
oea_test_781,0.7499999999999999,0.8,True,completed,6,False,97.24383044242859,MemRL
oea_test_691,0.8571428571428571,0.888888888888889,True,completed,5,False,72.92441630363464,MemRL
oea_test_365,0.8,0.6666666666666666,True,completed,3,False,103.69133448600769,MemRL
oea_test_474,0.4444444444444445,0.28571428571428575,True,completed,11,False,178.5337951183319,MemRL
oea_test_1157,0.8571428571428571,0.888888888888889,True,completed,5,False,92.52755451202393,MemRL
oea_test_192,0.5714285714285714,0.47619047619047616,False,failed,15,True,535.6947677135468,MemRL
oea_test_164,0.75,0.8000000000000002,True,completed,5,False,87.2623360157013,MemRL
oea_test_592,0.0,0.0,False,completed,4,False,18.872397422790527,MemRL
oea_test_1085,0.8571428571428571,0.888888888888889,True,completed,5,False,77.11396932601929,MemRL
oea_test_757,0.7499999999999999,0.8,True,completed,6,False,103.82090330123901,MemRL
oea_test_618,0.5,0.6,True,completed,6,False,95.07582521438599,MemRL
oea_test_836,0.8,0.5714285714285715,True,completed,2,False,12.216907978057861,MemRL
oea_test_1026,0.7499999999999999,0.8,True,completed,6,False,93.27305746078491,MemRL
oea_test_364,0.0,0.0,False,completed,2,False,17.863288402557373,MemRL
oea_test_293,0.8571428571428571,0.8,True,completed,6,True,55.35793614387512,MemRL
oea_test_591,0.8571428571428571,0.888888888888889,True,completed,5,False,81.92709159851074,MemRL
oea_test_445,0.7499999999999999,0.7499999999999999,True,completed,5,False,36.945523262023926,MemRL
oea_test_810,0.7499999999999999,0.5714285714285715,True,completed,10,True,893.7221097946167,MemRL
oea_test_269,0.28571428571428575,0.28571428571428575,True,completed,4,False,41.76304483413696,MemRL
oea_test_566,0.8571428571428571,0.8235294117647058,True,completed,10,False,128.11422157287598,MemRL
oea_test_263,0.8571428571428571,0.888888888888889,True,completed,5,False,70.44290375709534,MemRL
oea_test_134,0.8571428571428571,0.888888888888889,True,completed,5,False,86.81343245506287,MemRL
oea_test_396,1.0,0.5714285714285715,True,completed,2,False,31.08445906639099,MemRL
oea_test_1032,0.6666666666666666,0.6666666666666666,True,completed,2,False,12.407505750656128,MemRL
oea_test_793,0.8571428571428571,0.8,True,completed,6,True,82.50442147254944,MemRL
oea_test_478,0.75,0.8000000000000002,True,completed,5,False,50.00598168373108,MemRL
oea_test_925,0.5,0.4,True,completed,2,False,12.219345331192017,MemRL
oea_test_382,0.22222222222222224,0.11764705882352941,False,failed,15,False,168.07045769691467,MemRL
oea_test_308,0.8571428571428571,0.888888888888889,True,completed,5,False,100.00130534172058,MemRL
oea_test_54,0.5,0.14285714285714285,True,completed,12,False,346.06843662261963,MemRL
oea_test_570,0.7499999999999999,0.8,True,completed,6,False,93.70138478279114,MemRL
oea_test_891,1.0,1.0,True,completed,5,False,85.27244019508362,MemRL
oea_test_776,0.4,0.28571428571428575,True,completed,4,False,55.37964606285095,MemRL
oea_test_75,0.4,0.5,True,completed,4,False,32.667497873306274,MemRL
oea_test_145,0.75,0.8000000000000002,True,completed,5,False,82.88231563568115,MemRL
oea_test_288,0.5,0.7999999999999999,True,completed,8,False,56.37367033958435,MemRL
oea_test_407,0.8571428571428571,0.888888888888889,True,completed,5,False,81.5222430229187,MemRL
oea_test_316,1.0,1.0,True,completed,4,False,80.36076760292053,MemRL
oea_test_1089,0.28571428571428575,0.25,True,completed,5,False,34.10766625404358,MemRL
oea_test_259,0.8571428571428571,0.888888888888889,True,completed,5,False,52.93081569671631,MemRL
oea_test_1166,0.8,0.5,True,completed,6,False,268.45788836479187,MemRL
oea_test_1033,0.7499999999999999,0.8,True,completed,6,False,90.24185276031494,MemRL
oea_test_1042,1.0,1.0,True,completed,5,False,88.47805380821228,MemRL
oea_test_1099,0.888888888888889,0.9333333333333333,True,completed,8,True,66.64789819717407,MemRL
oea_test_1130,0.7499999999999999,0.42857142857142855,True,completed,11,False,114.37914943695068,MemRL
oea_test_913,1.0,1.0,True,completed,4,False,36.52028775215149,MemRL
oea_test_693,0.6666666666666666,0.7272727272727273,True,completed,7,False,105.12396001815796,MemRL
oea_test_163,1.0,1.0,True,completed,4,False,48.70341420173645,MemRL
oea_test_761,0.75,0.8000000000000002,True,completed,5,False,42.0109441280365,MemRL
oea_test_948,0.8,0.6,True,completed,7,False,108.91273665428162,MemRL
oea_test_1103,0.75,0.8000000000000002,True,completed,5,False,92.5743932723999,MemRL
oea_test_16,1.0,1.0,True,completed,2,False,18.8932888507843,MemRL
oea_test_158,0.8571428571428571,0.888888888888889,True,completed,5,False,79.52099537849426,MemRL
oea_test_104,0.4,0.4444444444444444,True,completed,6,False,191.0951545238495,MemRL
oea_test_296,1.0,1.0,True,completed,5,False,48.423558473587036,MemRL
oea_test_563,0.8571428571428571,0.888888888888889,True,completed,5,False,80.51138114929199,MemRL
oea_test_529,0.5714285714285715,0.6153846153846153,False,failed,15,False,331.7933621406555,MemRL
oea_test_857,0.3333333333333333,0.22222222222222224,True,completed,4,False,31.513487339019775,MemRL
oea_test_654,1.0,1.0,True,completed,7,False,60.53489565849304,MemRL
oea_test_598,0.5,0.2,True,completed,8,False,40.87528443336487,MemRL
oea_test_1050,1.0,1.0,True,completed,4,False,39.26260781288147,MemRL
oea_test_242,0.4,0.23529411764705882,False,failed,15,False,332.57240772247314,MemRL
oea_test_522,0.8571428571428571,0.888888888888889,True,completed,5,False,80.08760046958923,MemRL
oea_test_1030,0.8,0.5,True,completed,3,False,28.199796438217163,MemRL
oea_test_719,0.888888888888889,0.9090909090909091,True,completed,6,False,83.32226419448853,MemRL
oea_test_796,0.8,0.4444444444444445,True,completed,7,False,181.18948459625244,MemRL
oea_test_470,0.3333333333333333,0.10526315789473685,False,failed,15,False,213.10078716278076,MemRL
oea_test_115,0.8571428571428571,0.888888888888889,True,completed,5,False,109.77928328514099,MemRL
oea_test_141,0.8571428571428571,0.888888888888889,True,completed,5,False,82.85948944091797,MemRL
oea_test_94,0.8571428571428571,0.888888888888889,True,completed,5,False,92.50981307029724,MemRL
oea_test_824,1.0,1.0,True,completed,5,False,80.78775382041931,MemRL
oea_test_673,0.75,0.8000000000000002,True,completed,5,False,84.52680468559265,MemRL
oea_test_245,0.8571428571428571,0.888888888888889,True,completed,5,False,91.31812787055969,MemRL
oea_test_905,0.8571428571428571,0.888888888888889,True,completed,5,False,78.2363646030426,MemRL
oea_test_235,0.7499999999999999,0.8,True,completed,6,False,131.96841597557068,MemRL
oea_test_635,0.4,0.3333333333333333,True,completed,3,False,58.558857917785645,MemRL
oea_test_987,1.0,1.0,True,completed,2,False,15.110650539398193,MemRL
oea_test_513,0.8571428571428571,0.888888888888889,True,completed,5,False,81.41977667808533,MemRL
oea_test_946,0.6666666666666665,0.7272727272727272,True,completed,6,False,83.33288240432739,MemRL
oea_test_1097,0.6666666666666666,0.8,True,completed,2,False,11.4933762550354,MemRL
oea_test_12,0.8571428571428571,0.888888888888889,True,completed,5,False,90.30520796775818,MemRL
oea_test_855,0.7499999999999999,0.8,True,completed,6,False,82.15974164009094,MemRL
oea_test_361,0.6666666666666666,0.5714285714285715,True,completed,5,False,101.1805145740509,MemRL
oea_test_982,0.7499999999999999,0.7272727272727273,True,completed,7,True,99.66067266464233,MemRL
oea_test_272,0.6666666666666666,0.75,True,completed,4,False,60.90621757507324,MemRL
oea_test_847,0.8571428571428571,0.888888888888889,True,completed,5,False,82.09138488769531,MemRL
oea_test_67,0.0,0.0,False,completed,5,False,37.266457080841064,MemRL
oea_test_588,0.4444444444444444,0.2105263157894737,False,failed,15,False,359.64913296699524,MemRL
oea_test_763,0.5,0.16666666666666669,True,completed,2,False,19.99191451072693,MemRL
oea_test_738,0.4,0.2105263157894737,False,failed,15,False,259.9805552959442,MemRL
oea_test_1124,0.8571428571428571,0.888888888888889,True,completed,5,False,84.95329260826111,MemRL
oea_test_822,0.75,0.7272727272727272,True,completed,6,True,84.58267831802368,MemRL
oea_test_375,0.7499999999999999,0.8,True,completed,6,False,91.68208622932434,MemRL
oea_test_767,0.8571428571428571,0.888888888888889,True,completed,5,False,97.74685645103455,MemRL
oea_test_1156,0.7499999999999999,0.8,True,completed,6,False,87.01545357704163,MemRL
oea_test_550,0.75,0.8000000000000002,True,completed,5,False,41.27791786193848,MemRL
oea_test_30,1.0,1.0,True,completed,4,False,82.6372697353363,MemRL
oea_test_61,0.8571428571428571,0.888888888888889,True,completed,5,False,84.96050000190735,MemRL
oea_test_297,0.8571428571428571,0.6666666666666666,True,completed,8,True,95.92630076408386,MemRL
oea_test_1003,0.6666666666666666,0.6666666666666666,True,completed,3,False,25.550737619400024,MemRL
oea_test_311,0.7499999999999999,0.5714285714285715,True,completed,10,False,90.8234555721283,MemRL
oea_test_1056,0.4,0.28571428571428575,True,completed,4,False,107.62256598472595,MemRL
oea_test_170,0.8,0.8,True,completed,2,False,13.919168710708618,MemRL
oea_test_226,0.75,0.8000000000000002,True,completed,5,False,79.10733795166016,MemRL
oea_test_907,0.5,0.2,True,completed,2,False,18.097967386245728,MemRL
oea_test_363,0.4444444444444445,0.30769230769230765,True,completed,9,False,155.90519666671753,MemRL
oea_test_1016,0.8571428571428571,0.888888888888889,True,completed,5,False,83.04458928108215,MemRL
oea_test_65,0.8571428571428571,0.888888888888889,True,completed,5,False,43.38434052467346,MemRL
oea_test_874,0.7499999999999999,0.7272727272727273,True,completed,7,True,296.34174275398254,MemRL
oea_test_1088,0.8571428571428571,0.888888888888889,True,completed,5,False,101.14073729515076,MemRL
oea_test_121,0.8,0.5714285714285715,True,completed,4,False,49.678595304489136,MemRL
oea_test_825,0.7499999999999999,0.8,True,completed,6,False,83.99626111984253,MemRL
oea_test_195,0.8,0.5714285714285715,True,completed,10,True,174.91686606407166,MemRL
oea_test_1005,0.8,0.6666666666666666,True,completed,4,False,52.748992681503296,MemRL
oea_test_1140,0.4444444444444445,0.18181818181818182,False,failed,15,True,561.7813150882721,MemRL
oea_test_774,0.8571428571428571,0.888888888888889,True,completed,5,False,89.57188844680786,MemRL
oea_test_148,0.7499999999999999,0.8,True,completed,6,False,90.91712045669556,MemRL
oea_test_1039,0.5,0.4,True,completed,3,False,44.492926836013794,MemRL
oea_test_728,1.0,1.0,True,completed,4,False,100.45998859405518,MemRL
oea_test_863,1.0,1.0,True,completed,4,False,39.83206272125244,MemRL
oea_test_581,0.6153846153846153,0.4545454545454545,False,failed,15,True,659.8048017024994,MemRL
oea_test_1095,0.8571428571428571,0.8571428571428571,True,completed,3,False,13.942973613739014,MemRL
oea_test_965,0.8571428571428571,0.888888888888889,True,completed,5,False,85.34382200241089,MemRL
oea_test_790,0.8571428571428571,0.888888888888889,True,completed,5,False,83.92201852798462,MemRL
oea_test_401,0.6666666666666666,0.4444444444444445,True,completed,7,False,64.85829520225525,MemRL
oea_test_952,1.0,1.0,True,completed,4,False,71.65950131416321,MemRL
oea_test_91,0.7499999999999999,0.8,True,completed,6,True,50.74985480308533,MemRL
oea_test_602,0.28571428571428575,0.10526315789473685,False,failed,15,False,115.64919257164001,MemRL
oea_test_830,0.5,0.3333333333333333,True,completed,3,False,14.733983516693115,MemRL
oea_test_236,0.6666666666666666,0.6666666666666666,True,completed,1,False,51.070239543914795,MemRL
oea_test_514,0.8571428571428571,0.888888888888889,True,completed,5,False,90.5700306892395,MemRL
oea_test_480,0.4,0.5,True,completed,5,True,183.70290303230286,MemRL
oea_test_165,0.0,0.0,False,completed,1,False,11.183756828308105,MemRL
oea_test_451,0.75,0.8000000000000002,True,completed,5,False,85.89543390274048,MemRL
oea_test_189,0.8,0.8,True,completed,3,False,31.422539472579956,MemRL
oea_test_706,0.6666666666666666,0.6666666666666666,True,completed,8,False,127.85326194763184,MemRL
oea_test_201,0.4444444444444444,0.2,False,failed,15,False,154.024028301239,MemRL
oea_test_1120,0.8571428571428571,0.888888888888889,True,completed,5,False,79.39540362358093,MemRL
oea_test_620,0.7499999999999999,0.7272727272727273,True,completed,7,False,99.09599542617798,MemRL
oea_test_484,0.8,0.5714285714285715,True,completed,5,False,86.35220646858215,MemRL
oea_test_25,0.4,0.3333333333333333,True,completed,3,False,48.83805322647095,MemRL
oea_test_558,0.4,0.4,True,completed,3,False,62.784491300582886,MemRL
oea_test_44,0.75,0.8000000000000002,True,completed,5,False,89.7550151348114,MemRL
oea_test_78,0.8571428571428571,0.888888888888889,True,completed,5,False,42.50286149978638,MemRL
oea_test_576,0.75,0.8000000000000002,True,completed,5,False,85.51231741905212,MemRL
oea_test_861,0.0,0.0,False,completed,1,False,8.598851919174194,MemRL
oea_test_567,0.8,0.75,True,completed,4,False,35.618229389190674,MemRL
oea_test_183,0.8571428571428571,0.888888888888889,True,completed,5,False,88.92413997650146,MemRL
oea_test_173,0.8571428571428571,0.888888888888889,True,completed,5,False,44.163581132888794,MemRL
oea_test_963,0.0,0.0,False,completed,9,False,124.19201993942261,MemRL
oea_test_996,1.0,1.0,True,completed,4,False,52.189404249191284,MemRL
oea_test_889,0.8571428571428571,0.888888888888889,True,completed,5,False,80.8997004032135,MemRL
oea_test_193,0.8571428571428571,0.888888888888889,True,completed,5,False,84.40872859954834,MemRL
oea_test_455,0.8571428571428571,0.888888888888889,True,completed,5,False,48.0723192691803,MemRL
oea_test_680,0.6666666666666666,0.23529411764705882,False,failed,15,False,310.98816871643066,MemRL
oea_test_919,0.8571428571428571,0.5,True,completed,3,False,26.249921083450317,MemRL
oea_test_887,0.25,0.1,False,failed,15,False,160.45343685150146,MemRL
oea_test_486,0.7499999999999999,0.8,True,completed,6,False,113.458163022995,MemRL
oea_test_1122,0.8,0.6666666666666666,True,completed,3,False,61.00228762626648,MemRL
oea_test_689,0.6666666666666666,0.5714285714285715,True,completed,5,True,226.11498379707336,MemRL
oea_test_628,0.28571428571428575,0.22222222222222224,True,completed,5,False,18.24900460243225,MemRL
oea_test_229,0.6666666666666665,0.7272727272727272,True,completed,6,False,142.83319997787476,MemRL
oea_test_471,0.7499999999999999,0.8,True,completed,6,False,99.35703659057617,MemRL
oea_test_74,0.8571428571428571,0.888888888888889,True,completed,5,False,39.41860508918762,MemRL
oea_test_821,0.28571428571428575,0.2,True,completed,4,False,34.360321044921875,MemRL
oea_test_320,1.0,1.0,True,completed,1,False,11.162471532821655,MemRL
oea_test_419,0.8571428571428571,0.888888888888889,True,completed,5,False,91.76204109191895,MemRL
oea_test_605,0.6666666666666666,0.7499999999999999,True,completed,5,False,46.821089029312134,MemRL
oea_test_573,0.8571428571428571,0.888888888888889,True,completed,5,False,82.59201097488403,MemRL
oea_test_64,0.8571428571428571,0.888888888888889,True,completed,5,False,91.03451323509216,MemRL
oea_test_615,0.8,0.8235294117647058,True,completed,10,True,73.68122339248657,MemRL
oea_test_1012,0.7499999999999999,0.8,True,completed,6,False,105.87114930152893,MemRL
oea_test_200,0.8571428571428571,0.888888888888889,True,completed,5,False,85.78007173538208,MemRL
oea_test_326,0.0,0.0,False,completed,2,False,13.880281448364258,MemRL
oea_test_984,0.5714285714285715,0.4444444444444445,True,completed,5,False,21.70720934867859,MemRL
oea_test_594,0.5,0.5,True,completed,2,False,13.942638874053955,MemRL
oea_test_909,0.6153846153846154,0.47619047619047616,False,failed,15,True,290.41186356544495,MemRL
oea_test_175,0.8571428571428571,0.888888888888889,True,completed,5,False,56.46988320350647,MemRL
oea_test_0,0.8571428571428571,0.888888888888889,True,completed,5,False,89.54295039176941,MemRL
oea_test_449,1.0,1.0,True,completed,5,False,87.82951593399048,MemRL
oea_test_53,0.888888888888889,0.9090909090909091,True,completed,5,False,87.4994249343872,MemRL
oea_test_1106,0.75,0.8000000000000002,True,completed,5,False,78.85292267799377,MemRL
oea_test_703,0.8571428571428571,0.888888888888889,True,completed,5,False,83.87177228927612,MemRL
oea_test_1127,0.5,0.6153846153846154,True,completed,8,False,237.4397644996643,MemRL
oea_test_152,0.3333333333333333,0.7142857142857143,True,completed,8,False,170.51967549324036,MemRL
oea_test_4,0.8571428571428571,0.888888888888889,True,completed,5,False,41.78989839553833,MemRL
oea_test_1153,0.888888888888889,0.9090909090909091,True,completed,5,False,89.02448058128357,MemRL
oea_test_1087,0.75,0.8000000000000002,True,completed,5,False,81.23109149932861,MemRL
oea_test_807,1.0,1.0,True,completed,5,False,52.74565052986145,MemRL
oea_test_555,0.4,0.2,True,completed,2,False,25.273404836654663,MemRL
oea_test_113,0.25,0.10526315789473685,False,failed,15,False,202.26668334007263,MemRL
oea_test_792,0.5,0.33333333333333337,False,failed,15,False,392.7050452232361,MemRL
oea_test_701,0.7499999999999999,0.7272727272727273,True,completed,7,False,96.80847716331482,MemRL
oea_test_1142,0.3333333333333333,0.11764705882352941,False,failed,15,False,178.64695930480957,MemRL
oea_test_712,0.7499999999999999,0.8,True,completed,6,False,109.87906694412231,MemRL
oea_test_524,0.8571428571428571,0.888888888888889,True,completed,5,False,91.60094380378723,MemRL
oea_test_180,0.8571428571428571,0.888888888888889,True,completed,5,False,78.31944847106934,MemRL
oea_test_56,0.8000000000000002,0.47619047619047616,False,failed,15,True,858.5654520988464,MemRL
oea_test_1112,0.7692307692307693,0.6,True,completed,14,True,107.26390504837036,MemRL
oea_test_797,0.75,0.8000000000000002,True,completed,5,False,82.55654048919678,MemRL
oea_test_716,0.75,0.8000000000000002,True,completed,5,False,156.92499089241028,MemRL
oea_test_380,0.8571428571428571,0.888888888888889,True,completed,5,False,48.93316650390625,MemRL
oea_test_39,0.3333333333333333,0.18181818181818182,True,completed,8,True,204.61270260810852,MemRL
oea_test_1161,0.8571428571428571,0.8571428571428571,True,completed,4,False,23.6777606010437,MemRL
oea_test_284,0.5714285714285715,0.4000000000000001,True,completed,5,False,79.64920616149902,MemRL
oea_test_521,0.8571428571428571,0.888888888888889,True,completed,5,False,44.18552112579346,MemRL
oea_test_43,1.0,1.0,True,completed,3,False,19.738730669021606,MemRL
oea_test_585,0.8571428571428571,0.888888888888889,True,completed,5,False,84.18138456344604,MemRL
oea_test_1128,0.6666666666666666,0.5333333333333333,True,completed,11,True,568.1601464748383,MemRL
oea_test_756,0.8571428571428571,0.888888888888889,True,completed,5,False,93.01350378990173,MemRL
oea_test_136,0.8571428571428571,0.888888888888889,True,completed,5,False,83.89994406700134,MemRL
oea_test_833,0.8571428571428571,0.888888888888889,True,completed,5,False,80.60946083068848,MemRL
oea_test_586,0.7499999999999999,0.8,True,completed,6,False,48.39931273460388,MemRL
oea_test_268,0.8571428571428571,0.888888888888889,True,completed,5,False,84.66442322731018,MemRL
oea_test_66,0.4,0.3333333333333333,True,completed,3,False,23.43127751350403,MemRL
oea_test_142,0.5714285714285715,0.30769230769230765,True,completed,4,False,39.55280137062073,MemRL
oea_test_973,0.3333333333333333,0.4444444444444444,True,completed,6,False,40.22845983505249,MemRL
oea_test_371,0.8,0.8,True,completed,3,False,45.19692826271057,MemRL
oea_test_212,0.8571428571428571,0.888888888888889,True,completed,5,False,168.72246503829956,MemRL
oea_test_597,0.8571428571428571,0.888888888888889,True,completed,5,False,104.44306373596191,MemRL
oea_test_655,0.4,0.4,True,completed,2,False,32.09297490119934,MemRL
oea_test_805,0.28571428571428575,0.16666666666666666,True,completed,6,False,91.0067491531372,MemRL
oea_test_8,0.8571428571428571,0.888888888888889,True,completed,5,False,84.38638353347778,MemRL
oea_test_37,0.5,0.7142857142857143,True,completed,8,True,405.55854630470276,MemRL
oea_test_714,0.4444444444444444,0.3333333333333333,True,completed,9,False,113.20826983451843,MemRL
oea_test_403,0.3333333333333333,0.25,True,completed,4,False,26.68966054916382,MemRL
oea_test_432,0.5,0.28571428571428575,True,completed,2,False,11.02573013305664,MemRL
oea_test_353,1.0,1.0,True,completed,2,False,19.722597360610962,MemRL
oea_test_758,0.8571428571428571,0.8571428571428571,True,completed,4,False,80.67484259605408,MemRL
oea_test_686,0.8571428571428571,0.888888888888889,True,completed,5,False,87.86759281158447,MemRL
oea_test_785,1.0,0.8,True,completed,9,False,125.26506233215332,MemRL
oea_test_574,0.8,0.8888888888888888,True,completed,9,False,152.52889943122864,MemRL
oea_test_858,1.0,1.0,True,completed,5,False,85.86510610580444,MemRL
oea_test_1158,0.8571428571428571,0.888888888888889,True,completed,5,False,89.35415267944336,MemRL
oea_test_258,0.7499999999999999,0.6,True,completed,7,False,52.39958143234253,MemRL
oea_test_156,0.8571428571428571,0.888888888888889,True,completed,5,False,86.84745693206787,MemRL
oea_test_222,0.7499999999999999,0.8,True,completed,6,False,88.0563178062439,MemRL
oea_test_391,0.8571428571428571,0.888888888888889,True,completed,5,False,84.48706269264221,MemRL
oea_test_1163,0.8571428571428571,0.888888888888889,True,completed,5,False,85.29133987426758,MemRL
oea_test_542,0.8571428571428571,0.8,True,completed,6,True,89.39415144920349,MemRL
oea_test_625,0.0,0.0,False,completed,3,False,63.690338373184204,MemRL
oea_test_1135,0.7499999999999999,0.8,True,completed,6,False,90.38995051383972,MemRL
oea_test_256,0.7499999999999999,0.5,True,completed,12,True,586.7904515266418,MemRL
oea_test_7,0.7499999999999999,0.8,True,completed,6,False,90.02658033370972,MemRL
oea_test_1028,0.5,0.5714285714285715,True,completed,3,False,19.5911705493927,MemRL
oea_test_877,1.0,1.0,True,completed,3,False,60.268301248550415,MemRL
oea_test_818,0.8571428571428571,0.888888888888889,True,completed,5,False,81.69804692268372,MemRL
oea_test_935,0.7499999999999999,0.8,True,completed,6,False,87.8602032661438,MemRL
oea_test_1148,0.8,0.36363636363636365,True,completed,4,False,111.57017397880554,MemRL
oea_test_829,0.4444444444444445,0.2,False,failed,15,True,799.3739454746246,MemRL
oea_test_168,0.6666666666666666,0.7142857142857143,True,completed,8,False,149.5375599861145,MemRL
oea_test_1,1.0,1.0,True,completed,2,False,16.610038995742798,MemRL
oea_test_309,0.8,0.6666666666666666,True,completed,3,False,26.235066413879395,MemRL
oea_test_737,0.8571428571428571,0.888888888888889,True,completed,5,False,85.18084621429443,MemRL
oea_test_644,0.33333333333333337,0.1818181818181818,True,completed,9,False,126.91264271736145,MemRL
oea_test_508,0.3333333333333333,0.28571428571428575,True,completed,5,False,30.92073345184326,MemRL
oea_test_871,0.8571428571428571,0.888888888888889,True,completed,5,False,81.79943466186523,MemRL
oea_test_503,1.0,1.0,True,completed,2,False,17.8529314994812,MemRL
oea_test_279,0.8571428571428571,0.888888888888889,True,completed,5,False,162.90822577476501,MemRL
oea_test_1094,0.7499999999999999,0.8,True,completed,6,False,81.30565285682678,MemRL
oea_test_650,0.8571428571428571,0.888888888888889,True,completed,5,False,66.9594235420227,MemRL
oea_test_423,0.8571428571428571,0.888888888888889,True,completed,5,False,90.72945046424866,MemRL
oea_test_920,0.8571428571428571,0.888888888888889,True,completed,5,False,40.901755809783936,MemRL
oea_test_352,0.4,0.3333333333333333,True,completed,2,False,21.064603090286255,MemRL
oea_test_394,0.8571428571428571,0.888888888888889,True,completed,5,False,84.82948970794678,MemRL
oea_test_546,0.75,0.8000000000000002,True,completed,5,False,77.36447930335999,MemRL
oea_test_321,0.8571428571428571,0.888888888888889,True,completed,5,False,82.44270491600037,MemRL
oea_test_124,0.8571428571428571,0.888888888888889,True,completed,5,False,75.3778064250946,MemRL
oea_test_603,0.8571428571428571,0.888888888888889,True,completed,5,False,84.16317439079285,MemRL
oea_test_338,0.3333333333333333,0.1818181818181818,True,completed,6,False,33.10677719116211,MemRL
oea_test_458,0.6666666666666666,0.6666666666666666,True,completed,4,False,39.23724102973938,MemRL
oea_test_324,0.7499999999999999,0.8,True,completed,6,False,90.58810448646545,MemRL
oea_test_346,0.6666666666666666,0.30769230769230765,True,completed,4,False,63.763635873794556,MemRL
oea_test_1137,0.6666666666666666,0.4615384615384615,True,completed,10,False,61.567755460739136,MemRL
oea_test_708,0.6666666666666666,0.4,False,failed,15,True,91.28274178504944,MemRL
oea_test_924,0.4444444444444444,0.2,True,completed,14,False,236.34473943710327,MemRL
oea_test_1150,0.8571428571428571,0.888888888888889,True,completed,5,False,42.21387243270874,MemRL
oea_test_254,0.8,0.6666666666666666,True,completed,3,False,100.63328886032104,MemRL
oea_test_547,0.5,0.6666666666666666,True,completed,3,False,40.51333546638489,MemRL
oea_test_964,0.8571428571428571,0.888888888888889,True,completed,5,False,49.4535915851593,MemRL
oea_test_105,0.8,0.8,True,completed,3,False,18.70670485496521,MemRL
oea_test_378,1.0,1.0,True,completed,4,False,46.18886590003967,MemRL
oea_test_260,0.6666666666666666,0.7499999999999999,True,completed,5,False,45.91260552406311,MemRL
oea_test_1036,1.0,1.0,True,completed,4,False,26.246561527252197,MemRL
oea_test_300,1.0,1.0,True,completed,6,False,92.70791244506836,MemRL
oea_test_151,0.4,0.3333333333333333,True,completed,2,False,17.375279426574707,MemRL
oea_test_441,0.28571428571428575,0.2,True,completed,4,False,44.36802625656128,MemRL
oea_test_348,1.0,0.6,True,completed,7,False,50.33061861991882,MemRL
oea_test_350,0.8571428571428571,0.888888888888889,True,completed,5,False,94.62334871292114,MemRL
oea_test_694,0.8571428571428571,0.888888888888889,True,completed,5,False,46.480510234832764,MemRL
oea_test_962,0.8,0.888888888888889,True,completed,4,False,33.495487213134766,MemRL
oea_test_253,0.8,0.8,True,completed,3,False,66.12873983383179,MemRL
oea_test_970,0.3333333333333333,0.3333333333333333,True,completed,4,False,35.90303945541382,MemRL
oea_test_934,0.75,0.8000000000000002,True,completed,5,False,38.94881892204285,MemRL
oea_test_435,0.6666666666666666,0.5714285714285715,True,completed,5,False,34.9326810836792,MemRL
oea_test_465,0.3333333333333333,0.28571428571428575,True,completed,5,False,35.0505051612854,MemRL
oea_test_687,1.0,1.0,True,completed,4,False,40.476398229599,MemRL
oea_test_464,0.4,0.4444444444444444,True,completed,6,False,65.89296126365662,MemRL
oea_test_146,0.8571428571428571,0.888888888888889,True,completed,5,False,49.87733006477356,MemRL
oea_test_977,1.0,1.0,True,completed,5,False,90.00876951217651,MemRL
oea_test_695,0.8571428571428571,0.7272727272727273,True,completed,7,True,201.41578674316406,MemRL
oea_test_15,0.8571428571428571,0.888888888888889,True,completed,5,False,60.55683469772339,MemRL
oea_test_729,0.28571428571428575,0.28571428571428575,True,completed,11,False,75.40341663360596,MemRL
oea_test_748,0.8571428571428571,0.888888888888889,True,completed,5,False,62.05483436584473,MemRL
oea_test_29,0.6666666666666666,0.36363636363636365,True,completed,8,False,31.578022956848145,MemRL
oea_test_641,0.7499999999999999,0.6666666666666666,True,completed,8,True,77.16551661491394,MemRL
oea_test_768,0.8,0.4444444444444445,True,completed,2,False,11.542563676834106,MemRL
oea_test_343,1.0,1.0,True,completed,2,False,14.825092792510986,MemRL
oea_test_157,0.8,0.8,True,completed,3,False,16.139047384262085,MemRL
oea_test_864,0.8571428571428571,0.888888888888889,True,completed,5,False,78.09942746162415,MemRL
oea_test_278,0.8571428571428571,0.888888888888889,True,completed,5,False,161.16450428962708,MemRL
oea_test_1131,1.0,1.0,True,completed,2,False,13.188827514648438,MemRL
oea_test_271,0.8571428571428571,0.888888888888889,True,completed,5,False,84.95332622528076,MemRL
oea_test_610,0.8571428571428571,0.8,True,completed,6,False,91.8591365814209,MemRL
oea_test_917,1.0,1.0,True,completed,4,False,35.8011531829834,MemRL
oea_test_722,0.7499999999999999,0.8,True,completed,6,False,61.307321071624756,MemRL
oea_test_1162,0.8571428571428571,0.888888888888889,True,completed,5,False,84.80654096603394,MemRL
oea_test_197,0.5714285714285715,0.4444444444444445,True,completed,7,False,93.86457061767578,MemRL
oea_test_174,0.5714285714285715,0.33333333333333337,False,failed,15,False,122.1574444770813,MemRL
oea_test_137,1.0,1.0,True,completed,7,False,71.92170810699463,MemRL
oea_test_844,1.0,1.0,True,completed,4,False,27.681844234466553,MemRL
oea_test_251,0.5,0.3333333333333333,True,completed,3,False,27.43301033973694,MemRL
oea_test_813,0.8571428571428571,0.7272727272727273,True,completed,7,True,93.73866152763367,MemRL
oea_test_413,0.8571428571428571,0.888888888888889,True,completed,5,False,91.67810225486755,MemRL
oea_test_949,0.8571428571428571,0.888888888888889,True,completed,5,False,79.94039535522461,MemRL
oea_test_1043,0.8,0.7499999999999999,True,completed,3,False,18.54753279685974,MemRL
oea_test_198,0.3333333333333333,0.22222222222222224,True,completed,7,False,71.86728811264038,MemRL
oea_test_1058,0.8571428571428571,0.888888888888889,True,completed,5,False,81.45500159263611,MemRL
oea_test_185,0.7499999999999999,0.8,True,completed,6,False,99.58828115463257,MemRL
oea_test_275,0.7499999999999999,0.8,True,completed,6,False,119.07865834236145,MemRL
oea_test_433,0.5,0.4,True,completed,3,False,20.226441621780396,MemRL
oea_test_1164,0.5714285714285715,0.5,True,completed,9,False,216.50181794166565,MemRL
oea_test_875,0.8571428571428571,0.888888888888889,True,completed,5,False,79.86463236808777,MemRL
oea_test_216,1.0,0.8,True,completed,2,False,12.579893112182617,MemRL
oea_test_476,0.8571428571428571,0.888888888888889,True,completed,5,False,89.17069029808044,MemRL
oea_test_1096,0.8571428571428571,0.888888888888889,True,completed,5,False,88.67081785202026,MemRL
oea_test_1068,0.75,0.8000000000000002,True,completed,5,False,85.00320553779602,MemRL
oea_test_899,0.8571428571428571,0.888888888888889,True,completed,5,False,42.73449683189392,MemRL
oea_test_488,0.75,0.8000000000000002,True,completed,5,False,94.17849206924438,MemRL
oea_test_897,0.5,0.6666666666666666,True,completed,3,False,16.275346279144287,MemRL
oea_test_209,0.7142857142857143,0.6666666666666666,True,completed,12,False,91.38467526435852,MemRL
oea_test_971,1.0,0.8333333333333333,True,completed,7,False,69.852126121521,MemRL
oea_test_1060,0.8571428571428571,0.888888888888889,True,completed,5,False,105.31822848320007,MemRL
oea_test_961,0.8571428571428571,0.888888888888889,True,completed,5,False,52.57586312294006,MemRL
oea_test_683,0.28571428571428575,0.125,True,completed,12,True,359.29440450668335,MemRL
oea_test_600,1.0,1.0,True,completed,4,False,32.65749955177307,MemRL
oea_test_392,0.5714285714285715,0.7692307692307692,True,completed,7,False,52.74171233177185,MemRL
oea_test_397,0.4,0.5714285714285715,True,completed,4,False,120.27299118041992,MemRL
oea_test_19,0.28571428571428575,0.2222222222222222,True,completed,6,False,87.63315963745117,MemRL
oea_test_873,0.8571428571428571,0.4210526315789474,False,failed,15,True,1106.3074672222137,MemRL
oea_test_82,0.6666666666666666,0.5263157894736842,True,completed,14,False,106.06930494308472,MemRL
oea_test_677,0.6666666666666666,0.2105263157894737,False,failed,15,False,329.3863744735718,MemRL
oea_test_724,0.4,0.28571428571428575,True,completed,3,False,35.64386868476868,MemRL
oea_test_1160,0.8571428571428571,0.8,True,completed,6,True,84.06941843032837,MemRL
oea_test_244,1.0,1.0,True,completed,2,False,9.678039312362671,MemRL
oea_test_376,0.4,0.28571428571428575,True,completed,10,False,63.052467346191406,MemRL
oea_test_577,0.4,0.5,True,completed,6,False,75.16617918014526,MemRL
oea_test_884,0.28571428571428575,0.2,True,completed,7,False,291.348393201828,MemRL
oea_test_1092,0.5,0.2,False,failed,15,True,1972.8132503032684,MemRL
oea_test_220,0.8571428571428571,0.888888888888889,True,completed,5,False,57.306209564208984,MemRL
oea_test_643,0.8571428571428571,0.888888888888889,True,completed,5,False,44.48775887489319,MemRL
oea_test_225,0.7499999999999999,0.8,True,completed,6,False,85.92512798309326,MemRL
oea_test_132,0.7499999999999999,0.8,True,completed,6,False,139.61608958244324,MemRL
oea_test_931,0.8,0.5882352941176471,True,completed,12,False,178.1032817363739,MemRL
oea_test_906,0.28571428571428575,0.16666666666666666,True,completed,9,True,102.7438485622406,MemRL
oea_test_974,0.8571428571428571,0.888888888888889,True,completed,5,False,87.82909798622131,MemRL
oea_test_203,0.3333333333333333,0.16666666666666669,True,completed,10,False,101.74852013587952,MemRL
oea_test_649,0.8571428571428571,0.888888888888889,True,completed,5,False,82.90635752677917,MemRL
oea_test_827,0.8571428571428571,0.888888888888889,True,completed,5,False,45.79055118560791,MemRL
oea_test_784,0.7499999999999999,0.8,True,completed,6,False,85.50571155548096,MemRL
oea_test_787,0.8571428571428571,0.888888888888889,True,completed,5,False,86.29329895973206,MemRL
oea_test_572,0.5,0.3333333333333333,True,completed,8,False,128.04987716674805,MemRL
oea_test_207,0.7499999999999999,0.8,True,completed,6,False,97.03930044174194,MemRL
oea_test_883,1.0,1.0,True,completed,7,False,62.04948282241821,MemRL
oea_test_1078,0.0,0.0,False,completed,2,False,20.379636526107788,MemRL
oea_test_882,0.4,0.28571428571428575,False,failed,15,False,586.5752136707306,MemRL
oea_test_1075,0.4,0.22222222222222224,True,completed,4,False,23.13043713569641,MemRL
oea_test_425,0.8571428571428571,0.7777777777777778,True,completed,11,True,332.7682754993439,MemRL
oea_test_329,0.8571428571428571,0.888888888888889,True,completed,5,False,199.6748456954956,MemRL
oea_test_453,0.4,0.75,True,completed,9,False,103.11279487609863,MemRL
oea_test_70,0.28571428571428575,0.13333333333333333,True,completed,12,False,240.98427629470825,MemRL
oea_test_490,0.5714285714285715,0.4444444444444444,True,completed,6,False,41.983293771743774,MemRL
oea_test_505,0.8571428571428571,0.888888888888889,True,completed,5,False,88.42582678794861,MemRL
oea_test_820,0.0,0.0,False,completed,3,False,59.428351163864136,MemRL
oea_test_561,0.7499999999999999,0.8,True,completed,6,False,116.64895224571228,MemRL
oea_test_59,0.6666666666666665,0.6,True,completed,6,False,43.83427166938782,MemRL
oea_test_341,0.4,0.25,True,completed,5,False,62.11467456817627,MemRL
oea_test_223,0.28571428571428575,0.3,False,failed,15,False,224.4235394001007,MemRL
oea_test_707,1.0,1.0,True,completed,2,False,13.25611686706543,MemRL
oea_test_6,0.8571428571428571,0.888888888888889,True,completed,5,False,80.57421946525574,MemRL
oea_test_345,0.8571428571428571,0.888888888888889,True,completed,5,False,84.41828179359436,MemRL
oea_test_898,0.7499999999999999,0.8,True,completed,6,False,64.96660375595093,MemRL
oea_test_709,0.8571428571428571,0.888888888888889,True,completed,5,False,93.42107939720154,MemRL
oea_test_772,0.0,0.0,False,completed,2,False,27.353353023529053,MemRL
oea_test_1154,0.4,0.7142857142857143,True,completed,7,False,44.74640464782715,MemRL
oea_test_317,0.8,0.6153846153846153,True,completed,9,True,863.2450973987579,MemRL
oea_test_922,0.28571428571428575,0.12500000000000003,True,completed,11,True,307.449373960495,MemRL
oea_test_1061,0.33333333333333337,0.15384615384615385,True,completed,12,False,236.53034782409668,MemRL
oea_test_564,0.8571428571428571,0.888888888888889,True,completed,5,False,85.5751965045929,MemRL
oea_test_117,0.7499999999999999,0.8,True,completed,6,False,98.28896141052246,MemRL
oea_test_240,0.3333333333333333,0.6666666666666666,True,completed,7,False,283.563912153244,MemRL
oea_test_135,0.8,0.8571428571428571,True,completed,4,False,64.76743268966675,MemRL
oea_test_304,0.8571428571428571,0.888888888888889,True,completed,5,False,57.01503610610962,MemRL
oea_test_421,0.8571428571428571,0.7272727272727273,True,completed,7,False,68.69604182243347,MemRL
oea_test_379,1.0,1.0,True,completed,2,False,13.08269453048706,MemRL
oea_test_3,0.8571428571428571,0.888888888888889,True,completed,5,False,55.9937903881073,MemRL
oea_test_642,0.8571428571428571,0.888888888888889,True,completed,5,False,84.14447832107544,MemRL
oea_test_1059,0.8,0.5714285714285715,True,completed,5,False,22.750475883483887,MemRL
oea_test_664,0.8,0.5714285714285715,True,completed,5,False,41.25440502166748,MemRL
oea_test_932,0.8571428571428571,0.888888888888889,True,completed,5,False,78.07009816169739,MemRL
oea_test_859,0.25,0.22222222222222224,True,completed,7,False,66.71674919128418,MemRL
oea_test_1013,0.5,0.4444444444444445,True,completed,5,False,173.32694840431213,MemRL
oea_test_202,0.7499999999999999,0.8,True,completed,6,False,96.78603959083557,MemRL
oea_test_97,1.0,1.0,True,completed,7,False,67.69494962692261,MemRL
oea_test_248,1.0,1.0,True,completed,7,False,72.4921281337738,MemRL
oea_test_1134,1.0,0.8,True,completed,2,False,9.07893443107605,MemRL
oea_test_1111,0.8571428571428571,0.888888888888889,True,completed,5,False,44.46943426132202,MemRL
oea_test_14,0.5,0.4,True,completed,2,False,21.990745067596436,MemRL
oea_test_823,0.6666666666666666,0.6666666666666666,True,completed,6,False,46.886844635009766,MemRL
oea_test_101,0.4,0.28571428571428575,True,completed,3,False,25.263728618621826,MemRL
oea_test_601,0.8571428571428571,0.888888888888889,True,completed,5,False,109.77819681167603,MemRL
oea_test_1074,0.5714285714285715,0.6666666666666666,True,completed,8,False,41.52555823326111,MemRL
oea_test_81,0.5,0.4444444444444444,True,completed,6,False,168.12183618545532,MemRL
oea_test_1104,0.8571428571428571,0.888888888888889,True,completed,5,False,85.77688479423523,MemRL
oea_test_730,0.8571428571428571,0.888888888888889,True,completed,5,False,96.19987368583679,MemRL
oea_test_1167,0.8571428571428571,0.888888888888889,True,completed,5,False,71.50596857070923,MemRL
oea_test_1025,0.6666666666666666,0.7272727272727273,True,completed,7,False,61.73337388038635,MemRL
oea_test_940,0.6666666666666666,0.7272727272727273,True,completed,7,False,129.19505190849304,MemRL
oea_test_122,0.7499999999999999,0.6666666666666666,True,completed,8,False,95.01515102386475,MemRL
oea_test_28,0.8,0.5714285714285715,False,failed,15,True,486.8129162788391,MemRL
oea_test_323,1.0,1.0,True,completed,3,False,17.04538106918335,MemRL
oea_test_1065,0.8571428571428571,0.888888888888889,True,completed,5,False,94.63439154624939,MemRL
oea_test_727,0.5,0.25,True,completed,4,False,93.25909376144409,MemRL
oea_test_933,1.0,0.5714285714285715,True,completed,2,False,85.00079226493835,MemRL
oea_test_167,0.28571428571428575,0.2,False,failed,15,False,282.79016757011414,MemRL
oea_test_1108,0.4444444444444445,0.23529411764705882,False,failed,15,True,324.82191705703735,MemRL
oea_test_995,0.6666666666666666,0.5,True,completed,4,False,47.66286873817444,MemRL
oea_test_273,0.6666666666666666,0.4,True,completed,8,False,85.82976484298706,MemRL
oea_test_901,0.8571428571428571,0.888888888888889,True,completed,5,False,80.30273294448853,MemRL
oea_test_569,0.7499999999999999,0.8,True,completed,6,True,52.15373921394348,MemRL
oea_test_89,0.7499999999999999,0.7272727272727273,True,completed,7,True,64.9444670677185,MemRL
oea_test_596,0.8571428571428571,0.888888888888889,True,completed,5,False,52.090160608291626,MemRL
oea_test_416,0.6666666666666666,0.4210526315789474,False,failed,15,True,134.6103217601776,MemRL
oea_test_1073,0.28571428571428575,0.16666666666666666,True,completed,7,False,23.825075149536133,MemRL
oea_test_782,0.5714285714285715,0.33333333333333337,True,completed,10,False,160.0252549648285,MemRL
oea_test_534,0.8571428571428571,0.888888888888889,True,completed,5,False,85.46261930465698,MemRL
oea_test_958,0.0,0.0,False,completed,2,False,12.600980043411255,MemRL
oea_test_85,0.888888888888889,0.625,True,completed,11,False,113.03523325920105,MemRL
oea_test_1138,0.7499999999999999,0.6153846153846153,True,completed,9,True,530.9476339817047,MemRL
oea_test_408,1.0,1.0,True,completed,5,False,40.59736251831055,MemRL
oea_test_645,1.0,0.7692307692307693,True,completed,8,False,37.58454656600952,MemRL
oea_test_280,0.8571428571428571,0.888888888888889,True,completed,5,False,161.5441381931305,MemRL
oea_test_262,0.8571428571428571,0.888888888888889,True,completed,5,False,63.728737115859985,MemRL
oea_test_315,0.8571428571428571,0.888888888888889,True,completed,5,False,87.27799344062805,MemRL
oea_test_870,0.5,0.3076923076923077,True,completed,8,False,90.95990490913391,MemRL
oea_test_1110,0.4,0.25,True,completed,5,False,130.76751852035522,MemRL
oea_test_501,0.3333333333333333,0.25,True,completed,13,False,164.20974349975586,MemRL
oea_test_533,0.8571428571428571,0.888888888888889,True,completed,5,False,84.29297375679016,MemRL
oea_test_1133,0.7499999999999999,0.8,True,completed,6,False,82.50804448127747,MemRL
oea_test_510,0.5714285714285715,0.31578947368421056,False,failed,15,True,869.6087968349457,MemRL
oea_test_876,0.3333333333333333,0.56,False,failed,15,False,106.00538444519043,MemRL
oea_test_740,0.8571428571428571,0.888888888888889,True,completed,5,False,83.69015502929688,MemRL
oea_test_660,0.7499999999999999,0.8,True,completed,6,False,87.4702570438385,MemRL
oea_test_249,0.7499999999999999,0.8,True,completed,6,False,86.44184994697571,MemRL
oea_test_102,0.5,0.2666666666666667,True,completed,13,False,268.98705649375916,MemRL
oea_test_1046,0.8571428571428571,0.888888888888889,True,completed,5,False,96.27079606056213,MemRL
oea_test_568,0.5,0.4444444444444444,True,completed,6,False,132.15056777000427,MemRL
oea_test_381,1.0,0.888888888888889,True,completed,5,True,89.25156593322754,MemRL
oea_test_219,0.8,0.8571428571428571,True,completed,4,False,27.59650158882141,MemRL
oea_test_369,0.7499999999999999,0.5333333333333333,True,completed,11,False,94.82176232337952,MemRL
oea_test_205,0.7499999999999999,0.8,True,completed,6,False,103.30053758621216,MemRL
oea_test_702,0.7499999999999999,0.47058823529411764,True,completed,13,True,394.63505387306213,MemRL
oea_test_429,0.3333333333333333,0.10526315789473685,True,completed,12,False,291.87800455093384,MemRL
oea_test_23,0.0,0.0,False,completed,1,False,29.727912664413452,MemRL
oea_test_759,0.8571428571428571,0.8,True,completed,6,True,171.65364861488342,MemRL
oea_test_436,0.5714285714285715,0.6,True,completed,6,False,99.33286118507385,MemRL
oea_test_1109,0.8571428571428571,0.888888888888889,True,completed,5,False,81.78924751281738,MemRL
oea_test_372,0.0,0.0,False,completed,5,True,63.88120126724243,MemRL
oea_test_127,0.8571428571428571,0.888888888888889,True,completed,5,False,86.64149141311646,MemRL
oea_test_349,1.0,1.0,True,completed,5,False,86.47946333885193,MemRL
oea_test_667,0.6666666666666666,0.6666666666666666,True,completed,4,False,82.42525815963745,MemRL
oea_test_652,0.6666666666666666,0.5714285714285715,True,completed,3,False,36.59482502937317,MemRL
oea_test_531,0.0,0.0,False,completed,6,False,102.86527228355408,MemRL
oea_test_1107,0.5,0.5,True,completed,2,False,42.080191135406494,MemRL
oea_test_860,1.0,1.0,True,completed,5,False,84.491384267807,MemRL
oea_test_678,0.888888888888889,0.9090909090909091,True,completed,5,False,83.68129110336304,MemRL
oea_test_1165,0.5454545454545454,0.33333333333333337,False,failed,15,False,277.36100578308105,MemRL
oea_test_865,0.75,0.8000000000000002,True,completed,5,False,74.2262852191925,MemRL
oea_test_120,0.8571428571428571,0.888888888888889,True,completed,5,False,50.72168254852295,MemRL
oea_test_298,0.8571428571428571,0.8,True,completed,6,True,91.21602511405945,MemRL
oea_test_77,0.8571428571428571,0.888888888888889,True,completed,5,False,89.49902892112732,MemRL
oea_test_657,0.5,0.16666666666666669,True,completed,10,False,166.7013099193573,MemRL
oea_test_1002,0.8571428571428571,0.888888888888889,True,completed,5,False,84.08713698387146,MemRL
oea_test_292,0.8571428571428571,0.6666666666666666,True,completed,8,True,347.7783114910126,MemRL
oea_test_839,0.28571428571428575,0.15384615384615383,True,completed,6,False,70.27188420295715,MemRL
oea_test_1017,0.7499999999999999,0.8,True,completed,6,False,92.74278569221497,MemRL
oea_test_232,0.75,0.8000000000000002,True,completed,5,False,126.76687717437744,MemRL
oea_test_1141,0.3333333333333333,0.25,True,completed,6,False,102.70238709449768,MemRL
oea_test_358,0.8571428571428571,0.888888888888889,True,completed,5,False,88.98814010620117,MemRL
oea_test_290,0.75,0.8000000000000002,True,completed,5,False,84.48400354385376,MemRL
oea_test_283,0.0,0.0,False,completed,6,False,53.84321045875549,MemRL
oea_test_1114,0.7499999999999999,0.8,True,completed,6,False,87.73238968849182,MemRL
oea_test_374,0.6666666666666666,0.36363636363636365,True,completed,3,False,22.844843864440918,MemRL
oea_test_665,1.0,0.8,True,completed,2,False,22.140578508377075,MemRL
oea_test_11,0.7499999999999999,0.8,True,completed,6,False,92.41814613342285,MemRL
oea_test_1007,0.8,0.8,True,completed,3,False,22.967297315597534,MemRL
oea_test_553,0.8571428571428571,0.888888888888889,True,completed,5,False,94.45842838287354,MemRL
oea_test_928,0.7499999999999999,0.8,True,completed,6,False,94.82651710510254,MemRL
oea_test_565,0.0,0.0,False,completed,1,False,46.13385558128357,MemRL
oea_test_956,0.8571428571428571,0.888888888888889,True,completed,5,False,87.14566421508789,MemRL
oea_test_92,0.7499999999999999,0.8,True,completed,6,False,96.06177878379822,MemRL
oea_test_993,0.6666666666666666,0.7272727272727273,True,completed,7,False,111.75832605361938,MemRL
oea_test_356,0.5,0.4444444444444444,True,completed,6,False,245.35413789749146,MemRL
oea_test_831,0.8571428571428571,0.888888888888889,True,completed,5,False,40.925849199295044,MemRL
oea_test_908,0.8000000000000002,0.7272727272727272,True,completed,6,False,71.64202237129211,MemRL
oea_test_630,0.25,0.1,False,failed,15,False,447.4630913734436,MemRL
oea_test_801,0.0,0.0,False,completed,2,False,73.54916024208069,MemRL
oea_test_872,0.7499999999999999,0.8,True,completed,6,False,87.36318445205688,MemRL
oea_test_817,0.7499999999999999,0.8,True,completed,6,False,93.6345784664154,MemRL
oea_test_1117,0.5,0.5,True,completed,2,False,13.742130517959595,MemRL
oea_test_979,0.28571428571428575,0.16666666666666666,True,completed,6,False,31.172900915145874,MemRL
oea_test_246,0.4,0.4,True,completed,8,False,75.5092225074768,MemRL
oea_test_1054,0.8,0.8,True,completed,9,True,113.90553140640259,MemRL
oea_test_463,0.7499999999999999,0.8,True,completed,6,False,87.58884739875793,MemRL
oea_test_247,0.8571428571428571,0.888888888888889,True,completed,5,False,92.97857236862183,MemRL
oea_test_636,0.8571428571428571,0.888888888888889,True,completed,5,False,82.15029788017273,MemRL
oea_test_930,0.28571428571428575,0.2,True,completed,6,False,93.71533155441284,MemRL
oea_test_744,0.8571428571428571,0.888888888888889,True,completed,5,False,80.56355333328247,MemRL
oea_test_1038,0.7499999999999999,0.8,True,completed,6,False,94.11787796020508,MemRL
oea_test_878,1.0,1.0,True,completed,2,False,13.17153263092041,MemRL
oea_test_994,0.6666666666666666,0.23529411764705882,True,completed,4,False,41.050642013549805,MemRL
oea_test_840,0.8571428571428571,0.888888888888889,True,completed,5,False,84.74898076057434,MemRL
oea_test_295,0.75,0.8000000000000002,True,completed,5,False,77.23182010650635,MemRL
oea_test_57,1.0,1.0,True,completed,3,False,25.979244470596313,MemRL
oea_test_186,0.3333333333333333,0.25,True,completed,5,False,54.35203194618225,MemRL
oea_test_814,0.8,0.8571428571428571,True,completed,4,False,73.7460663318634,MemRL
oea_test_1063,0.7499999999999999,0.8,True,completed,6,False,90.2804012298584,MemRL
oea_test_355,0.5,0.5,True,completed,6,False,42.94831585884094,MemRL
oea_test_138,0.8,0.7272727272727273,True,completed,7,False,42.787408113479614,MemRL
oea_test_783,0.25,0.11764705882352941,False,failed,15,False,359.6215102672577,MemRL
oea_test_867,1.0,0.8333333333333333,True,completed,7,False,62.83975315093994,MemRL
oea_test_182,0.7499999999999999,0.8,True,completed,6,False,92.77207660675049,MemRL
oea_test_400,0.8571428571428571,0.888888888888889,True,completed,5,False,89.76410269737244,MemRL
oea_test_590,0.6666666666666666,0.6,True,completed,14,False,192.73002791404724,MemRL
oea_test_340,0.8571428571428571,0.888888888888889,True,completed,5,False,92.1537561416626,MemRL
oea_test_306,0.7499999999999999,0.8,True,completed,6,False,100.44136810302734,MemRL
oea_test_266,0.8571428571428571,0.888888888888889,True,completed,5,False,93.38867974281311,MemRL
oea_test_548,0.7499999999999999,0.8,True,completed,6,True,54.13514304161072,MemRL
oea_test_214,0.8,0.5454545454545454,True,completed,5,False,39.083659648895264,MemRL
oea_test_609,1.0,0.8,True,completed,2,False,11.142243385314941,MemRL
oea_test_1066,0.8571428571428571,0.888888888888889,True,completed,5,False,99.40739130973816,MemRL
oea_test_780,0.8571428571428571,0.888888888888889,True,completed,5,False,90.86144375801086,MemRL
oea_test_335,0.7499999999999999,0.8,True,completed,6,False,130.14183616638184,MemRL
oea_test_475,0.5,0.25,True,completed,14,True,276.5100555419922,MemRL
oea_test_575,0.8571428571428571,0.888888888888889,True,completed,5,False,52.28368306159973,MemRL
oea_test_681,0.3333333333333333,0.3333333333333333,True,completed,4,False,32.593745708465576,MemRL
oea_test_834,1.0,1.0,True,completed,5,False,81.08553004264832,MemRL
oea_test_583,0.8571428571428571,0.888888888888889,True,completed,5,False,87.5700032711029,MemRL
oea_test_960,1.0,1.0,True,completed,4,False,45.27697443962097,MemRL
oea_test_307,0.7499999999999999,0.7272727272727273,True,completed,7,False,104.5779356956482,MemRL
oea_test_1010,0.8571428571428571,0.888888888888889,True,completed,5,False,113.47323513031006,MemRL
oea_test_477,0.8571428571428571,0.888888888888889,True,completed,5,False,56.201536655426025,MemRL
oea_test_1001,0.7499999999999999,0.8,True,completed,6,False,93.90343761444092,MemRL
oea_test_172,1.0,1.0,True,completed,3,False,20.635789155960083,MemRL
oea_test_536,0.6666666666666666,0.23529411764705882,False,failed,15,False,492.54308676719666,MemRL
oea_test_399,0.75,0.8000000000000002,True,completed,5,False,78.81088495254517,MemRL
oea_test_856,0.25,0.13333333333333333,True,completed,12,False,158.13307452201843,MemRL
oea_test_1159,0.5714285714285715,0.3636363636363636,True,completed,6,False,57.4908664226532,MemRL
oea_test_149,0.8571428571428571,0.888888888888889,True,completed,5,False,56.100289821624756,MemRL
oea_test_518,0.5,0.28571428571428575,True,completed,8,False,87.37913632392883,MemRL
oea_test_409,0.4,0.375,True,completed,12,False,132.66438269615173,MemRL
oea_test_318,1.0,1.0,True,completed,2,False,13.81456184387207,MemRL
oea_test_103,0.8571428571428571,0.888888888888889,True,completed,5,False,79.40430188179016,MemRL
oea_test_63,0.75,0.8000000000000002,True,completed,5,False,72.51592230796814,MemRL
oea_test_710,0.8571428571428571,0.888888888888889,True,completed,5,False,90.39348888397217,MemRL
oea_test_239,0.7499999999999999,0.8,True,completed,6,False,69.29728937149048,MemRL
oea_test_73,0.25,0.11764705882352941,False,failed,15,True,141.0098099708557,MemRL
oea_test_734,0.33333333333333337,0.4444444444444445,True,completed,7,False,184.914128780365,MemRL
oea_test_525,0.6666666666666666,0.7272727272727273,True,completed,7,True,83.76368880271912,MemRL
oea_test_640,0.6,0.6153846153846153,True,completed,9,False,69.95549297332764,MemRL
oea_test_265,0.6666666666666666,0.6666666666666666,True,completed,8,True,73.91462421417236,MemRL
oea_test_1101,0.7499999999999999,0.6153846153846153,True,completed,9,True,52.11345195770264,MemRL
oea_test_1019,1.0,0.8333333333333333,True,completed,7,False,75.59492945671082,MemRL
oea_test_1051,0.8571428571428571,0.888888888888889,True,completed,5,False,94.51345252990723,MemRL
oea_test_319,0.4,0.4,True,completed,2,False,16.29395866394043,MemRL
oea_test_33,0.75,0.8000000000000002,True,completed,5,False,90.0529112815857,MemRL
oea_test_613,0.75,0.8000000000000002,True,completed,5,False,79.88127899169922,MemRL
oea_test_879,0.6,0.375,True,completed,12,True,562.0178799629211,MemRL
oea_test_495,0.4,0.3333333333333333,True,completed,3,False,37.13036608695984,MemRL
oea_test_481,0.6666666666666666,0.33333333333333337,False,failed,15,True,339.93786692619324,MemRL
oea_test_177,1.0,0.8,True,completed,2,False,16.697999000549316,MemRL
oea_test_692,1.0,1.0,True,completed,2,False,18.39262628555298,MemRL
oea_test_1105,0.4,0.7692307692307692,True,completed,7,False,45.08690619468689,MemRL
oea_test_344,0.8571428571428571,0.888888888888889,True,completed,5,False,90.50243282318115,MemRL
oea_test_726,1.0,1.0,True,completed,3,False,30.885682582855225,MemRL
oea_test_169,0.8571428571428571,0.888888888888889,True,completed,5,False,92.39198637008667,MemRL
oea_test_838,0.0,0.0,False,completed,1,False,10.3831946849823,MemRL
oea_test_106,1.0,1.0,True,completed,5,False,47.43684506416321,MemRL
oea_test_743,0.8,0.7999999999999999,True,completed,11,False,165.29654335975647,MemRL
oea_test_580,0.3333333333333333,0.2,True,completed,7,False,351.0408263206482,MemRL
oea_test_51,0.8571428571428571,0.888888888888889,True,completed,5,False,57.928168058395386,MemRL
oea_test_2,1.0,1.0,True,completed,2,False,22.847289085388184,MemRL
oea_test_976,0.8571428571428571,0.888888888888889,True,completed,5,False,76.82166528701782,MemRL
oea_test_779,0.8571428571428571,0.888888888888889,True,completed,5,False,80.92397975921631,MemRL
oea_test_336,0.8,0.6666666666666666,True,completed,4,False,62.50140070915222,MemRL
oea_test_179,0.8,0.4444444444444445,True,completed,5,False,72.72072672843933,MemRL
oea_test_752,0.8571428571428571,0.888888888888889,True,completed,5,False,82.27355289459229,MemRL
oea_test_143,0.8571428571428571,0.888888888888889,True,completed,5,False,83.10011696815491,MemRL
oea_test_342,0.6666666666666666,0.5714285714285715,True,completed,3,False,32.0647337436676,MemRL
oea_test_765,0.4,0.15384615384615383,True,completed,10,False,100.08991956710815,MemRL
oea_test_718,0.8571428571428571,0.888888888888889,True,completed,5,False,141.90025901794434,MemRL
oea_test_832,0.6666666666666666,0.3529411764705882,True,completed,13,True,226.1845941543579,MemRL
oea_test_675,0.8571428571428571,0.888888888888889,True,completed,5,False,36.174031019210815,MemRL
oea_test_160,0.4,0.4,True,completed,4,False,71.70488953590393,MemRL
oea_test_228,0.8571428571428571,0.888888888888889,True,completed,5,False,89.71480417251587,MemRL
oea_test_721,0.8571428571428571,0.888888888888889,True,completed,5,False,59.27673578262329,MemRL
oea_test_1147,0.4,0.5714285714285715,True,completed,4,False,72.10276055335999,MemRL
oea_test_527,0.8571428571428571,0.888888888888889,True,completed,5,False,84.0921905040741,MemRL
oea_test_991,0.8571428571428571,0.888888888888889,True,completed,5,False,84.09754967689514,MemRL
oea_test_854,0.8571428571428571,0.888888888888889,True,completed,5,False,82.23995041847229,MemRL
oea_test_35,0.8,0.8571428571428571,True,completed,4,False,25.122414350509644,MemRL
oea_test_454,0.8571428571428571,0.888888888888889,True,completed,5,False,45.461509227752686,MemRL
oea_test_953,0.5,0.4615384615384615,True,completed,10,False,170.14171719551086,MemRL
oea_test_622,0.4,0.5454545454545454,True,completed,7,False,56.14274287223816,MemRL
oea_test_517,0.8571428571428571,0.888888888888889,True,completed,5,False,86.36953783035278,MemRL
oea_test_936,0.8571428571428571,0.888888888888889,True,completed,5,False,82.60681104660034,MemRL
oea_test_881,0.3333333333333333,0.2,True,completed,6,False,34.25030779838562,MemRL
oea_test_217,0.5,0.4,True,completed,2,False,22.00720739364624,MemRL
oea_test_556,0.8571428571428571,0.888888888888889,True,completed,5,False,53.565820932388306,MemRL
oea_test_181,1.0,1.0,True,completed,2,False,12.435778141021729,MemRL
oea_test_849,0.8571428571428571,0.888888888888889,True,completed,5,False,79.43471479415894,MemRL
oea_test_746,0.8571428571428571,0.888888888888889,True,completed,5,False,85.42212557792664,MemRL
oea_test_359,0.8571428571428571,0.888888888888889,True,completed,5,False,73.86590242385864,MemRL
oea_test_804,1.0,1.0,True,completed,4,False,75.10696363449097,MemRL
oea_test_528,1.0,1.0,True,completed,2,False,102.59647631645203,MemRL
oea_test_978,0.8571428571428571,0.888888888888889,True,completed,5,False,79.26177477836609,MemRL
oea_test_330,0.0,0.0,False,completed,3,False,53.96826148033142,MemRL
oea_test_578,0.8571428571428571,0.888888888888889,True,completed,5,False,67.11694145202637,MemRL
oea_test_886,0.8571428571428571,0.7272727272727273,True,completed,7,False,51.3097608089447,MemRL
oea_test_9,0.7499999999999999,0.8,True,completed,6,False,93.39783596992493,MemRL
oea_test_717,0.8571428571428571,0.888888888888889,True,completed,5,False,152.13249254226685,MemRL
oea_test_241,0.7499999999999999,0.8,True,completed,6,False,98.45483613014221,MemRL
oea_test_370,0.5,0.3157894736842105,True,completed,13,False,281.5507860183716,MemRL
oea_test_989,0.6666666666666665,0.7272727272727272,True,completed,6,False,89.41056609153748,MemRL
oea_test_507,0.8571428571428571,0.888888888888889,True,completed,5,False,51.899046182632446,MemRL
oea_test_938,1.0,0.9090909090909091,True,completed,6,False,36.20031476020813,MemRL
oea_test_24,0.7499999999999999,0.6,True,completed,5,False,39.564011096954346,MemRL
oea_test_612,0.7499999999999999,0.8,True,completed,6,True,48.441444396972656,MemRL
oea_test_139,0.4444444444444445,0.19047619047619044,False,failed,15,True,793.1885542869568,MemRL
oea_test_560,0.3333333333333333,0.22222222222222224,True,completed,7,False,169.03558158874512,MemRL
oea_test_697,0.7499999999999999,0.8,True,completed,6,False,93.55917501449585,MemRL
oea_test_1020,0.5,0.375,True,completed,13,False,103.13104009628296,MemRL
oea_test_299,0.4,0.4444444444444445,True,completed,7,False,34.226588010787964,MemRL
oea_test_900,0.7499999999999999,0.6153846153846153,True,completed,9,True,155.88445138931274,MemRL
oea_test_582,0.8571428571428571,0.888888888888889,True,completed,5,False,57.24363112449646,MemRL
oea_test_230,0.8571428571428571,0.888888888888889,True,completed,5,False,136.00433945655823,MemRL
oea_test_406,0.8571428571428571,0.888888888888889,True,completed,5,False,98.38061094284058,MemRL
oea_test_599,0.0,0.0,False,completed,5,False,51.071226358413696,MemRL
oea_test_557,0.5714285714285715,0.3333333333333333,True,completed,8,False,121.88721179962158,MemRL
oea_test_128,0.6666666666666666,0.31578947368421056,False,failed,15,True,485.3236503601074,MemRL
oea_test_760,0.8571428571428571,0.888888888888889,True,completed,5,False,77.6862587928772,MemRL
oea_test_685,0.7499999999999999,0.7272727272727273,True,completed,7,False,97.72294640541077,MemRL
oea_test_506,0.7499999999999999,0.8,True,completed,6,False,96.89191341400146,MemRL
oea_test_1024,0.8571428571428571,0.888888888888889,True,completed,5,False,102.06692695617676,MemRL
oea_test_161,0.8571428571428571,0.888888888888889,True,completed,5,False,86.31368160247803,MemRL
oea_test_384,0.7499999999999999,0.8,True,completed,6,False,61.0837287902832,MemRL
oea_test_398,1.0,0.7499999999999999,True,completed,5,False,69.94289422035217,MemRL
oea_test_811,0.0,0.0,False,completed,2,False,30.637836933135986,MemRL
oea_test_747,0.6666666666666666,0.5714285714285715,True,completed,5,False,39.470178842544556,MemRL
oea_test_1049,0.7499999999999999,0.8,True,completed,6,False,99.23558259010315,MemRL
oea_test_1044,0.8571428571428571,0.888888888888889,True,completed,5,False,84.31209897994995,MemRL
oea_test_302,0.4444444444444444,0.2105263157894737,False,failed,15,False,132.49231505393982,MemRL
oea_test_637,0.8571428571428571,0.888888888888889,True,completed,5,False,84.45543479919434,MemRL
oea_test_211,0.8571428571428571,0.888888888888889,True,completed,5,False,158.26236748695374,MemRL
oea_test_775,0.8571428571428571,0.888888888888889,True,completed,5,False,42.52682375907898,MemRL
oea_test_511,0.4,0.3333333333333333,True,completed,3,False,29.265615224838257,MemRL
oea_test_493,0.8571428571428571,0.888888888888889,True,completed,5,False,97.36948370933533,MemRL
oea_test_468,0.8571428571428571,0.888888888888889,True,completed,5,False,50.45195913314819,MemRL
oea_test_36,0.6666666666666666,0.5,True,completed,2,False,49.62217950820923,MemRL
oea_test_31,1.0,0.7142857142857143,True,completed,9,True,584.2100112438202,MemRL
oea_test_366,1.0,1.0,True,completed,4,False,45.854286670684814,MemRL
oea_test_107,0.75,0.8000000000000002,True,completed,5,False,82.02379274368286,MemRL
oea_test_267,0.3333333333333333,0.11764705882352941,True,completed,13,False,96.03051853179932,MemRL
oea_test_460,0.7499999999999999,0.8,True,completed,6,False,58.412554025650024,MemRL
oea_test_1023,0.8571428571428571,0.888888888888889,True,completed,5,False,85.03977417945862,MemRL
oea_test_623,0.25,0.10526315789473685,False,failed,15,False,155.17527318000793,MemRL
oea_test_755,0.4,0.1,False,failed,15,False,192.31508708000183,MemRL
oea_test_5,0.6666666666666666,0.5454545454545454,True,completed,8,False,215.1377148628235,MemRL
oea_test_58,1.0,1.0,True,completed,5,False,84.47677564620972,MemRL
oea_test_606,0.5714285714285715,0.6,True,completed,6,False,36.2141547203064,MemRL
oea_test_918,0.75,0.8571428571428571,True,completed,7,False,40.043859004974365,MemRL
oea_test_778,0.5714285714285715,0.23529411764705882,True,completed,14,False,133.93080925941467,MemRL
oea_test_944,0.8571428571428571,0.7272727272727273,True,completed,7,True,425.81622290611267,MemRL
oea_test_76,0.5714285714285715,0.3333333333333333,True,completed,4,False,55.31606602668762,MemRL
oea_test_638,0.0,0.0,False,completed,2,False,37.876262187957764,MemRL
oea_test_619,0.7499999999999999,0.8,True,completed,6,False,90.74036860466003,MemRL
oea_test_937,0.6666666666666666,0.4,True,completed,8,False,83.00505495071411,MemRL
oea_test_1076,0.28571428571428575,0.11764705882352941,False,failed,15,False,103.8898184299469,MemRL
oea_test_904,0.8571428571428571,0.888888888888889,True,completed,5,False,78.67036008834839,MemRL
oea_test_83,0.75,0.8000000000000002,True,completed,5,False,42.21592569351196,MemRL
oea_test_52,0.8571428571428571,0.888888888888889,True,completed,5,False,50.05761933326721,MemRL
oea_test_541,0.8571428571428571,0.888888888888889,True,completed,5,False,134.0831470489502,MemRL
oea_test_910,0.7499999999999999,0.8,True,completed,6,True,52.58957123756409,MemRL
oea_test_360,0.8571428571428571,0.8,True,completed,6,True,88.80363368988037,MemRL
oea_test_835,0.5714285714285715,0.375,True,completed,13,False,149.52307438850403,MemRL
oea_test_771,0.6,0.5,True,completed,8,False,211.81743788719177,MemRL
oea_test_990,0.28571428571428575,0.16666666666666666,True,completed,8,False,74.71384477615356,MemRL
oea_test_616,0.7499999999999999,0.5333333333333333,True,completed,11,True,134.92556381225586,MemRL
oea_test_532,0.8571428571428571,0.888888888888889,True,completed,5,False,51.27039289474487,MemRL
oea_test_543,0.75,0.8000000000000002,True,completed,5,False,81.20926237106323,MemRL
oea_test_943,1.0,1.0,True,completed,3,False,23.840076208114624,MemRL
oea_test_150,0.4,0.25,False,failed,15,False,207.87507700920105,MemRL
oea_test_698,0.6666666666666666,0.5714285714285715,True,completed,3,False,21.619121551513672,MemRL
oea_test_17,0.8571428571428571,0.888888888888889,True,completed,5,False,78.6873881816864,MemRL
oea_test_98,0.28571428571428575,0.2,True,completed,4,False,20.10282039642334,MemRL
oea_test_966,0.6,0.4615384615384615,True,completed,10,False,116.85596036911011,MemRL
oea_test_1062,1.0,1.0,True,completed,3,False,21.125640630722046,MemRL
oea_test_109,0.8571428571428571,0.888888888888889,True,completed,5,False,80.88639760017395,MemRL
oea_test_705,0.7499999999999999,0.8,True,completed,6,False,87.45165467262268,MemRL
oea_test_310,0.8571428571428571,0.888888888888889,True,completed,5,False,52.506728649139404,MemRL
oea_test_929,0.7499999999999999,0.8,True,completed,6,False,91.36088633537292,MemRL
oea_test_915,0.25,0.2222222222222222,False,failed,15,True,539.279855966568,MemRL
oea_test_868,0.4,0.3333333333333333,True,completed,2,False,17.446645259857178,MemRL
oea_test_38,0.6666666666666666,0.4444444444444445,True,completed,5,False,22.14630961418152,MemRL
oea_test_178,0.3333333333333333,0.28571428571428575,True,completed,4,False,23.92692255973816,MemRL
oea_test_1047,1.0,0.6,True,completed,3,False,19.137686729431152,MemRL
oea_test_545,0.8,0.7499999999999999,True,completed,5,False,37.64151978492737,MemRL
oea_test_1113,0.6666666666666666,0.5333333333333333,True,completed,11,False,193.85374999046326,MemRL
oea_test_314,0.4,0.25,True,completed,6,False,34.630757570266724,MemRL
oea_test_911,0.6666666666666666,0.7692307692307693,True,completed,8,False,64.63324856758118,MemRL
oea_test_405,1.0,1.0,True,completed,4,False,89.3894112110138,MemRL
oea_test_537,0.8571428571428571,0.888888888888889,True,completed,5,False,54.464091539382935,MemRL
oea_test_1132,0.5,0.5,True,completed,3,False,52.740864515304565,MemRL
oea_test_492,0.8571428571428571,0.888888888888889,True,completed,5,False,82.93570137023926,MemRL
oea_test_18,0.8571428571428571,0.888888888888889,True,completed,5,False,84.60288882255554,MemRL
oea_test_131,1.0,1.0,True,completed,3,False,18.354088306427002,MemRL
oea_test_682,0.8571428571428571,0.888888888888889,True,completed,5,False,82.66863560676575,MemRL
oea_test_764,0.8571428571428571,0.6,True,completed,4,False,30.676085472106934,MemRL
oea_test_684,0.5,0.35294117647058826,True,completed,14,True,444.90618991851807,MemRL
oea_test_1040,0.6666666666666666,0.6666666666666666,True,completed,4,False,24.047251224517822,MemRL
oea_test_389,0.6666666666666666,0.5,True,completed,5,False,44.76024127006531,MemRL
oea_test_552,0.8571428571428571,0.888888888888889,True,completed,5,False,110.77351212501526,MemRL
oea_test_410,0.3333333333333333,0.46153846153846156,True,completed,9,False,103.21776127815247,MemRL
oea_test_96,0.7499999999999999,0.8,True,completed,6,False,100.13268113136292,MemRL
oea_test_848,0.8571428571428571,0.888888888888889,True,completed,5,False,42.737781286239624,MemRL
oea_test_1069,0.8571428571428571,0.47058823529411764,True,completed,13,True,446.6760609149933,MemRL
oea_test_357,0.7499999999999999,0.7272727272727273,True,completed,7,True,61.25712704658508,MemRL
oea_test_502,0.8571428571428571,0.888888888888889,True,completed,5,False,80.35640215873718,MemRL
oea_test_983,0.7499999999999999,0.8,True,completed,6,False,102.99267148971558,MemRL
oea_test_896,0.7499999999999999,0.8,True,completed,6,False,88.3524661064148,MemRL
oea_test_1093,0.4444444444444444,0.2222222222222222,True,completed,11,False,221.81757259368896,MemRL
oea_test_10,0.0,0.0,False,completed,3,False,60.761829137802124,MemRL
oea_test_942,0.6666666666666666,0.7368421052631579,True,completed,12,False,110.47313833236694,MemRL
oea_test_941,0.6666666666666666,0.3333333333333333,True,completed,9,False,183.94898891448975,MemRL
oea_test_551,0.8571428571428571,0.888888888888889,True,completed,5,False,81.50862693786621,MemRL
oea_test_108,0.22222222222222224,0.10526315789473685,False,failed,15,False,344.63076305389404,MemRL
oea_test_95,0.8571428571428571,0.888888888888889,True,completed,5,False,84.0889790058136,MemRL
oea_test_333,0.8,0.6666666666666666,True,completed,3,False,89.08010244369507,MemRL
oea_test_42,0.8571428571428571,0.888888888888889,True,completed,5,False,85.62887573242188,MemRL
oea_test_41,0.8571428571428571,0.888888888888889,True,completed,5,False,43.81560301780701,MemRL
oea_test_671,0.0,0.0,False,failed,15,True,531.0113573074341,MemRL
oea_test_339,0.8571428571428571,0.888888888888889,True,completed,5,False,47.08545255661011,MemRL
oea_test_1014,0.7499999999999999,0.8,True,completed,6,True,64.42384934425354,MemRL
oea_test_482,0.7499999999999999,0.8,True,completed,6,False,88.10203385353088,MemRL
oea_test_516,0.8571428571428571,0.888888888888889,True,completed,5,False,81.49458336830139,MemRL
oea_test_274,0.8571428571428571,0.888888888888889,True,completed,5,False,49.59629821777344,MemRL
oea_test_751,0.3333333333333333,0.28571428571428575,True,completed,4,False,50.18203163146973,MemRL
oea_test_373,0.5,0.28571428571428575,True,completed,5,False,29.370808362960815,MemRL
oea_test_816,0.6666666666666666,0.36363636363636365,True,completed,3,False,70.3437488079071,MemRL
oea_test_114,0.5,0.4,True,completed,2,False,21.918081998825073,MemRL
oea_test_287,0.75,0.8000000000000002,True,completed,5,False,102.91631150245667,MemRL
oea_test_417,0.8571428571428571,0.42857142857142855,True,completed,8,False,178.92742085456848,MemRL
oea_test_1143,0.8571428571428571,0.888888888888889,True,completed,5,False,95.39493894577026,MemRL
oea_test_190,1.0,0.8,True,completed,2,False,17.006616353988647,MemRL
oea_test_187,0.7272727272727273,0.5555555555555556,True,completed,13,True,94.04941892623901,MemRL
oea_test_967,0.3333333333333333,0.3333333333333333,True,completed,9,False,150.70937752723694,MemRL
oea_test_431,0.75,0.8000000000000002,True,completed,5,False,90.67049622535706,MemRL
oea_test_559,0.8,0.8,True,completed,3,False,26.991018295288086,MemRL
oea_test_469,0.7499999999999999,0.8,True,completed,6,False,95.22341418266296,MemRL
oea_test_611,0.8571428571428571,0.888888888888889,True,completed,5,False,120.59890723228455,MemRL
oea_test_589,0.3333333333333333,0.1111111111111111,False,failed,15,False,208.006201505661,MemRL
oea_test_68,0.7499999999999999,0.8,True,completed,6,False,60.16700625419617,MemRL
oea_test_593,0.0,0.0,False,completed,4,False,27.375544786453247,MemRL
oea_test_723,0.8,0.8,True,completed,3,False,31.24549627304077,MemRL
oea_test_670,0.3333333333333333,0.1904761904761905,True,completed,12,False,634.0239436626434,MemRL
oea_test_736,0.75,0.8000000000000002,True,completed,5,False,40.444803953170776,MemRL
oea_test_383,0.6666666666666666,0.5,True,completed,6,False,98.65984535217285,MemRL
oea_test_90,0.5,0.23529411764705882,False,failed,15,False,211.95106148719788,MemRL
oea_test_55,0.75,0.8000000000000002,True,completed,5,False,49.569655895233154,MemRL
oea_test_415,0.6666666666666666,0.7999999999999999,True,completed,8,False,54.770883321762085,MemRL
oea_test_539,0.8571428571428571,0.888888888888889,True,completed,5,False,55.67933130264282,MemRL
oea_test_411,0.36363636363636365,0.18181818181818182,False,failed,15,False,191.83709955215454,MemRL
oea_test_118,0.7499999999999999,0.8,True,completed,6,False,88.45734763145447,MemRL
oea_test_773,0.28571428571428575,0.4444444444444444,True,completed,6,False,46.680835485458374,MemRL
oea_test_420,0.8571428571428571,0.888888888888889,True,completed,5,False,85.76733350753784,MemRL
oea_test_328,0.5714285714285715,0.28571428571428575,False,failed,15,True,1292.0912477970123,MemRL
oea_test_72,0.75,0.6666666666666666,True,completed,7,True,408.89696288108826,MemRL
oea_test_313,1.0,1.0,True,completed,5,False,85.59508967399597,MemRL
oea_test_1126,0.8571428571428571,0.888888888888889,True,completed,5,False,76.1003270149231,MemRL
oea_test_808,1.0,1.0,True,completed,4,False,48.81953525543213,MemRL
oea_test_1102,0.4,0.16666666666666666,True,completed,5,False,39.1443407535553,MemRL
oea_test_188,1.0,1.0,True,completed,5,False,90.36797952651978,MemRL
oea_test_1037,0.75,0.8000000000000002,True,completed,5,False,93.00473117828369,MemRL
oea_test_347,0.8,0.33333333333333337,False,failed,15,True,287.02062034606934,MemRL
oea_test_653,0.6666666666666665,0.5333333333333333,True,completed,10,True,471.5933051109314,MemRL
oea_test_294,0.7499999999999999,0.6666666666666666,True,completed,8,True,62.40934896469116,MemRL
oea_test_112,0.888888888888889,0.8333333333333334,True,completed,6,False,99.37503457069397,MemRL
oea_test_852,1.0,0.8,True,completed,2,False,15.619983673095703,MemRL
oea_test_443,0.8571428571428571,0.7272727272727273,True,completed,7,False,63.55611443519592,MemRL
oea_test_749,0.4,0.3333333333333333,True,completed,4,False,32.08906388282776,MemRL
oea_test_231,0.5,0.3333333333333333,True,completed,6,False,95.0939998626709,MemRL
oea_test_34,0.6666666666666666,0.5,True,completed,4,False,93.72088932991028,MemRL
oea_test_957,0.8,0.7499999999999999,True,completed,5,False,35.30720901489258,MemRL
oea_test_444,0.7499999999999999,0.8,True,completed,6,False,91.12930345535278,MemRL
oea_test_571,0.8,0.8,True,completed,3,False,22.17655658721924,MemRL
oea_test_133,0.28571428571428575,0.15384615384615383,True,completed,7,False,196.26065325737,MemRL
oea_test_1098,0.28571428571428575,0.1,False,failed,15,False,184.50381565093994,MemRL
oea_test_515,1.0,1.0,False,empty_final,1,False,29.30797266960144,MemRL
oea_test_762,0.7499999999999999,0.8,True,completed,6,False,87.67743515968323,MemRL
oea_test_799,0.5,0.6666666666666666,True,completed,3,False,133.32588410377502,MemRL
oea_test_1048,0.5714285714285715,0.5714285714285715,True,completed,5,False,73.77183151245117,MemRL
oea_test_20,0.6666666666666666,0.23529411764705882,False,failed,15,False,255.6510088443756,MemRL
oea_test_841,0.6666666666666666,0.5714285714285715,True,completed,4,False,32.654956579208374,MemRL
oea_test_194,0.5,0.5,True,completed,2,False,10.947740316390991,MemRL
oea_test_1034,0.7499999999999999,0.8,True,completed,6,False,95.53082776069641,MemRL
oea_test_250,0.4,0.25,True,completed,4,False,29.688472986221313,MemRL
oea_test_221,0.8571428571428571,0.888888888888889,True,completed,5,False,88.92539525032043,MemRL
oea_test_442,1.0,1.0,True,completed,4,False,81.71797513961792,MemRL
oea_test_1155,0.8571428571428571,0.888888888888889,True,completed,5,False,79.80717778205872,MemRL
oea_test_199,0.4444444444444445,0.47619047619047616,False,failed,15,False,103.55267834663391,MemRL
oea_test_196,1.0,0.8571428571428571,True,completed,3,False,16.947960138320923,MemRL
oea_test_48,0.8571428571428571,0.888888888888889,True,completed,5,False,53.030964374542236,MemRL
oea_test_812,0.7499999999999999,0.8,True,completed,6,False,84.76336479187012,MemRL
oea_test_257,0.4,0.3333333333333333,True,completed,2,False,16.730549812316895,MemRL
oea_test_402,1.0,1.0,True,completed,3,False,66.66225981712341,MemRL
oea_test_1152,0.8571428571428571,0.8,True,completed,6,False,86.29618382453918,MemRL
oea_test_100,1.0,0.7499999999999999,True,completed,5,False,36.198813676834106,MemRL
oea_test_880,0.7499999999999999,0.8,True,completed,6,False,53.49120044708252,MemRL
oea_test_980,0.5,0.5,True,completed,2,False,44.99632263183594,MemRL
oea_test_84,0.7499999999999999,0.8,True,completed,6,False,85.36481189727783,MemRL
oea_test_99,0.8,0.8,True,completed,3,False,18.91284489631653,MemRL
oea_test_926,0.6,0.47058823529411764,True,completed,13,True,592.0432353019714,MemRL
oea_test_303,0.3333333333333333,0.2222222222222222,False,failed,15,False,77.02650928497314,MemRL
oea_test_483,0.8571428571428571,0.888888888888889,True,completed,5,False,87.72654676437378,MemRL
oea_test_414,0.7499999999999999,0.6666666666666666,True,completed,8,True,115.41548895835876,MemRL
oea_test_679,0.0,0.0,False,completed,7,False,124.05589723587036,MemRL
oea_test_438,0.8571428571428571,0.888888888888889,True,completed,5,False,97.94360637664795,MemRL
oea_test_732,0.5,0.6153846153846153,True,completed,7,False,82.29696369171143,MemRL
oea_test_450,0.22222222222222224,0.2,False,failed,15,False,259.43511176109314,MemRL
oea_test_947,0.8571428571428571,0.888888888888889,True,completed,5,False,79.4903073310852,MemRL
oea_test_130,0.0,0.0,False,completed,11,False,303.7455885410309,MemRL
oea_test_277,0.4,0.2105263157894737,False,failed,15,False,265.88687467575073,MemRL
oea_test_632,0.5714285714285715,0.3,False,failed,15,True,833.5176208019257,MemRL
oea_test_499,0.4444444444444445,0.2666666666666667,True,completed,13,False,269.719300031662,MemRL
oea_test_255,0.8,0.5555555555555556,True,completed,13,False,156.51723790168762,MemRL
oea_test_159,1.0,0.8,True,completed,2,False,11.671996831893921,MemRL
oea_test_725,0.6666666666666666,0.6666666666666666,True,completed,8,True,74.48881983757019,MemRL
oea_test_1041,0.5454545454545454,0.27272727272727276,False,failed,15,True,575.051301240921,MemRL
oea_test_975,0.6666666666666666,0.7272727272727273,True,completed,7,True,54.24053597450256,MemRL
oea_test_1035,0.7499999999999999,0.8,True,completed,6,False,51.204430103302,MemRL
oea_test_584,1.0,0.9473684210526316,True,completed,9,False,54.7348210811615,MemRL
oea_test_1115,0.7499999999999999,0.7272727272727273,True,completed,7,True,45.39413595199585,MemRL
oea_test_393,0.7499999999999999,0.8,True,completed,6,False,95.62697982788086,MemRL
oea_test_473,1.0,0.7692307692307693,True,completed,8,False,135.24426007270813,MemRL
oea_test_579,0.75,0.8000000000000002,True,completed,5,False,74.6913959980011,MemRL
oea_test_735,0.8571428571428571,0.888888888888889,True,completed,5,False,85.09974193572998,MemRL
oea_test_140,0.3333333333333333,0.28571428571428575,True,completed,3,False,41.680274963378906,MemRL
oea_test_459,0.8571428571428571,0.8,True,completed,6,True,332.0635006427765,MemRL
oea_test_1045,1.0,1.0,True,completed,6,False,87.1971333026886,MemRL
oea_test_530,0.8571428571428571,0.888888888888889,True,completed,5,False,54.187318325042725,MemRL
oea_test_494,0.25,0.2,True,completed,7,False,71.5642020702362,MemRL
oea_test_851,0.6666666666666666,0.47058823529411764,True,completed,13,True,792.6521067619324,MemRL
oea_test_1071,0.888888888888889,0.9090909090909091,True,completed,5,False,91.35738396644592,MemRL
oea_test_184,0.7499999999999999,0.8,True,completed,6,False,108.16849637031555,MemRL
oea_test_1090,0.8,0.8,True,completed,3,False,55.20699739456177,MemRL
oea_test_430,0.8571428571428571,0.888888888888889,True,completed,5,False,88.71261548995972,MemRL
oea_test_1009,0.8571428571428571,0.888888888888889,True,completed,5,False,41.980746030807495,MemRL
oea_test_334,1.0,1.0,True,completed,6,False,98.11183714866638,MemRL
oea_test_1118,0.5714285714285715,0.4444444444444444,True,completed,6,False,80.74291825294495,MemRL
oea_test_617,0.3333333333333333,0.6666666666666667,True,completed,9,False,56.71080017089844,MemRL
oea_test_456,0.7692307692307693,0.7142857142857143,True,completed,9,True,435.26760601997375,MemRL
oea_test_587,0.0,0.0,False,completed,2,False,15.883635759353638,MemRL
oea_test_519,0.6666666666666666,0.6666666666666666,True,completed,8,True,96.19987034797668,MemRL
oea_test_1022,1.0,1.0,True,completed,4,False,81.66685271263123,MemRL
oea_test_426,0.3333333333333333,0.15384615384615383,True,completed,9,False,221.21320629119873,MemRL
oea_test_110,1.0,0.8571428571428571,True,completed,4,False,19.675942420959473,MemRL
oea_test_218,0.8571428571428571,0.888888888888889,True,completed,5,False,118.18884444236755,MemRL
oea_test_227,0.6666666666666665,0.42857142857142855,True,completed,5,False,85.82891726493835,MemRL
oea_test_50,0.0,0.0,False,completed,6,False,95.27592658996582,MemRL
oea_test_282,0.7499999999999999,0.8,True,completed,6,False,102.1861617565155,MemRL
oea_test_733,0.75,0.8000000000000002,True,completed,5,False,69.51314568519592,MemRL
oea_test_754,0.8571428571428571,0.4615384615384615,True,completed,10,False,53.47502326965332,MemRL
oea_test_750,0.3333333333333333,0.14285714285714288,True,completed,11,False,171.06530165672302,MemRL
oea_test_916,0.8571428571428571,0.888888888888889,True,completed,5,False,78.99269127845764,MemRL
oea_test_742,0.6666666666666666,0.6,True,completed,7,False,62.46887922286987,MemRL
oea_test_509,0.0,0.0,False,completed,1,False,16.721460103988647,MemRL
oea_test_504,0.7499999999999999,0.8,True,completed,6,False,102.35779786109924,MemRL
oea_test_129,0.8,0.8,True,completed,3,False,23.16284203529358,MemRL
oea_test_286,0.6666666666666666,0.5,True,completed,6,False,98.59859037399292,MemRL
oea_test_661,0.5,0.5,True,completed,2,False,14.002786874771118,MemRL
oea_test_634,0.8571428571428571,0.888888888888889,True,completed,5,False,84.65694093704224,MemRL
oea_test_798,0.6666666666666666,0.39999999999999997,True,completed,11,False,174.47864151000977,MemRL
oea_test_648,0.5,0.23529411764705885,True,completed,11,False,194.39323735237122,MemRL
oea_test_88,0.8571428571428571,0.888888888888889,True,completed,5,False,92.3578109741211,MemRL
oea_test_1168,0.888888888888889,0.9090909090909091,True,completed,6,False,95.55796194076538,MemRL
oea_test_954,0.8571428571428571,0.888888888888889,True,completed,5,False,49.21411633491516,MemRL
oea_test_276,0.8571428571428571,0.888888888888889,True,completed,5,False,134.47273111343384,MemRL
oea_test_669,0.8571428571428571,0.888888888888889,True,completed,5,False,80.01185035705566,MemRL
oea_test_621,0.7499999999999999,0.8,True,completed,6,True,62.53035306930542,MemRL
oea_test_1100,0.75,0.8000000000000002,True,completed,5,False,76.852947473526,MemRL
oea_test_902,0.3333333333333333,0.25,True,completed,6,False,35.374775409698486,MemRL
oea_test_535,1.0,1.0,True,completed,5,False,88.80383038520813,MemRL
oea_test_60,1.0,1.0,True,completed,3,False,24.242305517196655,MemRL
oea_test_614,0.2222222222222222,0.14285714285714288,True,completed,11,False,179.08255648612976,MemRL
oea_test_367,0.7499999999999999,0.8,True,completed,6,False,98.48638391494751,MemRL
oea_test_1004,0.8571428571428571,0.888888888888889,True,completed,5,False,84.87331628799438,MemRL
oea_test_93,0.6666666666666666,0.47619047619047616,False,failed,15,True,805.1227946281433,MemRL
oea_test_47,0.8571428571428571,0.888888888888889,True,completed,5,False,84.77217698097229,MemRL
oea_test_487,0.8571428571428571,0.888888888888889,True,completed,5,False,94.20522117614746,MemRL
oea_test_892,0.8571428571428571,0.888888888888889,True,completed,5,False,101.06442070007324,MemRL
oea_test_368,0.7499999999999999,0.8,True,completed,6,False,104.12397575378418,MemRL
oea_test_769,0.0,0.0,False,completed,8,False,119.84332799911499,MemRL
oea_test_162,0.8571428571428571,0.888888888888889,True,completed,5,False,87.96158003807068,MemRL
oea_test_452,0.5,0.4,True,completed,2,False,20.21397066116333,MemRL
oea_test_354,0.5,0.3333333333333333,True,completed,4,False,29.904122352600098,MemRL
oea_test_992,0.8571428571428571,0.888888888888889,True,completed,5,False,88.71935248374939,MemRL
oea_test_921,0.7499999999999999,0.8,True,completed,6,False,82.30479717254639,MemRL
oea_test_305,0.0,0.0,False,completed,1,False,8.121432065963745,MemRL
oea_test_1070,0.6666666666666666,0.5,True,completed,4,False,22.335396766662598,MemRL
oea_test_111,0.7499999999999999,0.8,True,completed,6,False,92.15647292137146,MemRL
oea_test_422,0.8571428571428571,0.888888888888889,True,completed,5,False,85.65416407585144,MemRL
oea_test_676,0.8571428571428571,0.888888888888889,True,completed,5,False,86.48615431785583,MemRL
oea_test_116,0.3333333333333333,0.25,True,completed,5,False,150.17129397392273,MemRL
oea_test_945,0.5714285714285715,0.4444444444444445,True,completed,5,False,133.0110399723053,MemRL
oea_test_912,0.6,0.5454545454545454,True,completed,7,False,103.13658785820007,MemRL
oea_test_1080,0.28571428571428575,0.28571428571428575,True,completed,4,False,38.440125942230225,MemRL
oea_test_688,0.8571428571428571,0.888888888888889,True,completed,5,False,42.034945011138916,MemRL
oea_test_939,1.0,1.0,True,completed,5,False,219.73814487457275,MemRL
oea_test_853,0.8571428571428571,0.8,True,completed,6,True,87.90387105941772,MemRL
oea_test_264,0.5714285714285715,0.5714285714285715,True,completed,5,False,36.69755840301514,MemRL
oea_test_923,0.8571428571428571,0.888888888888889,True,completed,5,False,84.6412718296051,MemRL
oea_test_828,0.7499999999999999,0.7272727272727273,True,completed,7,True,88.85915207862854,MemRL
oea_test_1116,0.8571428571428571,0.888888888888889,True,completed,5,False,74.84392428398132,MemRL
oea_test_1027,0.6666666666666666,0.3809523809523809,False,failed,15,True,523.1928908824921,MemRL
oea_test_895,0.28571428571428575,0.11764705882352941,True,completed,8,False,120.65247535705566,MemRL
oea_test_997,0.75,0.8000000000000002,True,completed,5,False,74.09415245056152,MemRL
oea_test_21,0.7499999999999999,0.8,True,completed,6,False,85.58370685577393,MemRL
oea_test_467,0.75,0.8000000000000002,True,completed,5,False,80.95272994041443,MemRL
oea_test_270,0.8571428571428571,0.888888888888889,True,completed,5,False,85.97174072265625,MemRL
oea_test_427,0.28571428571428575,0.09523809523809522,False,failed,15,False,348.4343535900116,MemRL
oea_test_312,0.8571428571428571,0.888888888888889,True,completed,5,False,101.28294706344604,MemRL
oea_test_224,0.3333333333333333,0.22222222222222224,True,completed,5,False,28.375020027160645,MemRL
oea_test_1011,0.8571428571428571,0.888888888888889,True,completed,5,False,50.037208795547485,MemRL
oea_test_1077,0.8,0.8,True,completed,3,False,23.90784192085266,MemRL
oea_test_846,0.6666666666666666,0.5714285714285715,True,completed,4,False,19.14586067199707,MemRL
oea_test_794,1.0,1.0,True,completed,3,False,62.03982591629028,MemRL
oea_test_1145,0.0,0.0,False,completed,1,False,13.84042739868164,MemRL
oea_test_208,0.8,0.8,True,completed,3,False,30.778944969177246,MemRL
oea_test_386,0.8571428571428571,0.888888888888889,True,completed,5,False,91.99165987968445,MemRL
oea_test_147,0.8571428571428571,0.888888888888889,True,completed,5,False,86.8429753780365,MemRL
oea_test_418,1.0,1.0,True,completed,2,False,15.156012535095215,MemRL
oea_test_659,0.75,0.8000000000000002,True,completed,5,False,81.11298942565918,MemRL
oea_test_243,0.8571428571428571,0.888888888888889,True,completed,5,False,106.94500613212585,MemRL
oea_test_972,0.8571428571428571,0.888888888888889,True,completed,5,False,74.4397439956665,MemRL
oea_test_462,0.8571428571428571,0.888888888888889,True,completed,5,False,50.59569478034973,MemRL
oea_test_711,0.7499999999999999,0.3,False,failed,15,True,889.9833548069,MemRL
oea_test_49,0.8571428571428571,0.888888888888889,True,completed,5,False,53.85249161720276,MemRL
oea_test_800,0.8571428571428571,0.7272727272727273,True,completed,7,False,66.49036312103271,MemRL
oea_test_496,0.6666666666666666,0.33333333333333337,False,failed,15,True,242.1902678012848,MemRL
oea_test_234,1.0,1.0,True,completed,5,False,136.59393334388733,MemRL
oea_test_237,0.8571428571428571,0.888888888888889,True,completed,5,False,99.07655644416809,MemRL
oea_test_788,0.8571428571428571,0.888888888888889,True,completed,5,False,83.56023693084717,MemRL
oea_test_1086,0.8,0.3636363636363636,True,completed,9,False,63.79687571525574,MemRL
oea_test_457,0.8571428571428571,0.888888888888889,True,completed,5,False,93.50002098083496,MemRL
oea_test_869,0.8,0.8,True,completed,3,False,21.143198013305664,MemRL
oea_test_13,0.3333333333333333,0.21052631578947367,True,completed,13,False,398.14003705978394,MemRL
oea_test_206,0.8571428571428571,0.888888888888889,True,completed,5,False,88.37460064888,MemRL
oea_test_1121,0.75,0.7272727272727272,True,completed,6,True,84.17441582679749,MemRL
oea_test_71,0.8,0.8,True,completed,3,False,53.034090518951416,MemRL
oea_test_281,0.8571428571428571,0.888888888888889,True,completed,5,False,55.77697443962097,MemRL
oea_test_894,0.8571428571428571,0.888888888888889,True,completed,5,False,45.78359079360962,MemRL
oea_test_540,0.8,0.8,True,completed,3,False,106.12932085990906,MemRL
oea_test_434,0.5,0.3076923076923077,True,completed,11,False,89.07723331451416,MemRL
oea_test_119,1.0,1.0,True,completed,4,False,82.16513681411743,MemRL
oea_test_526,0.28571428571428575,0.18181818181818182,True,completed,7,False,134.02821326255798,MemRL
oea_test_1053,0.0,0.0,False,completed,4,False,69.14409279823303,MemRL
oea_test_639,0.8571428571428571,0.7999999999999999,True,completed,7,False,51.4540479183197,MemRL
oea_test_666,0.8571428571428571,0.888888888888889,True,completed,5,False,96.73569202423096,MemRL
oea_test_176,0.75,0.8000000000000002,True,completed,5,False,80.48376274108887,MemRL
oea_test_204,0.8571428571428571,0.888888888888889,True,completed,5,False,86.89243817329407,MemRL
oea_test_815,0.5,0.5,True,completed,2,False,8.496479034423828,MemRL
oea_test_803,0.75,0.8000000000000002,True,completed,5,False,89.2413592338562,MemRL
oea_test_626,1.0,1.0,True,completed,4,False,31.737613439559937,MemRL
oea_test_440,0.2222222222222222,0.09523809523809522,False,failed,15,True,356.7104136943817,MemRL
oea_test_699,0.7499999999999999,0.8,True,completed,6,False,98.75833082199097,MemRL
oea_test_1083,0.6666666666666666,0.5,True,completed,6,False,50.24920344352722,MemRL
oea_test_662,0.6666666666666666,0.4444444444444444,True,completed,11,False,168.15455627441406,MemRL
oea_test_144,0.4444444444444445,0.4444444444444445,True,completed,14,False,169.21060609817505,MemRL
oea_test_668,1.0,1.0,True,completed,6,False,92.41117596626282,MemRL
oea_test_837,0.3333333333333333,0.28571428571428575,True,completed,4,False,23.70124650001526,MemRL
oea_test_86,0.8,0.3636363636363636,True,completed,9,False,123.8351526260376,MemRL
oea_test_715,0.6666666666666665,0.7272727272727272,True,completed,6,False,101.74569869041443,MemRL
oea_test_658,0.7499999999999999,0.6666666666666666,True,completed,8,True,71.6698739528656,MemRL
oea_test_171,0.8571428571428571,0.888888888888889,True,completed,5,False,86.64949774742126,MemRL
oea_test_395,1.0,0.8,True,completed,2,False,14.499176740646362,MemRL
oea_test_903,0.8,0.6666666666666665,True,completed,4,False,38.60248327255249,MemRL
oea_test_806,0.8571428571428571,0.888888888888889,True,completed,5,False,86.98078346252441,MemRL
oea_test_968,0.25,0.10526315789473685,False,failed,15,False,312.3088562488556,MemRL
oea_test_745,0.8571428571428571,0.923076923076923,True,completed,7,False,137.19565677642822,MemRL
oea_test_1006,0.5,0.25,True,completed,9,False,178.04728627204895,MemRL
oea_test_608,0.7499999999999999,0.8,True,completed,6,False,87.79247498512268,MemRL
oea_test_704,0.4,0.4,True,completed,4,False,22.7077476978302,MemRL
oea_test_741,0.6666666666666666,0.4444444444444444,True,completed,6,False,23.32564067840576,MemRL
oea_test_154,0.5,0.5,True,completed,2,False,19.36986541748047,MemRL
oea_test_1067,0.8571428571428571,0.888888888888889,True,completed,5,False,82.20405077934265,MemRL
oea_test_633,0.8571428571428571,0.888888888888889,True,completed,5,False,36.998284578323364,MemRL
oea_test_1029,0.8571428571428571,0.888888888888889,True,completed,5,False,64.66692900657654,MemRL
oea_test_1052,0.7499999999999999,0.5,True,completed,12,True,111.89043855667114,MemRL
oea_test_45,0.6666666666666666,0.4,True,completed,3,False,37.63766813278198,MemRL
oea_test_252,1.0,1.0,True,completed,4,False,83.77422046661377,MemRL
oea_test_607,0.6666666666666666,0.6,True,completed,6,False,87.90150189399719,MemRL
oea_test_777,0.8571428571428571,0.8,True,completed,6,True,219.07438611984253,MemRL
oea_test_713,0.0,0.0,False,completed,1,False,8.07985544204712,MemRL
oea_test_472,0.8,0.6666666666666666,True,completed,12,True,335.9973576068878,MemRL
oea_test_866,1.0,1.0,True,completed,6,False,98.8274097442627,MemRL
oea_test_40,0.8571428571428571,0.888888888888889,True,completed,5,False,42.205928564071655,MemRL
oea_test_213,0.28571428571428575,0.11764705882352941,False,failed,15,False,226.2016077041626,MemRL
oea_test_795,1.0,1.0,True,completed,4,False,35.08957576751709,MemRL
oea_test_786,0.8571428571428571,0.888888888888889,True,completed,5,False,90.18637681007385,MemRL
oea_test_62,0.28571428571428575,0.25,True,completed,5,False,224.49825048446655,MemRL
oea_test_332,0.7499999999999999,0.8,True,completed,6,False,55.8971745967865,MemRL
oea_test_985,0.8571428571428571,0.888888888888889,True,completed,5,False,89.54406642913818,MemRL
oea_test_789,0.8,0.5714285714285715,True,completed,5,False,38.18483519554138,MemRL
oea_test_327,0.8571428571428571,0.888888888888889,True,completed,5,False,82.63433384895325,MemRL
oea_test_700,1.0,1.0,True,completed,5,False,99.7421932220459,MemRL
oea_test_969,0.6666666666666666,0.7272727272727273,True,completed,7,False,99.14422178268433,MemRL
oea_test_1091,0.5714285714285715,0.5,True,completed,6,False,172.03054475784302,MemRL
oea_test_466,0.5,0.4,True,completed,3,False,34.122602224349976,MemRL
oea_test_325,1.0,1.0,True,completed,5,False,83.83154582977295,MemRL
oea_test_802,0.8571428571428571,0.888888888888889,True,completed,5,False,80.66947865486145,MemRL
oea_test_770,0.5,0.4,True,completed,2,False,13.823825359344482,MemRL
oea_test_291,0.888888888888889,0.9090909090909091,True,completed,5,False,84.699791431427,MemRL
oea_test_562,0.8571428571428571,0.888888888888889,True,completed,5,False,83.4704704284668,MemRL
oea_test_549,0.6666666666666666,0.7272727272727273,True,completed,7,True,99.74338221549988,MemRL
oea_test_233,1.0,1.0,True,completed,5,False,128.9611623287201,MemRL
oea_test_850,1.0,1.0,True,completed,2,False,13.539779663085938,MemRL
oea_test_331,0.4444444444444444,0.31578947368421056,False,failed,15,False,176.46937203407288,MemRL
oea_test_696,0.7499999999999999,0.8,True,completed,6,False,67.32400226593018,MemRL
oea_test_289,0.8,0.9090909090909091,True,completed,6,False,77.35120725631714,MemRL
oea_test_672,0.4,0.5714285714285715,True,completed,4,False,268.3262882232666,MemRL
oea_test_981,0.8571428571428571,0.888888888888889,True,completed,5,False,86.48636221885681,MemRL
oea_test_690,0.5714285714285715,0.625,True,completed,10,False,298.61633944511414,MemRL
oea_test_523,1.0,1.0,True,completed,5,False,85.37129282951355,MemRL
oea_test_437,0.4,0.25,True,completed,4,False,70.71428680419922,MemRL
oea_test_448,0.6666666666666665,0.7692307692307692,True,completed,7,False,54.03287601470947,MemRL
oea_test_842,0.8571428571428571,0.888888888888889,True,completed,5,False,78.48060774803162,MemRL
oea_test_69,0.7499999999999999,0.8,True,completed,6,False,89.25572443008423,MemRL
oea_test_32,0.28571428571428575,0.1111111111111111,False,failed,15,False,121.61066508293152,MemRL
oea_test_843,0.6666666666666666,0.6666666666666666,True,completed,4,False,63.102800369262695,MemRL
oea_test_651,0.4444444444444444,0.47058823529411764,True,completed,10,False,306.17713809013367,MemRL
oea_test_322,0.7499999999999999,0.8,True,completed,6,False,54.66220283508301,MemRL
oea_test_1119,0.7499999999999999,0.8,True,completed,6,False,90.0007312297821,MemRL
oea_test_520,0.28571428571428575,0.10526315789473685,False,failed,15,False,548.5916998386383,MemRL
oea_test_498,0.6666666666666666,0.75,True,completed,4,False,78.37246632575989,MemRL
oea_test_791,0.8571428571428571,0.888888888888889,True,completed,5,False,42.5253427028656,MemRL
oea_test_766,0.8571428571428571,0.888888888888889,True,completed,5,False,99.26308512687683,MemRL
oea_test_412,0.8571428571428571,0.888888888888889,True,completed,5,False,93.91369938850403,MemRL
oea_test_285,1.0,1.0,True,completed,5,False,91.71447157859802,MemRL
oea_test_893,0.8571428571428571,0.888888888888889,True,completed,5,False,108.73963022232056,MemRL
oea_test_385,0.7499999999999999,0.8,True,completed,6,False,108.94268870353699,MemRL
oea_test_1031,0.6666666666666666,0.6666666666666666,True,completed,4,False,34.73872947692871,MemRL
oea_test_446,0.6153846153846154,0.47058823529411764,True,completed,12,True,118.49785614013672,MemRL
oea_test_238,0.0,0.0,False,completed,3,False,52.60431361198425,ExpeL
oea_test_1082,1.0,1.0,True,completed,4,True,37.387805461883545,ExpeL
oea_test_153,0.6666666666666666,0.23529411764705882,True,completed,13,False,78.72645926475525,ExpeL
oea_test_862,0.4,0.36363636363636365,True,completed,8,False,62.37169313430786,ExpeL
oea_test_1139,0.8571428571428571,0.888888888888889,True,completed,5,False,99.15891790390015,ExpeL
oea_test_538,0.8571428571428571,0.888888888888889,True,completed,5,True,77.0539186000824,ExpeL
oea_test_337,0.8,0.6666666666666666,True,completed,3,False,28.161630630493164,ExpeL
oea_test_627,1.0,1.0,True,completed,5,True,85.14013767242432,ExpeL
oea_test_479,0.7499999999999999,0.6666666666666666,True,completed,6,True,131.6427984237671,ExpeL
oea_test_215,0.8571428571428571,0.888888888888889,True,completed,5,True,76.49073648452759,ExpeL
oea_test_959,1.0,1.0,True,completed,2,True,11.999221563339233,ExpeL
oea_test_497,0.8571428571428571,0.888888888888889,True,completed,5,True,44.043583393096924,ExpeL
oea_test_674,0.4,0.4444444444444444,True,completed,6,True,95.25008130073547,ExpeL
oea_test_439,0.8571428571428571,0.888888888888889,True,completed,5,True,87.54769206047058,ExpeL
oea_test_1057,0.8571428571428571,0.888888888888889,True,completed,5,True,90.28708457946777,ExpeL
oea_test_647,0.8571428571428571,0.888888888888889,True,completed,5,True,44.52903342247009,ExpeL
oea_test_1146,1.0,1.0,True,completed,4,True,42.68467307090759,ExpeL
oea_test_79,0.25,0.10526315789473685,True,completed,11,False,141.46962141990662,ExpeL
oea_test_1000,0.6666666666666666,0.4285714285714285,True,completed,10,False,121.84918808937073,ExpeL
oea_test_986,0.8,0.8571428571428571,True,completed,4,False,60.51946043968201,ExpeL
oea_test_1123,0.4,0.6666666666666665,True,completed,5,False,46.98541474342346,ExpeL
oea_test_631,0.28571428571428575,0.11764705882352941,False,failed,15,True,200.34021639823914,ExpeL
oea_test_646,0.8571428571428571,0.888888888888889,True,completed,5,True,72.82819318771362,ExpeL
oea_test_845,0.8571428571428571,0.888888888888889,True,completed,5,False,89.46463179588318,ExpeL
oea_test_390,0.8571428571428571,0.8,True,completed,6,True,94.19736003875732,ExpeL
oea_test_377,0.9090909090909091,0.923076923076923,True,completed,7,False,103.85406637191772,ExpeL
oea_test_404,0.8571428571428571,0.888888888888889,True,completed,5,True,52.76507329940796,ExpeL
oea_test_191,0.8,0.8,True,completed,3,True,22.22997498512268,ExpeL
oea_test_998,0.8571428571428571,0.888888888888889,True,completed,5,True,88.95695543289185,ExpeL
oea_test_888,0.5714285714285715,0.3333333333333333,True,completed,4,False,61.05187749862671,ExpeL
oea_test_489,0.5,0.28571428571428575,True,completed,4,False,138.7062783241272,ExpeL
oea_test_485,0.8571428571428571,0.8,True,completed,6,False,118.76593661308289,ExpeL
oea_test_950,0.5,0.28571428571428575,True,completed,3,False,57.901817321777344,ExpeL
oea_test_927,0.8571428571428571,0.888888888888889,True,completed,4,True,78.62122082710266,ExpeL
oea_test_125,1.0,1.0,True,completed,4,False,78.69984650611877,ExpeL
oea_test_809,0.5,0.3333333333333333,True,completed,14,False,165.1306929588318,ExpeL
oea_test_387,0.4,0.28571428571428575,True,completed,4,False,49.452481746673584,ExpeL
oea_test_351,0.888888888888889,0.9090909090909091,True,completed,5,True,80.97963380813599,ExpeL
oea_test_988,1.0,1.0,True,completed,4,True,79.76581740379333,ExpeL
oea_test_27,1.0,1.0,True,completed,4,False,75.68988275527954,ExpeL
oea_test_890,0.8571428571428571,0.888888888888889,True,completed,5,True,37.129180669784546,ExpeL
oea_test_512,1.0,1.0,True,completed,4,True,74.29383254051208,ExpeL
oea_test_424,1.0,0.625,True,completed,11,True,319.8666009902954,ExpeL
oea_test_1008,0.0,0.0,False,completed,3,False,44.605104207992554,ExpeL
oea_test_1125,0.6666666666666666,0.5,True,completed,1,True,12.973138332366943,ExpeL
oea_test_1149,0.6,0.625,True,completed,11,True,364.7851758003235,ExpeL
oea_test_80,1.0,1.0,True,completed,4,True,130.6963574886322,ExpeL
oea_test_1084,0.3333333333333333,0.18181818181818182,True,completed,3,False,40.27036762237549,ExpeL
oea_test_388,0.5,0.4,True,completed,2,False,15.464866638183594,ExpeL
oea_test_914,0.5714285714285715,0.2857142857142857,True,completed,9,True,150.135977268219,ExpeL
oea_test_554,0.5714285714285715,0.375,True,completed,9,True,276.99975323677063,ExpeL
oea_test_1021,0.7499999999999999,0.4615384615384615,True,completed,10,True,209.96387672424316,ExpeL
oea_test_629,0.5714285714285715,0.4444444444444445,True,completed,7,False,153.40641474723816,ExpeL
oea_test_595,0.7499999999999999,0.5714285714285715,True,completed,10,True,498.59598183631897,ExpeL
oea_test_1144,0.8571428571428571,0.7272727272727273,True,completed,7,False,112.70552444458008,ExpeL
oea_test_544,0.6666666666666666,0.47619047619047616,False,failed,15,False,101.33717012405396,ExpeL
oea_test_261,0.8571428571428571,0.888888888888889,True,completed,5,True,77.76096820831299,ExpeL
oea_test_87,0.5714285714285715,0.2666666666666667,True,completed,13,False,186.04609942436218,ExpeL
oea_test_1072,0.8571428571428571,0.888888888888889,True,completed,5,True,92.5207130908966,ExpeL
oea_test_604,0.6666666666666666,0.6,True,completed,6,True,294.14319467544556,ExpeL
oea_test_826,0.8571428571428571,0.888888888888889,True,completed,5,True,85.74590373039246,ExpeL
oea_test_461,0.3333333333333333,0.2,True,completed,6,False,59.956631898880005,ExpeL
oea_test_362,0.8571428571428571,0.6153846153846153,True,completed,9,True,141.14329147338867,ExpeL
oea_test_951,0.8571428571428571,0.888888888888889,True,completed,5,True,82.15494418144226,ExpeL
oea_test_447,0.8571428571428571,0.888888888888889,True,completed,5,False,94.85581970214844,ExpeL
oea_test_123,0.6666666666666666,0.6666666666666666,True,completed,3,False,23.466928482055664,ExpeL
oea_test_624,0.0,0.0,False,completed,1,False,12.91565752029419,ExpeL
oea_test_155,1.0,0.8,True,completed,3,False,24.58912968635559,ExpeL
oea_test_819,0.22222222222222224,0.11764705882352941,False,failed,15,True,338.4007980823517,ExpeL
oea_test_26,1.0,1.0,True,completed,4,True,52.65508794784546,ExpeL
oea_test_1015,0.6666666666666666,0.5,True,completed,9,True,97.60146379470825,ExpeL
oea_test_656,0.8571428571428571,0.888888888888889,True,completed,5,True,39.16688871383667,ExpeL
oea_test_210,0.8571428571428571,0.888888888888889,True,completed,5,True,86.32917666435242,ExpeL
oea_test_955,0.6666666666666666,0.6666666666666666,True,completed,6,False,166.81521320343018,ExpeL
oea_test_1129,0.8571428571428571,0.888888888888889,True,completed,5,False,87.284423828125,ExpeL
oea_test_166,0.5714285714285715,0.5333333333333333,True,completed,10,False,151.36815404891968,ExpeL
oea_test_500,1.0,1.0,True,completed,5,True,63.231138467788696,ExpeL
oea_test_1018,0.4444444444444445,0.2857142857142857,True,completed,7,False,93.84176969528198,ExpeL
oea_test_1081,0.8571428571428571,0.888888888888889,True,completed,5,True,53.594146490097046,ExpeL
oea_test_126,1.0,1.0,True,completed,4,True,81.7501802444458,ExpeL
oea_test_491,0.75,0.47058823529411764,True,completed,12,True,121.1174066066742,ExpeL
oea_test_720,0.8571428571428571,0.888888888888889,True,completed,5,False,97.0212299823761,ExpeL
oea_test_428,0.3333333333333333,0.3333333333333333,True,completed,9,True,164.64674353599548,ExpeL
oea_test_663,1.0,0.923076923076923,True,completed,7,False,103.44017934799194,ExpeL
oea_test_301,0.8571428571428571,0.888888888888889,True,completed,5,True,130.50238251686096,ExpeL
oea_test_22,0.8571428571428571,0.888888888888889,True,completed,5,True,84.49518728256226,ExpeL
oea_test_999,0.4,0.4,True,completed,1,False,57.28145432472229,ExpeL
oea_test_731,0.5,0.25,True,completed,6,False,47.910593032836914,ExpeL
oea_test_753,0.5,0.4,True,completed,2,False,20.80578374862671,ExpeL
oea_test_885,0.5,0.2222222222222222,True,completed,3,False,20.204840183258057,ExpeL
oea_test_781,0.7499999999999999,0.8,True,completed,6,False,87.0597128868103,ExpeL
oea_test_691,0.8571428571428571,0.888888888888889,True,completed,5,True,81.78165912628174,ExpeL
oea_test_365,0.6666666666666666,0.23529411764705882,True,completed,14,True,542.8775248527527,ExpeL
oea_test_474,0.25,0.2222222222222222,True,completed,6,True,68.86065244674683,ExpeL
oea_test_1157,0.8571428571428571,0.8,True,completed,6,False,92.31192588806152,ExpeL
oea_test_192,0.6153846153846154,0.47619047619047616,False,failed,15,True,541.4830138683319,ExpeL
oea_test_164,0.75,0.6666666666666666,True,completed,7,True,96.76415157318115,ExpeL
oea_test_592,0.28571428571428575,0.10526315789473685,True,completed,12,True,144.55561900138855,ExpeL
oea_test_1085,0.8571428571428571,0.888888888888889,True,completed,5,True,79.75588393211365,ExpeL
oea_test_757,0.8571428571428571,0.888888888888889,True,completed,5,False,89.17600464820862,ExpeL
oea_test_618,0.5,0.5,True,completed,8,True,124.53756475448608,ExpeL
oea_test_836,0.8,0.5714285714285715,True,completed,2,True,12.410831928253174,ExpeL
oea_test_1026,0.8571428571428571,0.8,True,completed,6,False,95.27269768714905,ExpeL
oea_test_364,0.0,0.0,False,completed,1,False,11.00007677078247,ExpeL
oea_test_293,0.8571428571428571,0.888888888888889,True,completed,5,True,47.76484441757202,ExpeL
oea_test_591,0.7499999999999999,0.8,True,completed,6,True,128.51140785217285,ExpeL
oea_test_445,0.8571428571428571,0.4,True,completed,12,True,62.07387709617615,ExpeL
oea_test_810,0.8571428571428571,0.6666666666666666,True,completed,8,True,594.838178396225,ExpeL
oea_test_269,0.7499999999999999,0.33333333333333337,False,failed,15,False,69.90566349029541,ExpeL
oea_test_566,0.8,0.4444444444444445,True,completed,2,True,55.806400537490845,ExpeL
oea_test_263,0.8571428571428571,0.888888888888889,True,completed,5,True,84.36523008346558,ExpeL
oea_test_134,0.8571428571428571,0.7272727272727273,True,completed,7,True,173.18061566352844,ExpeL
oea_test_396,1.0,0.5714285714285715,True,completed,2,True,30.868975162506104,ExpeL
oea_test_1032,1.0,1.0,True,completed,1,False,10.351755380630493,ExpeL
oea_test_793,0.8571428571428571,0.8,True,completed,6,True,90.58317446708679,ExpeL
oea_test_478,0.75,0.8000000000000002,True,completed,5,True,44.65614056587219,ExpeL
oea_test_925,0.4,0.3333333333333333,True,completed,3,False,22.511534214019775,ExpeL
oea_test_382,0.5,0.3333333333333333,True,completed,4,False,24.224681854248047,ExpeL
oea_test_308,1.0,0.888888888888889,True,completed,5,False,88.23971962928772,ExpeL
oea_test_54,0.5,0.11764705882352941,False,failed,15,False,102.77268099784851,ExpeL
oea_test_570,0.8571428571428571,0.7272727272727273,True,completed,7,True,96.82213616371155,ExpeL
oea_test_891,1.0,1.0,True,completed,5,False,97.4023790359497,ExpeL
oea_test_776,1.0,0.8,True,completed,2,False,18.992108821868896,ExpeL
oea_test_75,0.28571428571428575,0.4,True,completed,6,False,134.2467770576477,ExpeL
oea_test_145,0.8571428571428571,0.888888888888889,True,completed,4,True,76.0289957523346,ExpeL
oea_test_288,0.5,0.75,True,completed,9,False,151.3702051639557,ExpeL
oea_test_407,0.8571428571428571,0.888888888888889,True,completed,5,True,89.9292688369751,ExpeL
oea_test_316,0.8571428571428571,0.8,True,completed,6,False,94.44765710830688,ExpeL
oea_test_1089,0.0,0.0,False,failed,15,False,268.602637052536,ExpeL
oea_test_259,0.8571428571428571,0.8,True,completed,6,True,53.54611420631409,ExpeL
oea_test_1166,0.4,0.2,True,completed,8,True,120.11938977241516,ExpeL
oea_test_1033,1.0,1.0,True,completed,4,False,75.67689633369446,ExpeL
oea_test_1042,0.888888888888889,0.9090909090909091,True,completed,6,False,109.95212268829346,ExpeL
oea_test_1099,1.0,1.0,True,completed,7,True,64.15418577194214,ExpeL
oea_test_1130,0.6666666666666666,0.3333333333333333,True,completed,9,False,84.44226336479187,ExpeL
oea_test_913,0.8571428571428571,0.888888888888889,True,completed,5,True,46.416778564453125,ExpeL
oea_test_693,0.7499999999999999,0.6666666666666666,True,completed,8,True,101.48710536956787,ExpeL
oea_test_163,0.8571428571428571,0.888888888888889,True,completed,5,True,38.45442795753479,ExpeL
oea_test_761,0.75,0.8000000000000002,True,completed,5,False,38.99260973930359,ExpeL
oea_test_948,0.5,0.3333333333333333,True,completed,3,True,26.21240520477295,ExpeL
oea_test_1103,1.0,1.0,True,completed,5,False,41.90170216560364,ExpeL
oea_test_16,0.28571428571428575,0.11764705882352941,False,failed,15,False,223.45762372016907,ExpeL
oea_test_158,0.8571428571428571,0.888888888888889,True,completed,5,True,83.8915445804596,ExpeL
oea_test_104,0.4,0.1111111111111111,False,failed,15,False,223.8885931968689,ExpeL
oea_test_296,1.0,1.0,True,completed,5,True,55.60510873794556,ExpeL
oea_test_563,0.8571428571428571,0.888888888888889,True,completed,5,True,80.88709592819214,ExpeL
oea_test_529,0.4,0.14285714285714288,True,completed,3,False,36.560263872146606,ExpeL
oea_test_857,0.6666666666666666,0.3333333333333333,True,completed,7,True,231.55984497070312,ExpeL
oea_test_654,1.0,1.0,True,completed,7,False,61.002065658569336,ExpeL
oea_test_598,1.0,0.5,True,completed,6,True,69.32482814788818,ExpeL
oea_test_1050,0.8571428571428571,0.888888888888889,True,completed,5,True,51.78919696807861,ExpeL
oea_test_242,1.0,1.0,True,completed,2,False,14.924530744552612,ExpeL
oea_test_522,0.8571428571428571,0.7272727272727273,True,completed,7,True,96.30676603317261,ExpeL
oea_test_1030,0.5,0.28571428571428575,True,completed,2,True,70.81225275993347,ExpeL
oea_test_719,0.8571428571428571,0.888888888888889,True,completed,4,False,86.10989212989807,ExpeL
oea_test_796,0.5,0.4,True,completed,3,False,29.64620804786682,ExpeL
oea_test_470,0.3333333333333333,0.10526315789473685,False,failed,15,False,328.1140351295471,ExpeL
oea_test_115,1.0,1.0,True,completed,4,False,87.2554235458374,ExpeL
oea_test_141,0.8571428571428571,0.888888888888889,True,completed,5,True,81.50407981872559,ExpeL
oea_test_94,1.0,1.0,True,completed,4,False,95.33389830589294,ExpeL
oea_test_824,1.0,1.0,True,completed,5,False,83.54958581924438,ExpeL
oea_test_673,0.75,0.7272727272727272,True,completed,6,True,86.41088128089905,ExpeL
oea_test_245,1.0,1.0,True,completed,4,True,34.533921003341675,ExpeL
oea_test_905,1.0,1.0,True,completed,4,True,83.68512606620789,ExpeL
oea_test_235,0.8571428571428571,0.8,True,completed,6,True,89.58071875572205,ExpeL
oea_test_635,0.3333333333333333,0.28571428571428575,True,completed,4,True,57.24789047241211,ExpeL
oea_test_987,1.0,1.0,True,completed,2,False,17.1602463722229,ExpeL
oea_test_513,0.8571428571428571,0.888888888888889,True,completed,5,True,83.00336241722107,ExpeL
oea_test_946,0.8,0.8333333333333333,True,completed,7,True,94.30047106742859,ExpeL
oea_test_1097,0.6666666666666666,0.8,True,completed,2,True,16.832850456237793,ExpeL
oea_test_12,0.8571428571428571,0.888888888888889,True,completed,5,True,82.85345077514648,ExpeL
oea_test_855,0.8571428571428571,0.888888888888889,True,completed,5,False,206.15047526359558,ExpeL
oea_test_361,0.8,0.8,True,completed,3,False,110.72828459739685,ExpeL
oea_test_982,0.8571428571428571,0.888888888888889,True,completed,5,False,83.2225878238678,ExpeL
oea_test_272,0.4,0.3333333333333333,True,completed,2,True,10.48288369178772,ExpeL
oea_test_847,1.0,1.0,True,completed,4,True,85.90326428413391,ExpeL
oea_test_67,0.28571428571428575,0.2,False,failed,15,False,433.54692459106445,ExpeL
oea_test_588,0.25,0.10526315789473685,False,failed,15,True,265.76648020744324,ExpeL
oea_test_763,0.28571428571428575,0.08,False,failed,15,False,353.6942629814148,ExpeL
oea_test_738,0.4,0.18181818181818182,True,completed,7,False,42.07964253425598,ExpeL
oea_test_1124,0.8571428571428571,0.8,True,completed,6,True,213.9312002658844,ExpeL
oea_test_822,0.6666666666666665,0.6666666666666666,True,completed,7,True,92.98446655273438,ExpeL
oea_test_375,0.7499999999999999,0.6153846153846153,True,completed,9,False,102.6280767917633,ExpeL
oea_test_767,0.8571428571428571,0.5,True,completed,12,True,312.339772939682,ExpeL
oea_test_1156,0.7499999999999999,0.7272727272727273,True,completed,7,False,94.49826669692993,ExpeL
oea_test_550,0.75,0.8000000000000002,True,completed,5,False,45.27430820465088,ExpeL
oea_test_30,1.0,1.0,True,completed,4,False,73.92719888687134,ExpeL
oea_test_61,0.8571428571428571,0.888888888888889,True,completed,5,True,86.14548206329346,ExpeL
oea_test_297,0.8571428571428571,0.7272727272727273,True,completed,7,True,104.64316391944885,ExpeL
oea_test_1003,0.0,0.0,False,completed,1,True,13.277266025543213,ExpeL
oea_test_311,0.5714285714285715,0.22222222222222224,True,completed,14,False,77.78909134864807,ExpeL
oea_test_1056,0.3333333333333333,0.2,True,completed,7,False,43.68463611602783,ExpeL
oea_test_170,0.3333333333333333,0.3333333333333333,True,completed,3,True,23.14444375038147,ExpeL
oea_test_226,0.75,0.8000000000000002,True,completed,5,True,86.41050577163696,ExpeL
oea_test_907,0.5,0.2,True,completed,2,True,13.76975965499878,ExpeL
oea_test_363,0.6,0.31578947368421056,False,failed,15,True,515.8677184581757,ExpeL
oea_test_1016,0.8571428571428571,0.888888888888889,True,completed,5,True,397.2847583293915,ExpeL
oea_test_65,1.0,1.0,True,completed,4,True,41.74019765853882,ExpeL
oea_test_874,0.8571428571428571,0.888888888888889,True,completed,5,True,58.05830526351929,ExpeL
oea_test_1088,1.0,1.0,True,completed,4,True,117.40241646766663,ExpeL
oea_test_121,0.3333333333333333,0.1111111111111111,False,failed,15,False,147.49713253974915,ExpeL
oea_test_825,0.8571428571428571,0.888888888888889,True,completed,5,False,82.91275095939636,ExpeL
oea_test_195,0.8571428571428571,0.31578947368421056,False,failed,15,True,707.3551797866821,ExpeL
oea_test_1005,0.5,0.5,True,completed,2,False,18.10546636581421,ExpeL
oea_test_1140,0.5454545454545454,0.4545454545454545,False,failed,15,True,1192.456922531128,ExpeL
oea_test_774,0.8571428571428571,0.888888888888889,True,completed,5,False,84.94876551628113,ExpeL
oea_test_148,0.8571428571428571,0.888888888888889,True,completed,5,True,85.03294372558594,ExpeL
oea_test_1039,0.4,0.3333333333333333,True,completed,4,False,20.989372491836548,ExpeL
oea_test_728,0.8571428571428571,0.7272727272727273,True,completed,7,True,122.0270266532898,ExpeL
oea_test_863,0.8571428571428571,0.888888888888889,True,completed,5,True,44.458346128463745,ExpeL
oea_test_581,0.923076923076923,0.9333333333333333,True,completed,8,False,56.99120783805847,ExpeL
oea_test_1095,1.0,0.6666666666666666,True,completed,8,False,69.76169514656067,ExpeL
oea_test_965,0.6666666666666666,0.6666666666666666,True,completed,8,True,161.99836206436157,ExpeL
oea_test_790,0.8571428571428571,0.888888888888889,True,completed,5,True,87.07404351234436,ExpeL
oea_test_401,0.5714285714285715,0.4,True,completed,8,True,54.70187330245972,ExpeL
oea_test_952,1.0,0.888888888888889,True,completed,5,True,96.45957112312317,ExpeL
oea_test_91,0.8571428571428571,0.888888888888889,True,completed,5,True,44.675302505493164,ExpeL
oea_test_602,0.3333333333333333,0.10526315789473685,False,failed,15,False,266.8978488445282,ExpeL
oea_test_830,0.5,0.3333333333333333,True,completed,3,False,19.052284955978394,ExpeL
oea_test_236,0.0,0.0,False,completed,1,False,8.301220178604126,ExpeL
oea_test_514,0.8571428571428571,0.888888888888889,True,completed,5,True,85.35391759872437,ExpeL
oea_test_480,0.0,0.0,False,completed,5,False,68.59213757514954,ExpeL
oea_test_165,0.5,0.25,True,completed,5,False,47.09001183509827,ExpeL
oea_test_451,0.75,0.8000000000000002,True,completed,5,True,78.10079193115234,ExpeL
oea_test_189,1.0,1.0,True,completed,2,True,16.215196132659912,ExpeL
oea_test_706,0.6666666666666666,0.7272727272727273,True,completed,7,True,70.64296984672546,ExpeL
oea_test_201,0.5714285714285715,0.3,False,failed,15,False,176.23281574249268,ExpeL
oea_test_1120,1.0,1.0,True,completed,4,False,73.74437427520752,ExpeL
oea_test_620,0.8571428571428571,0.7272727272727273,True,completed,7,True,160.14151573181152,ExpeL
oea_test_484,0.8,0.8,True,completed,3,False,20.555525064468384,ExpeL
oea_test_25,0.3333333333333333,0.2,True,completed,7,False,98.5139799118042,ExpeL
oea_test_558,0.3333333333333333,0.28571428571428575,True,completed,5,False,99.7792420387268,ExpeL
oea_test_44,0.75,0.7272727272727272,True,completed,6,True,45.61778664588928,ExpeL
oea_test_78,1.0,1.0,True,completed,4,True,71.73598861694336,ExpeL
oea_test_576,0.75,0.8000000000000002,True,completed,5,False,84.44083213806152,ExpeL
oea_test_861,0.0,0.0,False,completed,4,False,62.87544059753418,ExpeL
oea_test_567,0.5,0.5714285714285715,True,completed,3,True,29.64785933494568,ExpeL
oea_test_183,1.0,0.4210526315789474,False,failed,15,True,386.67645382881165,ExpeL
oea_test_173,0.8571428571428571,0.888888888888889,True,completed,5,True,94.59478735923767,ExpeL
oea_test_963,0.3333333333333333,0.16666666666666666,True,completed,7,True,115.10081505775452,ExpeL
oea_test_996,0.8571428571428571,0.888888888888889,True,completed,5,True,83.8486635684967,ExpeL
oea_test_889,0.8571428571428571,0.888888888888889,True,completed,5,True,85.06156778335571,ExpeL
oea_test_193,0.8571428571428571,0.888888888888889,True,completed,5,True,92.37820672988892,ExpeL
oea_test_455,1.0,1.0,True,completed,4,True,43.26709747314453,ExpeL
oea_test_680,0.4,0.2,True,completed,8,False,273.9083352088928,ExpeL
oea_test_919,0.8571428571428571,0.5,True,completed,3,False,28.98578929901123,ExpeL
oea_test_887,0.25,0.1,False,failed,15,False,198.61324667930603,ExpeL
oea_test_486,0.8571428571428571,0.888888888888889,True,completed,5,False,84.69062447547913,ExpeL
oea_test_1122,1.0,0.8,True,completed,2,False,12.99897813796997,ExpeL
oea_test_689,0.5,0.5714285714285715,True,completed,5,False,156.72995924949646,ExpeL
oea_test_628,0.25,0.13333333333333333,True,completed,11,False,209.01880717277527,ExpeL
oea_test_229,0.6666666666666665,0.7272727272727272,True,completed,6,False,94.4514217376709,ExpeL
oea_test_471,0.8571428571428571,0.888888888888889,True,completed,5,True,82.08184099197388,ExpeL
oea_test_74,0.8571428571428571,0.888888888888889,True,completed,5,True,38.74662375450134,ExpeL
oea_test_821,0.8,0.5,True,completed,2,False,14.414633989334106,ExpeL
oea_test_320,1.0,1.0,True,completed,1,False,11.88215684890747,ExpeL
oea_test_419,0.8571428571428571,0.888888888888889,True,completed,5,True,93.96054339408875,ExpeL
oea_test_605,0.0,0.0,False,completed,3,False,16.76764726638794,ExpeL
oea_test_573,1.0,0.888888888888889,True,completed,5,False,90.44739818572998,ExpeL
oea_test_64,0.8571428571428571,0.888888888888889,True,completed,5,True,89.27022075653076,ExpeL
oea_test_615,1.0,1.0,True,completed,7,True,86.83715415000916,ExpeL
oea_test_1012,1.0,0.888888888888889,True,completed,5,False,84.53505945205688,ExpeL
oea_test_200,1.0,1.0,True,completed,4,True,78.24897813796997,ExpeL
oea_test_326,0.28571428571428575,0.2,False,failed,15,False,278.9198520183563,ExpeL
oea_test_984,0.5714285714285715,0.4,True,completed,6,False,170.95491862297058,ExpeL
oea_test_594,0.5,0.5,True,completed,2,False,13.94002890586853,ExpeL
oea_test_909,0.9090909090909091,0.923076923076923,True,completed,7,False,71.67219924926758,ExpeL
oea_test_175,0.8571428571428571,0.888888888888889,True,completed,5,True,46.039214849472046,ExpeL
oea_test_0,0.8571428571428571,0.888888888888889,True,completed,5,False,107.78341126441956,ExpeL
oea_test_449,1.0,1.0,True,completed,5,True,94.4780912399292,ExpeL
oea_test_53,1.0,0.923076923076923,True,completed,7,True,78.18217515945435,ExpeL
oea_test_1106,0.75,0.8000000000000002,True,completed,5,True,86.30995440483093,ExpeL
oea_test_703,0.8571428571428571,0.888888888888889,True,completed,5,True,85.40516948699951,ExpeL
oea_test_1127,0.0,0.0,False,completed,5,True,64.9683518409729,ExpeL
oea_test_152,0.6666666666666666,0.5714285714285715,False,failed,15,False,189.0664701461792,ExpeL
oea_test_4,0.8571428571428571,0.888888888888889,True,completed,5,True,62.76621198654175,ExpeL
oea_test_1153,0.888888888888889,0.47619047619047616,False,failed,15,True,1063.072448015213,ExpeL
oea_test_1087,0.75,0.8000000000000002,True,completed,5,False,83.58763098716736,ExpeL
oea_test_807,1.0,1.0,True,completed,5,True,46.93545961380005,ExpeL
oea_test_555,0.0,0.0,False,completed,2,True,25.24256420135498,ExpeL
oea_test_113,0.4444444444444445,0.2105263157894737,False,failed,15,False,376.6917221546173,ExpeL
oea_test_792,0.6666666666666666,0.4615384615384615,True,completed,10,False,147.73668837547302,ExpeL
oea_test_701,0.7499999999999999,0.8,True,completed,6,False,83.57317900657654,ExpeL
oea_test_1142,0.5,0.5,True,completed,2,False,22.30850338935852,ExpeL
oea_test_712,0.8571428571428571,0.888888888888889,True,completed,5,False,57.258437633514404,ExpeL
oea_test_524,0.8571428571428571,0.888888888888889,True,completed,5,True,86.37344479560852,ExpeL
oea_test_180,0.8571428571428571,0.888888888888889,True,completed,5,True,82.26007676124573,ExpeL
oea_test_56,1.0,0.5714285714285715,False,failed,15,True,203.8278295993805,ExpeL
oea_test_1112,0.9090909090909091,0.923076923076923,True,completed,7,True,57.208972215652466,ExpeL
oea_test_797,0.75,0.8000000000000002,True,completed,5,True,83.91248226165771,ExpeL
oea_test_716,0.75,0.8000000000000002,True,completed,5,True,97.57435703277588,ExpeL
oea_test_380,0.8571428571428571,0.888888888888889,True,completed,5,True,48.247071981430054,ExpeL
oea_test_39,0.5,0.4,True,completed,7,False,196.41988444328308,ExpeL
oea_test_1161,0.8571428571428571,0.8571428571428571,True,completed,4,True,30.832226514816284,ExpeL
oea_test_284,0.5714285714285715,0.3333333333333333,True,completed,7,True,162.55890679359436,ExpeL
oea_test_521,0.8571428571428571,0.888888888888889,True,completed,5,True,44.0520236492157,ExpeL
oea_test_43,1.0,1.0,True,completed,3,False,14.384098052978516,ExpeL
oea_test_585,0.8571428571428571,0.888888888888889,True,completed,5,False,88.1375629901886,ExpeL
oea_test_1128,0.8,0.31578947368421056,False,failed,15,True,1236.3049457073212,ExpeL
oea_test_756,0.8571428571428571,0.888888888888889,True,completed,5,True,94.89809370040894,ExpeL
oea_test_136,0.8571428571428571,0.8,True,completed,6,True,104.0334050655365,ExpeL
oea_test_833,0.8571428571428571,0.888888888888889,True,completed,5,True,88.97729349136353,ExpeL
oea_test_586,1.0,1.0,True,completed,4,True,35.30307102203369,ExpeL
oea_test_268,1.0,0.6666666666666666,True,completed,8,True,90.51915073394775,ExpeL
oea_test_66,0.22222222222222224,0.2222222222222222,False,failed,15,False,269.49655961990356,ExpeL
oea_test_142,0.6666666666666666,0.3333333333333333,True,completed,3,True,34.297205686569214,ExpeL
oea_test_973,0.8,0.6666666666666666,True,completed,6,False,77.4516670703888,ExpeL
oea_test_371,1.0,0.5714285714285715,True,completed,5,False,229.93333506584167,ExpeL
oea_test_212,0.8571428571428571,0.888888888888889,True,completed,5,True,87.49455738067627,ExpeL
oea_test_597,0.8571428571428571,0.888888888888889,True,completed,5,True,79.9594578742981,ExpeL
oea_test_655,0.6666666666666666,0.3333333333333333,True,completed,9,True,180.29144525527954,ExpeL
oea_test_805,0.4,0.2222222222222222,True,completed,3,False,31.2103590965271,ExpeL
oea_test_8,1.0,1.0,True,completed,4,False,72.87501692771912,ExpeL
oea_test_37,0.5,0.8333333333333334,True,completed,6,False,230.33099627494812,ExpeL
oea_test_714,0.6666666666666666,0.42857142857142855,True,completed,11,True,121.95761156082153,ExpeL
oea_test_403,0.4,0.28571428571428575,True,completed,3,False,18.446990251541138,ExpeL
oea_test_432,1.0,0.5714285714285715,True,completed,2,False,16.282267570495605,ExpeL
oea_test_353,0.3333333333333333,0.1818181818181818,True,completed,9,True,348.04714274406433,ExpeL
oea_test_758,0.8571428571428571,0.42857142857142855,True,completed,11,False,121.66424131393433,ExpeL
oea_test_686,0.8,0.31578947368421056,False,failed,15,True,288.43855810165405,ExpeL
oea_test_785,1.0,1.0,True,completed,6,False,93.63804483413696,ExpeL
oea_test_574,0.4,0.7368421052631577,True,completed,10,True,214.95788288116455,ExpeL
oea_test_858,1.0,0.7692307692307693,True,completed,8,True,469.1118915081024,ExpeL
oea_test_1158,1.0,1.0,True,completed,4,False,86.75011253356934,ExpeL
oea_test_258,0.4,0.3333333333333333,True,completed,3,False,27.37264585494995,ExpeL
oea_test_156,1.0,0.5714285714285715,True,completed,10,True,196.86397218704224,ExpeL
oea_test_222,0.8571428571428571,0.7272727272727273,True,completed,7,True,157.5531780719757,ExpeL
oea_test_391,1.0,1.0,True,completed,4,False,79.73954129219055,ExpeL
oea_test_1163,0.8571428571428571,0.888888888888889,True,completed,5,True,89.22013449668884,ExpeL
oea_test_542,0.8571428571428571,0.7272727272727273,True,completed,7,True,114.40178799629211,ExpeL
oea_test_625,0.4,0.4,True,completed,3,False,23.800349950790405,ExpeL
oea_test_1135,0.8571428571428571,0.8,True,completed,6,False,82.7062361240387,ExpeL
oea_test_256,0.7499999999999999,0.8,True,completed,6,False,103.60132503509521,ExpeL
oea_test_7,1.0,1.0,True,completed,4,False,83.82570147514343,ExpeL
oea_test_1028,0.6666666666666666,0.4444444444444445,True,completed,5,False,108.12222528457642,ExpeL
oea_test_877,0.8571428571428571,0.7499999999999999,True,completed,5,True,45.792903423309326,ExpeL
oea_test_818,1.0,0.888888888888889,True,completed,5,True,79.67235946655273,ExpeL
oea_test_935,0.8571428571428571,0.888888888888889,True,completed,5,False,104.22474098205566,ExpeL
oea_test_1148,0.8,0.5454545454545454,True,completed,4,False,75.44569134712219,ExpeL
oea_test_829,0.625,0.5,False,failed,15,False,304.1662263870239,ExpeL
oea_test_168,0.5,0.47619047619047616,False,failed,15,False,215.5964035987854,ExpeL
oea_test_1,0.5,0.5,True,completed,2,True,18.50313425064087,ExpeL
oea_test_309,0.5,0.4,True,completed,2,False,27.244858503341675,ExpeL
oea_test_737,0.7499999999999999,0.8,True,completed,6,True,49.97599911689758,ExpeL
oea_test_644,0.33333333333333337,0.13333333333333336,True,completed,13,True,198.20338106155396,ExpeL
oea_test_508,0.4,0.1818181818181818,True,completed,9,False,112.15016508102417,ExpeL
oea_test_871,0.8571428571428571,0.888888888888889,True,completed,5,True,87.44828653335571,ExpeL
oea_test_503,1.0,1.0,True,completed,2,True,12.164842367172241,ExpeL
oea_test_279,0.8571428571428571,0.888888888888889,True,completed,5,True,92.52913093566895,ExpeL
oea_test_1094,1.0,1.0,True,completed,4,False,76.86588525772095,ExpeL
oea_test_650,0.8571428571428571,0.888888888888889,True,completed,5,True,80.9611566066742,ExpeL
oea_test_423,0.8571428571428571,0.888888888888889,True,completed,5,True,80.62998914718628,ExpeL
oea_test_920,1.0,0.8571428571428571,True,completed,3,True,27.356947660446167,ExpeL
oea_test_352,0.4,0.18181818181818182,True,completed,7,False,32.13536334037781,ExpeL
oea_test_394,0.8571428571428571,0.888888888888889,True,completed,5,True,94.00269842147827,ExpeL
oea_test_546,0.75,0.8000000000000002,True,completed,5,True,88.37221693992615,ExpeL
oea_test_321,0.8571428571428571,0.6666666666666666,True,completed,8,True,130.1408495903015,ExpeL
oea_test_124,0.8571428571428571,0.888888888888889,True,completed,5,True,82.5881359577179,ExpeL
oea_test_603,0.8571428571428571,0.888888888888889,True,completed,5,True,85.19325160980225,ExpeL
oea_test_338,0.4,0.1818181818181818,True,completed,6,False,64.61566877365112,ExpeL
oea_test_458,0.8,0.8,True,completed,3,True,24.30537176132202,ExpeL
oea_test_324,0.8571428571428571,0.888888888888889,True,completed,5,False,85.05855679512024,ExpeL
oea_test_346,0.4,0.1818181818181818,True,completed,2,False,22.077685832977295,ExpeL
oea_test_1137,0.5,0.6666666666666666,True,completed,3,False,21.216155290603638,ExpeL
oea_test_708,0.5454545454545454,0.3,False,failed,15,True,496.5471160411835,ExpeL
oea_test_924,0.5714285714285715,0.30769230769230765,True,completed,7,False,82.5786337852478,ExpeL
oea_test_1150,0.8571428571428571,0.888888888888889,True,completed,5,True,39.497905015945435,ExpeL
oea_test_254,0.8,0.6666666666666666,True,completed,3,True,72.1794204711914,ExpeL
oea_test_547,0.5,0.6666666666666666,True,completed,3,False,17.9682297706604,ExpeL
oea_test_964,0.8571428571428571,0.888888888888889,True,completed,5,True,141.2682888507843,ExpeL
oea_test_105,1.0,1.0,True,completed,2,False,18.765474319458008,ExpeL
oea_test_378,1.0,1.0,True,completed,4,True,36.167375802993774,ExpeL
oea_test_260,1.0,0.8571428571428571,True,completed,4,False,29.257604122161865,ExpeL
oea_test_1036,0.0,0.0,False,failed,15,False,165.17107486724854,ExpeL
oea_test_300,0.8333333333333333,0.7058823529411764,True,completed,11,True,693.1614773273468,ExpeL
oea_test_151,0.6666666666666666,0.5714285714285715,True,completed,3,False,56.08681678771973,ExpeL
oea_test_441,0.5,0.3636363636363636,True,completed,5,False,68.03431010246277,ExpeL
oea_test_348,0.8,0.6666666666666666,True,completed,3,False,24.174468517303467,ExpeL
oea_test_350,0.8571428571428571,0.888888888888889,True,completed,5,True,82.81821370124817,ExpeL
oea_test_694,0.8571428571428571,0.7272727272727273,True,completed,7,True,89.89415550231934,ExpeL
oea_test_962,0.8,0.888888888888889,True,completed,4,True,37.478352069854736,ExpeL
oea_test_253,0.4,0.4,True,completed,3,False,23.09362483024597,ExpeL
oea_test_970,0.3333333333333333,0.28571428571428575,True,completed,5,False,156.33745980262756,ExpeL
oea_test_934,0.75,0.8000000000000002,True,completed,5,True,40.56609344482422,ExpeL
oea_test_435,0.3333333333333333,0.1818181818181818,True,completed,9,False,233.40360164642334,ExpeL
oea_test_465,0.8,0.8,True,completed,3,False,26.525671005249023,ExpeL
oea_test_687,0.8571428571428571,0.888888888888889,True,completed,5,True,44.55183124542236,ExpeL
oea_test_464,0.4,0.4,True,completed,7,False,52.72162365913391,ExpeL
oea_test_146,0.6666666666666666,0.7272727272727273,True,completed,7,True,61.465553760528564,ExpeL
oea_test_977,1.0,1.0,True,completed,5,True,88.59920239448547,ExpeL
oea_test_695,0.8571428571428571,0.888888888888889,True,completed,5,True,85.19877767562866,ExpeL
oea_test_15,0.8571428571428571,0.888888888888889,True,completed,5,True,50.780073165893555,ExpeL
oea_test_729,0.5,0.2222222222222222,False,failed,15,True,243.50525641441345,ExpeL
oea_test_748,1.0,0.8,True,completed,6,True,62.749677658081055,ExpeL
oea_test_29,0.4,0.4,True,completed,2,True,12.686414003372192,ExpeL
oea_test_641,0.8571428571428571,0.888888888888889,True,completed,5,True,62.32497239112854,ExpeL
oea_test_768,0.7499999999999999,0.6153846153846153,True,completed,6,False,45.40873432159424,ExpeL
oea_test_343,1.0,1.0,True,completed,2,False,23.838303804397583,ExpeL
oea_test_157,0.8,0.6666666666666666,True,completed,4,False,36.89655947685242,ExpeL
oea_test_864,0.7499999999999999,0.6666666666666666,True,completed,8,False,109.20750284194946,ExpeL
oea_test_278,0.8571428571428571,0.888888888888889,True,completed,5,True,91.82245564460754,ExpeL
oea_test_1131,1.0,1.0,True,completed,2,False,13.243244886398315,ExpeL
oea_test_271,1.0,1.0,True,completed,4,True,196.33675956726074,ExpeL
oea_test_610,0.8571428571428571,0.888888888888889,True,completed,5,True,81.5517110824585,ExpeL
oea_test_917,0.6666666666666666,0.5714285714285715,True,completed,10,True,436.5442228317261,ExpeL
oea_test_722,0.8571428571428571,0.888888888888889,True,completed,5,True,53.04774355888367,ExpeL
oea_test_1162,1.0,1.0,True,completed,4,True,77.65529203414917,ExpeL
oea_test_197,0.5714285714285715,0.4444444444444445,True,completed,7,True,28.418185472488403,ExpeL
oea_test_174,0.6666666666666666,0.5454545454545454,True,completed,8,False,95.80850291252136,ExpeL
oea_test_137,1.0,1.0,True,completed,7,True,56.14440155029297,ExpeL
oea_test_844,0.75,0.6666666666666665,True,completed,5,True,35.162562131881714,ExpeL
oea_test_251,1.0,0.8,True,completed,2,False,15.599054098129272,ExpeL
oea_test_813,0.8571428571428571,0.6666666666666666,True,completed,8,True,132.82275247573853,ExpeL
oea_test_413,0.8571428571428571,0.888888888888889,True,completed,5,True,96.0808162689209,ExpeL
oea_test_949,0.7499999999999999,0.8,True,completed,6,True,109.82765340805054,ExpeL
oea_test_1043,0.6666666666666666,0.625,True,completed,11,False,196.0878884792328,ExpeL
oea_test_198,0.0,0.0,False,completed,8,False,144.71997570991516,ExpeL
oea_test_1058,0.8571428571428571,0.8,True,completed,6,True,88.6239902973175,ExpeL
oea_test_185,0.7499999999999999,0.8,True,completed,6,False,91.44319653511047,ExpeL
oea_test_275,0.8571428571428571,0.888888888888889,True,completed,5,False,85.67995238304138,ExpeL
oea_test_433,0.5,0.4,True,completed,3,False,77.19297361373901,ExpeL
oea_test_1164,0.5714285714285715,0.25,True,completed,13,False,83.46998620033264,ExpeL
oea_test_875,1.0,1.0,True,completed,4,False,71.91201972961426,ExpeL
oea_test_216,0.8,0.6666666666666666,True,completed,3,True,22.379756450653076,ExpeL
oea_test_476,1.0,1.0,True,completed,4,True,49.27915048599243,ExpeL
oea_test_1096,0.8571428571428571,0.888888888888889,True,completed,5,False,76.9869966506958,ExpeL
oea_test_1068,0.888888888888889,0.9090909090909091,True,completed,6,False,52.24920415878296,ExpeL
oea_test_899,1.0,1.0,True,completed,4,True,47.774070501327515,ExpeL
oea_test_488,0.6666666666666665,0.7272727272727272,True,completed,6,True,88.4503173828125,ExpeL
oea_test_897,0.5,0.6666666666666666,True,completed,3,False,99.2244017124176,ExpeL
oea_test_209,0.5454545454545454,0.3809523809523809,False,failed,15,True,673.0358607769012,ExpeL
oea_test_971,1.0,0.8333333333333333,True,completed,7,True,72.77207446098328,ExpeL
oea_test_1060,0.8571428571428571,0.888888888888889,True,completed,5,True,49.36742663383484,ExpeL
oea_test_961,1.0,1.0,True,completed,4,True,46.26089262962341,ExpeL
oea_test_683,0.25,0.10526315789473685,False,failed,15,True,286.2049775123596,ExpeL
oea_test_600,0.8,0.8,True,completed,6,True,41.1621789932251,ExpeL
oea_test_392,1.0,1.0,True,completed,6,False,49.34299683570862,ExpeL
oea_test_397,0.4,0.25,True,completed,5,True,44.468181133270264,ExpeL
oea_test_19,0.25,0.1111111111111111,False,failed,15,False,376.8527340888977,ExpeL
oea_test_873,0.8571428571428571,0.6153846153846153,True,completed,9,True,284.49128460884094,ExpeL
oea_test_82,0.5,0.2,False,failed,15,False,198.0870385169983,ExpeL
oea_test_677,0.8,0.5,True,completed,4,False,53.3901424407959,ExpeL
oea_test_724,0.6666666666666666,0.5,True,completed,4,False,48.79430913925171,ExpeL
oea_test_1160,1.0,1.0,True,completed,4,True,81.34831190109253,ExpeL
oea_test_244,1.0,1.0,True,completed,2,True,10.595680952072144,ExpeL
oea_test_376,0.28571428571428575,0.25,True,completed,4,False,79.32635521888733,ExpeL
oea_test_577,0.6666666666666666,0.6666666666666666,True,completed,4,False,37.27582597732544,ExpeL
oea_test_884,0.28571428571428575,0.2222222222222222,True,completed,6,False,98.65473818778992,ExpeL
oea_test_1092,0.6,0.4,False,failed,15,True,370.39537286758423,ExpeL
oea_test_220,1.0,1.0,True,completed,4,False,34.992597818374634,ExpeL
oea_test_643,0.8571428571428571,0.888888888888889,True,completed,5,True,48.03253984451294,ExpeL
oea_test_225,0.8571428571428571,0.7272727272727273,True,completed,7,True,95.13692831993103,ExpeL
oea_test_132,0.8571428571428571,0.888888888888889,True,completed,5,True,92.08784770965576,ExpeL
oea_test_931,0.5,0.1818181818181818,True,completed,6,False,194.4887456893921,ExpeL
oea_test_906,0.2222222222222222,0.1111111111111111,False,failed,15,False,339.48801946640015,ExpeL
oea_test_974,0.8571428571428571,0.888888888888889,True,completed,5,True,81.89639258384705,ExpeL
oea_test_203,0.3333333333333333,0.28571428571428575,True,completed,5,False,30.260194778442383,ExpeL
oea_test_649,0.8571428571428571,0.888888888888889,True,completed,5,True,42.027454137802124,ExpeL
oea_test_827,0.8571428571428571,0.888888888888889,True,completed,5,True,51.61538481712341,ExpeL
oea_test_784,0.8571428571428571,0.888888888888889,True,completed,5,False,75.15045404434204,ExpeL
oea_test_787,1.0,1.0,True,completed,4,True,32.418288707733154,ExpeL
oea_test_572,0.6666666666666666,0.5,True,completed,4,False,37.283782958984375,ExpeL
oea_test_207,0.8571428571428571,0.888888888888889,True,completed,5,True,84.45820641517639,ExpeL
oea_test_883,1.0,1.0,True,completed,7,True,60.403494358062744,ExpeL
oea_test_1078,0.3333333333333333,0.18181818181818182,True,completed,7,True,153.99030327796936,ExpeL
oea_test_882,0.5,0.28571428571428575,False,failed,15,False,551.4623830318451,ExpeL
oea_test_1075,0.5,0.4,False,failed,15,True,494.80221009254456,ExpeL
oea_test_425,0.923076923076923,0.9333333333333333,True,completed,8,True,50.919856786727905,ExpeL
oea_test_329,0.8571428571428571,0.888888888888889,True,completed,5,True,81.22767186164856,ExpeL
oea_test_453,0.6666666666666666,0.8750000000000001,True,completed,9,False,67.7010293006897,ExpeL
oea_test_70,0.4,0.2,True,completed,7,True,195.03280353546143,ExpeL
oea_test_490,0.6666666666666666,0.28571428571428575,True,completed,11,False,201.85850548744202,ExpeL
oea_test_505,0.8571428571428571,0.888888888888889,True,completed,5,True,79.78355312347412,ExpeL
oea_test_820,0.28571428571428575,0.10526315789473685,False,failed,15,True,350.55240964889526,ExpeL
oea_test_561,0.8571428571428571,0.888888888888889,True,completed,5,True,63.392635107040405,ExpeL
oea_test_59,0.5714285714285715,0.5,True,completed,4,True,37.904417276382446,ExpeL
oea_test_341,0.3333333333333333,0.28571428571428575,True,completed,4,False,46.770991563797,ExpeL
oea_test_223,0.3333333333333333,0.3,False,failed,15,False,303.77674627304077,ExpeL
oea_test_707,0.8,0.6666666666666666,True,completed,4,False,112.05953693389893,ExpeL
oea_test_6,1.0,1.0,True,completed,4,False,72.6483736038208,ExpeL
oea_test_345,0.8571428571428571,0.888888888888889,True,completed,5,True,84.6813793182373,ExpeL
oea_test_898,0.8571428571428571,0.888888888888889,True,completed,5,True,45.625725507736206,ExpeL
oea_test_709,0.8571428571428571,0.888888888888889,True,completed,5,False,93.24676275253296,ExpeL
oea_test_772,0.0,0.0,False,completed,2,False,19.44542384147644,ExpeL
oea_test_1154,0.4,0.5263157894736842,True,completed,12,True,262.58068680763245,ExpeL
oea_test_317,0.8,0.7272727272727273,True,completed,7,True,481.96415424346924,ExpeL
oea_test_922,0.3333333333333333,0.22222222222222224,True,completed,4,False,51.60110425949097,ExpeL
oea_test_1061,0.33333333333333337,0.15384615384615385,True,completed,12,False,245.72449684143066,ExpeL
oea_test_564,0.8571428571428571,0.888888888888889,True,completed,5,True,84.68530654907227,ExpeL
oea_test_117,0.7499999999999999,0.8,True,completed,6,True,89.82240724563599,ExpeL
oea_test_240,0.25,0.4,False,failed,15,False,435.43250346183777,ExpeL
oea_test_135,1.0,1.0,True,completed,3,False,25.01405167579651,ExpeL
oea_test_304,0.8571428571428571,0.888888888888889,True,completed,5,True,96.29577898979187,ExpeL
oea_test_421,0.8571428571428571,0.888888888888889,True,completed,5,True,50.14071702957153,ExpeL
oea_test_379,1.0,1.0,True,completed,2,False,9.907243728637695,ExpeL
oea_test_3,0.8571428571428571,0.888888888888889,True,completed,5,True,63.562387228012085,ExpeL
oea_test_642,0.8571428571428571,0.888888888888889,True,completed,5,False,92.46984720230103,ExpeL
oea_test_1059,0.5714285714285715,0.23529411764705882,False,failed,15,True,280.2783451080322,ExpeL
oea_test_664,0.3333333333333333,0.25,True,completed,6,False,113.5517590045929,ExpeL
oea_test_932,1.0,0.888888888888889,True,completed,5,False,84.35056209564209,ExpeL
oea_test_859,0.5,0.4,True,completed,3,False,28.812829732894897,ExpeL
oea_test_1013,0.4,0.18181818181818182,True,completed,7,False,114.85490226745605,ExpeL
oea_test_202,0.8571428571428571,0.888888888888889,True,completed,5,False,86.8556981086731,ExpeL
oea_test_97,1.0,1.0,True,completed,7,True,67.57571220397949,ExpeL
oea_test_248,1.0,1.0,True,completed,7,True,69.76813626289368,ExpeL
oea_test_1134,1.0,0.6666666666666666,True,completed,3,False,19.965786695480347,ExpeL
oea_test_1111,0.8571428571428571,0.888888888888889,True,completed,5,True,47.301138162612915,ExpeL
oea_test_14,0.5,0.23529411764705882,True,completed,14,False,133.45901727676392,ExpeL
oea_test_823,0.6666666666666666,0.6,True,completed,7,False,43.92856001853943,ExpeL
oea_test_101,0.6666666666666666,0.46153846153846156,True,completed,9,True,166.72621774673462,ExpeL
oea_test_601,0.8571428571428571,0.888888888888889,True,completed,5,True,88.24269080162048,ExpeL
oea_test_1074,0.5,0.5,True,completed,9,False,81.53867411613464,ExpeL
oea_test_81,0.6666666666666666,0.6666666666666666,True,completed,3,False,58.99898552894592,ExpeL
oea_test_1104,0.8571428571428571,0.888888888888889,True,completed,5,True,83.90529656410217,ExpeL
oea_test_730,0.8571428571428571,0.888888888888889,True,completed,5,False,46.69406533241272,ExpeL
oea_test_1167,0.8571428571428571,0.888888888888889,True,completed,5,True,89.43687176704407,ExpeL
oea_test_1025,1.0,0.5714285714285715,True,completed,10,True,725.6677148342133,ExpeL
oea_test_940,0.7499999999999999,0.7272727272727273,True,completed,7,True,106.59154939651489,ExpeL
oea_test_122,0.8571428571428571,0.888888888888889,True,completed,5,False,87.95126414299011,ExpeL
oea_test_28,0.6666666666666666,0.3809523809523809,False,failed,15,True,532.4900374412537,ExpeL
oea_test_323,0.5,0.4,True,completed,2,False,13.621802568435669,ExpeL
oea_test_1065,0.8571428571428571,0.888888888888889,True,completed,5,True,107.78934931755066,ExpeL
oea_test_727,0.5,0.28571428571428575,True,completed,3,False,24.389418601989746,ExpeL
oea_test_933,1.0,0.7499999999999999,True,completed,3,False,33.42733693122864,ExpeL
oea_test_167,0.4,0.3636363636363636,True,completed,6,False,38.703765869140625,ExpeL
oea_test_1108,0.2,0.11764705882352941,False,failed,15,True,111.00369691848755,ExpeL
oea_test_995,0.5,0.26666666666666666,True,completed,11,False,300.99520659446716,ExpeL
oea_test_273,0.6666666666666666,0.5714285714285715,True,completed,5,False,34.987927198410034,ExpeL
oea_test_901,1.0,1.0,True,completed,4,False,78.57020926475525,ExpeL
oea_test_569,0.8571428571428571,0.888888888888889,True,completed,5,True,39.51095676422119,ExpeL
oea_test_89,0.8571428571428571,0.888888888888889,True,completed,5,True,46.82078266143799,ExpeL
oea_test_596,0.8571428571428571,0.888888888888889,True,completed,5,True,38.22161078453064,ExpeL
oea_test_416,0.5714285714285715,0.31578947368421056,False,failed,15,True,158.65137720108032,ExpeL
oea_test_1073,0.5714285714285715,0.25000000000000006,True,completed,11,False,206.1062948703766,ExpeL
oea_test_782,0.6666666666666666,0.4444444444444445,True,completed,7,True,251.3362956047058,ExpeL
oea_test_534,0.8571428571428571,0.5714285714285715,True,completed,10,True,115.58404541015625,ExpeL
oea_test_958,0.4,0.1818181818181818,True,completed,6,False,90.84071063995361,ExpeL
oea_test_85,1.0,0.8333333333333333,True,completed,7,False,143.18951153755188,ExpeL
oea_test_1138,0.8571428571428571,0.8,True,completed,6,True,284.1009886264801,ExpeL
oea_test_408,0.8,0.7692307692307693,True,completed,8,False,58.94207143783569,ExpeL
oea_test_645,0.8,0.888888888888889,True,completed,4,False,32.7923481464386,ExpeL
oea_test_280,1.0,1.0,True,completed,4,False,78.9012680053711,ExpeL
oea_test_262,0.8571428571428571,0.888888888888889,True,completed,5,True,97.29900121688843,ExpeL
oea_test_315,0.8571428571428571,0.888888888888889,True,completed,5,True,85.23289275169373,ExpeL
oea_test_870,0.5714285714285715,0.2,False,failed,15,False,348.5321481227875,ExpeL
oea_test_1110,0.4,0.3333333333333333,True,completed,3,False,30.005626440048218,ExpeL
oea_test_501,0.3333333333333333,0.13333333333333333,True,completed,12,False,128.49976253509521,ExpeL
oea_test_533,0.8571428571428571,0.888888888888889,True,completed,5,False,87.89320993423462,ExpeL
oea_test_1133,0.8571428571428571,0.888888888888889,True,completed,5,False,81.07952928543091,ExpeL
oea_test_510,0.8571428571428571,0.5333333333333333,True,completed,11,True,306.1125762462616,ExpeL
oea_test_876,0.3333333333333333,0.4210526315789474,True,completed,9,True,172.0523087978363,ExpeL
oea_test_740,0.8571428571428571,0.888888888888889,True,completed,5,True,84.19186115264893,ExpeL
oea_test_660,0.8571428571428571,0.888888888888889,True,completed,5,False,104.7922785282135,ExpeL
oea_test_249,0.8571428571428571,0.888888888888889,True,completed,5,True,90.06375646591187,ExpeL
oea_test_102,0.3333333333333333,0.1818181818181818,True,completed,9,False,183.5211615562439,ExpeL
oea_test_1046,0.8571428571428571,0.888888888888889,True,completed,5,True,95.85694122314453,ExpeL
oea_test_568,0.3333333333333333,0.28571428571428575,True,completed,4,False,92.63383674621582,ExpeL
oea_test_381,0.7499999999999999,0.8,True,completed,6,True,86.31806635856628,ExpeL
oea_test_219,1.0,0.8,True,completed,2,False,10.569801330566406,ExpeL
oea_test_369,0.6666666666666666,0.2105263157894737,False,failed,15,False,546.3740472793579,ExpeL
oea_test_205,0.8571428571428571,0.888888888888889,True,completed,5,True,91.39791917800903,ExpeL
oea_test_702,0.8571428571428571,0.6666666666666666,True,completed,8,True,107.16350793838501,ExpeL
oea_test_429,0.4,0.2,True,completed,3,False,16.717700958251953,ExpeL
oea_test_23,0.5,0.3333333333333333,True,completed,4,False,76.9375901222229,ExpeL
oea_test_759,0.8571428571428571,0.888888888888889,True,completed,5,True,81.63977599143982,ExpeL
oea_test_436,1.0,0.6666666666666666,True,completed,2,False,38.5699725151062,ExpeL
oea_test_1109,0.8571428571428571,0.47058823529411764,True,completed,13,True,159.7497260570526,ExpeL
oea_test_372,0.6666666666666666,0.23529411764705882,False,failed,15,True,467.87301445007324,ExpeL
oea_test_127,1.0,1.0,True,completed,4,True,90.7645103931427,ExpeL
oea_test_349,1.0,1.0,True,completed,5,False,86.28973913192749,ExpeL
oea_test_667,0.5714285714285715,0.5714285714285715,True,completed,5,False,35.14783048629761,ExpeL
oea_test_652,0.5,0.39999999999999997,True,completed,11,False,361.0851528644562,ExpeL
oea_test_531,0.5714285714285715,0.37499999999999994,True,completed,11,False,153.78164982795715,ExpeL
oea_test_1107,0.5,0.5,True,completed,2,False,17.516274213790894,ExpeL
oea_test_860,1.0,0.9090909090909091,True,completed,6,False,101.37777900695801,ExpeL
oea_test_678,1.0,0.923076923076923,True,completed,7,True,95.37371253967285,ExpeL
oea_test_1165,0.4,0.25,True,completed,13,False,126.34632897377014,ExpeL
oea_test_865,0.75,0.8000000000000002,True,completed,5,True,87.07174444198608,ExpeL
oea_test_120,1.0,1.0,True,completed,4,True,40.29493808746338,ExpeL
oea_test_298,0.8571428571428571,0.8,True,completed,6,True,57.10237121582031,ExpeL
oea_test_77,0.8571428571428571,0.888888888888889,True,completed,5,True,101.03388905525208,ExpeL
oea_test_657,0.5,0.22222222222222224,True,completed,7,False,126.06395077705383,ExpeL
oea_test_1002,0.8571428571428571,0.888888888888889,True,completed,5,True,105.27047991752625,ExpeL
oea_test_292,0.8571428571428571,0.8,True,completed,6,True,94.87620329856873,ExpeL
oea_test_839,0.4444444444444444,0.19047619047619047,True,completed,14,True,158.48909044265747,ExpeL
oea_test_1017,0.8571428571428571,0.888888888888889,True,completed,5,True,94.11758470535278,ExpeL
oea_test_232,0.8571428571428571,0.888888888888889,True,completed,4,True,79.05928230285645,ExpeL
oea_test_1141,0.25,0.15384615384615385,True,completed,11,False,201.29108381271362,ExpeL
oea_test_358,1.0,1.0,True,completed,4,True,71.60037279129028,ExpeL
oea_test_290,0.6666666666666665,0.7272727272727272,True,completed,6,False,83.8782229423523,ExpeL
oea_test_283,0.28571428571428575,0.2,True,completed,7,True,308.041583776474,ExpeL
oea_test_1114,0.8571428571428571,0.8,True,completed,6,True,96.35176992416382,ExpeL
oea_test_374,0.8,0.4,True,completed,2,False,9.01497745513916,ExpeL
oea_test_665,0.8,0.5714285714285715,True,completed,4,False,33.137696743011475,ExpeL
oea_test_11,0.8571428571428571,0.888888888888889,True,completed,5,False,87.40335297584534,ExpeL
oea_test_1007,0.8,0.8,True,completed,3,False,48.517879486083984,ExpeL
oea_test_553,0.8571428571428571,0.888888888888889,True,completed,5,True,82.18919062614441,ExpeL
oea_test_928,0.7499999999999999,0.8,True,completed,6,True,93.89896059036255,ExpeL
oea_test_565,0.0,0.0,False,completed,7,True,135.25959944725037,ExpeL
oea_test_956,1.0,1.0,True,completed,4,False,79.63402247428894,ExpeL
oea_test_92,0.8571428571428571,0.888888888888889,True,completed,5,True,90.61879301071167,ExpeL
oea_test_993,0.8571428571428571,0.888888888888889,True,completed,5,False,48.57606339454651,ExpeL
oea_test_356,0.5,0.5,True,completed,5,True,195.2104616165161,ExpeL
oea_test_831,0.8571428571428571,0.888888888888889,True,completed,5,True,51.35774040222168,ExpeL
oea_test_908,0.5454545454545454,0.4,True,completed,10,True,310.67529940605164,ExpeL
oea_test_630,0.5,0.3,False,failed,15,False,270.318306684494,ExpeL
oea_test_801,0.6666666666666666,0.5714285714285715,True,completed,5,False,128.47564101219177,ExpeL
oea_test_872,0.8571428571428571,0.888888888888889,True,completed,5,False,84.65535402297974,ExpeL
oea_test_817,0.8571428571428571,0.5,True,completed,12,True,902.4924120903015,ExpeL
oea_test_1117,1.0,0.5,True,completed,6,False,54.04542922973633,ExpeL
oea_test_979,0.28571428571428575,0.1818181818181818,True,completed,5,True,36.0123348236084,ExpeL
oea_test_246,0.6666666666666666,0.6666666666666666,True,completed,4,True,150.46937108039856,ExpeL
oea_test_1054,0.8,0.8571428571428571,True,completed,8,True,62.61812376976013,ExpeL
oea_test_463,0.7499999999999999,0.7272727272727273,True,completed,7,False,91.16646218299866,ExpeL
oea_test_247,1.0,0.888888888888889,True,completed,5,False,88.63848209381104,ExpeL
oea_test_636,1.0,0.4210526315789474,False,failed,15,True,115.61171364784241,ExpeL
oea_test_930,0.28571428571428575,0.31578947368421056,False,failed,15,False,272.94262862205505,ExpeL
oea_test_744,0.8571428571428571,0.888888888888889,True,completed,5,True,82.74392795562744,ExpeL
oea_test_1038,1.0,0.888888888888889,True,completed,5,True,210.29904747009277,ExpeL
oea_test_878,1.0,0.5,True,completed,6,False,46.307737827301025,ExpeL
oea_test_994,0.8571428571428571,0.3529411764705882,True,completed,4,False,36.30891036987305,ExpeL
oea_test_840,1.0,1.0,True,completed,4,True,83.75126624107361,ExpeL
oea_test_295,0.8571428571428571,0.888888888888889,True,completed,4,True,88.14392971992493,ExpeL
oea_test_57,1.0,0.8571428571428571,True,completed,4,True,60.709023237228394,ExpeL
oea_test_186,0.4444444444444444,0.4444444444444444,True,completed,6,False,86.75783157348633,ExpeL
oea_test_814,1.0,1.0,True,completed,3,False,21.945323944091797,ExpeL
oea_test_1063,0.8571428571428571,0.8,True,completed,6,False,94.2755196094513,ExpeL
oea_test_355,0.5,0.5,True,completed,2,False,14.218945741653442,ExpeL
oea_test_138,0.5,0.4210526315789474,False,failed,15,False,183.20824766159058,ExpeL
oea_test_783,0.28571428571428575,0.125,True,completed,14,True,307.058646440506,ExpeL
oea_test_867,1.0,1.0,True,completed,5,True,42.42881679534912,ExpeL
oea_test_182,0.8571428571428571,0.888888888888889,True,completed,5,True,88.21185874938965,ExpeL
oea_test_400,0.8571428571428571,0.8,True,completed,6,True,95.3036458492279,ExpeL
oea_test_590,0.6666666666666666,0.3636363636363636,True,completed,5,False,84.86766505241394,ExpeL
oea_test_340,0.8571428571428571,0.888888888888889,True,completed,5,True,79.0355715751648,ExpeL
oea_test_306,0.8571428571428571,0.888888888888889,True,completed,5,False,76.26609086990356,ExpeL
oea_test_266,0.8571428571428571,0.8,True,completed,6,True,276.7746925354004,ExpeL
oea_test_548,0.8571428571428571,0.888888888888889,True,completed,5,True,51.51832389831543,ExpeL
oea_test_214,0.8,0.4444444444444444,True,completed,3,False,18.214881896972656,ExpeL
oea_test_609,0.5,0.4,True,completed,2,True,54.47473978996277,ExpeL
oea_test_1066,0.8571428571428571,0.888888888888889,True,completed,5,True,107.1678364276886,ExpeL
oea_test_780,0.8571428571428571,0.888888888888889,True,completed,5,True,85.12334823608398,ExpeL
oea_test_335,0.8571428571428571,0.888888888888889,True,completed,5,True,83.96988415718079,ExpeL
oea_test_475,0.6666666666666666,0.6666666666666666,True,completed,4,True,17.71658182144165,ExpeL
oea_test_575,0.8571428571428571,0.888888888888889,True,completed,5,True,51.968674421310425,ExpeL
oea_test_681,0.28571428571428575,0.25,True,completed,6,True,74.31209778785706,ExpeL
oea_test_834,0.888888888888889,0.9090909090909091,True,completed,6,True,95.09920191764832,ExpeL
oea_test_583,0.8571428571428571,0.888888888888889,True,completed,5,True,87.83357000350952,ExpeL
oea_test_960,1.0,1.0,True,completed,4,True,38.75606393814087,ExpeL
oea_test_307,0.8571428571428571,0.8,True,completed,6,True,153.20243287086487,ExpeL
oea_test_1010,1.0,1.0,True,completed,4,False,79.63025569915771,ExpeL
oea_test_477,1.0,1.0,True,completed,4,True,37.01486110687256,ExpeL
oea_test_1001,0.6666666666666666,0.31578947368421056,False,failed,15,True,906.2148537635803,ExpeL
oea_test_172,0.4,0.4,True,completed,2,True,48.73820352554321,ExpeL
oea_test_536,1.0,0.4444444444444445,True,completed,7,False,65.05637788772583,ExpeL
oea_test_399,0.888888888888889,0.7142857142857143,True,completed,9,True,113.98854851722717,ExpeL
oea_test_856,0.4,0.1111111111111111,False,failed,15,True,282.0359995365143,ExpeL
oea_test_1159,0.5,0.25000000000000006,True,completed,11,False,191.07655239105225,ExpeL
oea_test_149,0.8571428571428571,0.888888888888889,True,completed,5,True,49.77320718765259,ExpeL
oea_test_518,0.3333333333333333,0.15384615384615383,True,completed,7,False,53.266916275024414,ExpeL
oea_test_409,0.8,0.8,True,completed,6,False,53.04878115653992,ExpeL
oea_test_318,1.0,1.0,True,completed,2,False,10.592207193374634,ExpeL
oea_test_103,0.8571428571428571,0.888888888888889,True,completed,5,True,83.8161609172821,ExpeL
oea_test_63,0.888888888888889,0.9090909090909091,True,completed,6,True,108.71831512451172,ExpeL
oea_test_710,1.0,1.0,True,completed,4,True,85.01433801651001,ExpeL
oea_test_239,0.8571428571428571,0.888888888888889,True,completed,5,True,43.635735750198364,ExpeL
oea_test_73,0.25,0.11764705882352941,False,failed,15,False,220.88312816619873,ExpeL
oea_test_734,0.0,0.0,False,completed,2,True,64.99107193946838,ExpeL
oea_test_525,0.8571428571428571,0.888888888888889,True,completed,5,True,45.52555990219116,ExpeL
oea_test_640,0.8571428571428571,0.888888888888889,True,completed,5,True,30.594606161117554,ExpeL
oea_test_265,0.8571428571428571,0.888888888888889,True,completed,5,True,44.58152890205383,ExpeL
oea_test_1101,0.8571428571428571,0.888888888888889,True,completed,5,False,33.766515016555786,ExpeL
oea_test_1019,1.0,1.0,True,completed,5,True,42.534239053726196,ExpeL
oea_test_1051,0.8571428571428571,0.4444444444444445,True,completed,14,True,430.60963106155396,ExpeL
oea_test_319,0.8,0.6666666666666666,True,completed,3,False,9.734601736068726,ExpeL
oea_test_33,0.75,0.8000000000000002,True,completed,5,True,251.24354124069214,ExpeL
oea_test_613,0.6666666666666665,0.7272727272727272,True,completed,6,True,87.78398990631104,ExpeL
oea_test_879,1.0,0.6153846153846153,True,completed,9,True,536.7426114082336,ExpeL
oea_test_495,1.0,0.8571428571428571,True,completed,4,False,144.0520966053009,ExpeL
oea_test_481,0.4,0.30769230769230765,True,completed,10,False,139.44897937774658,ExpeL
oea_test_177,0.6666666666666666,0.5,True,completed,1,False,13.19650387763977,ExpeL
oea_test_692,1.0,1.0,True,completed,2,False,14.781575679779053,ExpeL
oea_test_1105,0.8,0.7692307692307692,True,completed,7,False,161.56333255767822,ExpeL
oea_test_344,1.0,1.0,True,completed,4,False,83.94038558006287,ExpeL
oea_test_726,0.6666666666666666,0.5,True,completed,5,False,47.16332149505615,ExpeL
oea_test_169,0.8571428571428571,0.888888888888889,True,completed,5,True,89.87543416023254,ExpeL
oea_test_838,0.0,0.0,False,completed,3,False,24.838985443115234,ExpeL
oea_test_106,1.0,1.0,True,completed,5,True,44.178728103637695,ExpeL
oea_test_743,0.5,0.15384615384615383,True,completed,4,False,26.29188561439514,ExpeL
oea_test_580,0.5714285714285715,0.4,True,completed,12,False,92.571129322052,ExpeL
oea_test_51,0.8571428571428571,0.888888888888889,True,completed,5,True,46.26104927062988,ExpeL
oea_test_2,0.5,0.5,True,completed,2,False,23.85845923423767,ExpeL
oea_test_976,0.8571428571428571,0.888888888888889,True,completed,5,True,84.88290286064148,ExpeL
oea_test_779,0.8571428571428571,0.888888888888889,True,completed,5,False,89.67191767692566,ExpeL
oea_test_336,0.8,0.6666666666666666,True,completed,4,False,55.97236227989197,ExpeL
oea_test_179,0.6666666666666666,0.4444444444444445,True,completed,5,False,45.319462060928345,ExpeL
oea_test_752,1.0,0.888888888888889,True,completed,5,False,93.54627108573914,ExpeL
oea_test_143,1.0,0.888888888888889,True,completed,5,False,84.82063317298889,ExpeL
oea_test_342,0.4,0.28571428571428575,True,completed,3,False,44.60854434967041,ExpeL
oea_test_765,1.0,0.8,True,completed,2,False,11.286481142044067,ExpeL
oea_test_718,0.8571428571428571,0.888888888888889,True,completed,5,True,83.47541379928589,ExpeL
oea_test_832,0.6666666666666666,0.31578947368421056,False,failed,15,True,353.605188369751,ExpeL
oea_test_675,1.0,0.888888888888889,True,completed,5,False,95.71681427955627,ExpeL
oea_test_160,0.4,0.3636363636363636,True,completed,5,False,72.71205306053162,ExpeL
oea_test_228,1.0,1.0,True,completed,4,False,75.92407512664795,ExpeL
oea_test_721,0.8571428571428571,0.888888888888889,True,completed,5,True,46.06831884384155,ExpeL
oea_test_1147,0.4,0.5,True,completed,5,False,40.224061489105225,ExpeL
oea_test_527,0.8571428571428571,0.888888888888889,True,completed,5,True,83.70989799499512,ExpeL
oea_test_991,0.8571428571428571,0.888888888888889,True,completed,5,True,89.97533082962036,ExpeL
oea_test_854,0.8571428571428571,0.888888888888889,True,completed,5,True,194.67220377922058,ExpeL
oea_test_35,0.5,0.6666666666666666,True,completed,3,False,151.5596945285797,ExpeL
oea_test_454,1.0,0.888888888888889,True,completed,5,False,88.60858225822449,ExpeL
oea_test_953,0.3333333333333333,0.2222222222222222,True,completed,6,False,92.77072620391846,ExpeL
oea_test_622,1.0,1.0,True,completed,4,False,22.676167011260986,ExpeL
oea_test_517,0.8571428571428571,0.888888888888889,True,completed,5,True,87.48693919181824,ExpeL
oea_test_936,0.8571428571428571,0.8,True,completed,6,True,56.06220507621765,ExpeL
oea_test_881,0.8,0.5714285714285715,True,completed,3,False,20.221639394760132,ExpeL
oea_test_217,0.5,0.3333333333333333,True,completed,3,False,22.663143396377563,ExpeL
oea_test_556,1.0,1.0,True,completed,4,True,36.73623561859131,ExpeL
oea_test_181,1.0,1.0,True,completed,2,False,14.89328384399414,ExpeL
oea_test_849,1.0,0.8,True,completed,6,True,65.08393263816833,ExpeL
oea_test_746,0.8571428571428571,0.888888888888889,True,completed,5,True,87.0929753780365,ExpeL
oea_test_359,1.0,1.0,True,completed,4,False,72.92324662208557,ExpeL
oea_test_804,0.8571428571428571,0.888888888888889,True,completed,5,True,86.16174030303955,ExpeL
oea_test_528,0.8,0.33333333333333337,True,completed,10,False,84.22222948074341,ExpeL
oea_test_978,0.8571428571428571,0.888888888888889,True,completed,5,True,96.674063205719,ExpeL
oea_test_330,0.5714285714285715,0.33333333333333337,True,completed,10,True,359.31333661079407,ExpeL
oea_test_578,0.8571428571428571,0.7272727272727273,True,completed,7,True,65.42720150947571,ExpeL
oea_test_886,0.8571428571428571,0.888888888888889,True,completed,5,True,52.09828782081604,ExpeL
oea_test_9,0.8571428571428571,0.888888888888889,True,completed,5,True,98.62742209434509,ExpeL
oea_test_717,0.8571428571428571,0.888888888888889,True,completed,5,True,100.61843705177307,ExpeL
oea_test_241,0.8571428571428571,0.888888888888889,True,completed,5,False,79.09737777709961,ExpeL
oea_test_370,0.5,0.2222222222222222,True,completed,12,False,501.3637320995331,ExpeL
oea_test_989,0.75,0.8000000000000002,True,completed,5,True,96.39816069602966,ExpeL
oea_test_507,1.0,1.0,True,completed,4,True,44.015153646469116,ExpeL
oea_test_938,0.0,0.0,False,completed,2,True,14.877837657928467,ExpeL
oea_test_24,0.6,0.5,False,failed,15,False,133.87962436676025,ExpeL
oea_test_612,0.8571428571428571,0.888888888888889,True,completed,5,True,46.86378788948059,ExpeL
oea_test_139,0.6,0.3809523809523809,False,failed,15,True,422.6877975463867,ExpeL
oea_test_560,0.3333333333333333,0.25,True,completed,6,False,86.75651550292969,ExpeL
oea_test_697,0.8571428571428571,0.7272727272727273,True,completed,7,True,101.64494371414185,ExpeL
oea_test_1020,0.6666666666666666,0.4,True,completed,7,True,189.83812618255615,ExpeL
oea_test_299,0.5,0.33333333333333337,True,completed,10,False,105.53079605102539,ExpeL
oea_test_900,0.8571428571428571,0.8,True,completed,6,True,97.46851325035095,ExpeL
oea_test_582,0.8571428571428571,0.888888888888889,True,completed,5,True,50.837462425231934,ExpeL
oea_test_230,0.8571428571428571,0.888888888888889,True,completed,5,True,78.80556297302246,ExpeL
oea_test_406,0.8571428571428571,0.888888888888889,True,completed,5,True,42.95618963241577,ExpeL
oea_test_599,0.5714285714285715,0.27272727272727276,False,failed,15,True,388.09913992881775,ExpeL
oea_test_557,0.5714285714285715,0.36363636363636365,True,completed,7,True,229.36861634254456,ExpeL
oea_test_128,0.7499999999999999,0.5714285714285715,True,completed,10,True,309.3580393791199,ExpeL
oea_test_760,0.8571428571428571,0.4210526315789474,False,failed,15,True,280.3958475589752,ExpeL
oea_test_685,0.8571428571428571,0.888888888888889,True,completed,5,True,122.03453230857849,ExpeL
oea_test_506,0.7499999999999999,0.8,True,completed,6,True,100.92933106422424,ExpeL
oea_test_1024,0.8571428571428571,0.888888888888889,True,completed,5,False,89.82240128517151,ExpeL
oea_test_161,0.8571428571428571,0.888888888888889,True,completed,5,True,43.084498167037964,ExpeL
oea_test_384,1.0,1.0,True,completed,4,True,38.50950598716736,ExpeL
oea_test_398,0.5714285714285715,0.4444444444444444,True,completed,6,False,79.28164410591125,ExpeL
oea_test_811,0.28571428571428575,0.14285714285714288,True,completed,11,True,295.23891496658325,ExpeL
oea_test_747,0.8,0.5,True,completed,6,False,26.600343227386475,ExpeL
oea_test_1049,0.8571428571428571,0.7272727272727273,True,completed,7,False,111.33886814117432,ExpeL
oea_test_1044,0.8571428571428571,0.888888888888889,True,completed,5,True,57.075778007507324,ExpeL
oea_test_302,0.25,0.10526315789473685,False,failed,15,False,121.3751266002655,ExpeL
oea_test_637,0.8571428571428571,0.888888888888889,True,completed,5,True,79.08200454711914,ExpeL
oea_test_211,1.0,1.0,True,completed,4,False,67.49877905845642,ExpeL
oea_test_775,0.8571428571428571,0.888888888888889,True,completed,5,True,44.8320517539978,ExpeL
oea_test_511,0.4,0.25,True,completed,5,False,39.75344276428223,ExpeL
oea_test_493,0.7499999999999999,0.8,True,completed,6,True,69.03554797172546,ExpeL
oea_test_468,1.0,1.0,True,completed,4,True,42.37153887748718,ExpeL
oea_test_36,0.6666666666666666,0.5,True,completed,6,True,327.87217378616333,ExpeL
oea_test_31,1.0,0.9090909090909091,True,completed,6,True,328.8069043159485,ExpeL
oea_test_366,0.8571428571428571,0.888888888888889,True,completed,5,True,64.56387543678284,ExpeL
oea_test_107,0.8571428571428571,0.8000000000000002,True,completed,5,True,94.82225751876831,ExpeL
oea_test_267,0.4,0.10526315789473685,False,failed,15,False,296.196790933609,ExpeL
oea_test_460,0.8571428571428571,0.7272727272727273,True,completed,7,True,55.14736557006836,ExpeL
oea_test_1023,0.8571428571428571,0.4210526315789474,False,failed,15,True,479.8137152194977,ExpeL
oea_test_623,0.28571428571428575,0.22222222222222224,True,completed,5,False,30.968722105026245,ExpeL
oea_test_755,0.6666666666666666,0.2222222222222222,True,completed,13,True,159.05487275123596,ExpeL
oea_test_5,0.5,0.4,True,completed,7,False,167.36431646347046,ExpeL
oea_test_58,0.8571428571428571,0.888888888888889,True,completed,4,False,82.04203701019287,ExpeL
oea_test_606,0.5,0.28571428571428575,True,completed,10,False,78.98635816574097,ExpeL
oea_test_918,0.75,0.8571428571428571,True,completed,7,False,52.37065052986145,ExpeL
oea_test_778,0.5714285714285715,0.4444444444444444,True,completed,6,False,211.9294674396515,ExpeL
oea_test_944,0.8571428571428571,0.7272727272727273,True,completed,7,True,59.00797915458679,ExpeL
oea_test_76,0.6666666666666666,0.43478260869565216,False,failed,15,False,259.20160126686096,ExpeL
oea_test_638,0.3333333333333333,0.15384615384615383,True,completed,9,False,126.54251456260681,ExpeL
oea_test_619,0.8571428571428571,0.888888888888889,True,completed,5,False,80.37108063697815,ExpeL
oea_test_937,0.6666666666666666,0.5,True,completed,6,False,38.88959097862244,ExpeL
oea_test_1076,0.1818181818181818,0.11764705882352941,False,failed,15,True,430.4497790336609,ExpeL
oea_test_904,0.7499999999999999,0.8,True,completed,6,True,126.8106963634491,ExpeL
oea_test_83,1.0,1.0,True,completed,5,False,64.47480607032776,ExpeL
oea_test_52,0.8571428571428571,0.888888888888889,True,completed,5,True,48.75472044944763,ExpeL
oea_test_541,0.8571428571428571,0.888888888888889,True,completed,5,True,84.22051572799683,ExpeL
oea_test_910,0.8571428571428571,0.888888888888889,True,completed,5,True,54.520472049713135,ExpeL
oea_test_360,0.8571428571428571,0.8,True,completed,6,True,89.73475646972656,ExpeL
oea_test_835,0.4,0.18181818181818182,True,completed,8,False,180.018474817276,ExpeL
oea_test_771,0.5,0.4444444444444445,True,completed,5,False,97.39297866821289,ExpeL
oea_test_990,0.3333333333333333,0.18181818181818182,True,completed,7,False,106.12892866134644,ExpeL
oea_test_616,0.8,0.31578947368421056,False,failed,15,True,502.5565218925476,ExpeL
oea_test_532,0.8571428571428571,0.888888888888889,True,completed,5,True,74.90802884101868,ExpeL
oea_test_543,1.0,1.0,True,completed,5,False,94.15914463996887,ExpeL
oea_test_943,0.28571428571428575,0.18181818181818182,True,completed,8,False,90.16891503334045,ExpeL
oea_test_150,0.5,0.19999999999999998,True,completed,1,False,8.53023910522461,ExpeL
oea_test_698,0.4,0.3333333333333333,True,completed,2,True,18.28985047340393,ExpeL
oea_test_17,0.8571428571428571,0.888888888888889,True,completed,5,True,81.68212223052979,ExpeL
oea_test_98,0.25,0.125,True,completed,10,False,105.6011803150177,ExpeL
oea_test_966,0.5,0.2222222222222222,False,failed,15,False,355.38972663879395,ExpeL
oea_test_1062,0.5,0.4,True,completed,2,False,14.548482894897461,ExpeL
oea_test_109,1.0,0.8,True,completed,6,True,89.65097308158875,ExpeL
oea_test_705,0.8571428571428571,0.7272727272727273,True,completed,7,False,94.49275207519531,ExpeL
oea_test_310,0.8571428571428571,0.888888888888889,True,completed,5,False,51.140013694763184,ExpeL
oea_test_929,0.8571428571428571,0.888888888888889,True,completed,5,True,80.6811535358429,ExpeL
oea_test_915,0.0,0.0,False,failed,15,False,146.26467895507812,ExpeL
oea_test_868,0.4,0.5714285714285715,True,completed,3,False,23.719966173171997,ExpeL
oea_test_38,0.8,0.6666666666666666,True,completed,2,False,17.762666702270508,ExpeL
oea_test_178,0.3333333333333333,0.3333333333333333,True,completed,3,False,16.787330389022827,ExpeL
oea_test_1047,0.8571428571428571,0.5454545454545454,True,completed,4,True,37.410102128982544,ExpeL
oea_test_545,0.5,0.6666666666666666,True,completed,3,False,22.802836179733276,ExpeL
oea_test_1113,0.6666666666666666,0.4210526315789474,False,failed,15,True,175.96092748641968,ExpeL
oea_test_314,0.4444444444444445,0.33333333333333337,True,completed,10,False,118.2359790802002,ExpeL
oea_test_911,0.7499999999999999,0.6666666666666666,True,completed,10,True,306.39085960388184,ExpeL
oea_test_405,1.0,1.0,True,completed,4,False,80.3274097442627,ExpeL
oea_test_537,1.0,1.0,True,completed,4,False,36.81856918334961,ExpeL
oea_test_1132,1.0,1.0,True,completed,1,False,25.344555377960205,ExpeL
oea_test_492,0.8571428571428571,0.5,True,completed,12,True,135.56246376037598,ExpeL
oea_test_18,0.8571428571428571,0.888888888888889,True,completed,5,True,88.06046390533447,ExpeL
oea_test_131,0.8,0.5,True,completed,9,False,170.71414160728455,ExpeL
oea_test_682,0.8571428571428571,0.8,True,completed,6,True,99.69426774978638,ExpeL
oea_test_764,0.5714285714285715,0.3636363636363636,True,completed,5,False,44.865034103393555,ExpeL
oea_test_684,0.0,0.0,False,failed,15,False,165.58452916145325,ExpeL
oea_test_1040,0.0,0.0,False,completed,6,False,84.16586971282959,ExpeL
oea_test_389,0.0,0.0,False,completed,2,False,22.70026135444641,ExpeL
oea_test_552,0.8571428571428571,0.888888888888889,True,completed,5,False,82.54810667037964,ExpeL
oea_test_410,0.8,0.8,True,completed,6,False,38.42758750915527,ExpeL
oea_test_96,0.8571428571428571,0.888888888888889,True,completed,5,True,93.4315972328186,ExpeL
oea_test_848,1.0,1.0,True,completed,4,False,35.77384614944458,ExpeL
oea_test_1069,1.0,1.0,True,completed,4,False,76.73415970802307,ExpeL
oea_test_357,0.8571428571428571,0.888888888888889,True,completed,5,True,45.82538628578186,ExpeL
oea_test_502,0.8571428571428571,0.888888888888889,True,completed,5,True,79.38840413093567,ExpeL
oea_test_983,1.0,1.0,True,completed,4,False,34.51266360282898,ExpeL
oea_test_896,0.8571428571428571,0.888888888888889,True,completed,5,False,87.60068941116333,ExpeL
oea_test_1093,0.4,0.09090909090909091,False,failed,15,True,416.2167258262634,ExpeL
oea_test_10,0.4,0.4,True,completed,3,False,32.4864661693573,ExpeL
oea_test_942,0.8,0.5454545454545454,True,completed,4,False,24.33428144454956,ExpeL
oea_test_941,0.8,0.36363636363636365,True,completed,8,False,122.57354736328125,ExpeL
oea_test_551,0.6666666666666666,0.31578947368421056,False,failed,15,True,514.6500074863434,ExpeL
oea_test_108,0.28571428571428575,0.13333333333333333,True,completed,11,False,215.2170114517212,ExpeL
oea_test_95,0.8571428571428571,0.888888888888889,True,completed,5,True,45.71505832672119,ExpeL
oea_test_333,0.8,0.5714285714285715,True,completed,4,False,79.29251766204834,ExpeL
oea_test_42,0.8571428571428571,0.8,True,completed,6,False,93.361257314682,ExpeL
oea_test_41,1.0,1.0,True,completed,4,True,113.0783097743988,ExpeL
oea_test_671,0.5,0.15384615384615385,True,completed,11,False,414.6993479728699,ExpeL
oea_test_339,0.8571428571428571,0.888888888888889,True,completed,5,True,52.243075132369995,ExpeL
oea_test_1014,0.8571428571428571,0.888888888888889,True,completed,5,True,46.802157163619995,ExpeL
oea_test_482,0.8571428571428571,0.888888888888889,True,completed,5,False,84.84649181365967,ExpeL
oea_test_516,1.0,1.0,True,completed,4,True,174.0692777633667,ExpeL
oea_test_274,1.0,1.0,True,completed,4,True,43.40559387207031,ExpeL
oea_test_751,0.4,0.28571428571428575,True,completed,4,False,133.33619618415833,ExpeL
oea_test_373,0.5,0.5,True,completed,2,False,10.355085134506226,ExpeL
oea_test_816,0.4,0.2,True,completed,12,True,217.22921013832092,ExpeL
oea_test_114,0.5,0.4,True,completed,2,False,20.125375747680664,ExpeL
oea_test_287,0.6666666666666665,0.7272727272727272,True,completed,6,True,89.69503784179688,ExpeL
oea_test_417,0.8571428571428571,0.7272727272727272,True,completed,5,False,83.26516771316528,ExpeL
oea_test_1143,0.8571428571428571,0.888888888888889,True,completed,5,True,107.17937326431274,ExpeL
oea_test_190,0.6666666666666666,0.5,True,completed,1,False,12.994713068008423,ExpeL
oea_test_187,0.6153846153846153,0.5555555555555556,True,completed,13,True,283.1264021396637,ExpeL
oea_test_967,0.4,0.26666666666666666,True,completed,12,True,342.694384098053,ExpeL
oea_test_431,0.75,0.8000000000000002,True,completed,5,True,85.17305397987366,ExpeL
oea_test_559,1.0,1.0,True,completed,2,False,12.456598997116089,ExpeL
oea_test_469,0.8571428571428571,0.8,True,completed,6,False,79.4653308391571,ExpeL
oea_test_611,0.8571428571428571,0.888888888888889,True,completed,5,True,90.36629223823547,ExpeL
oea_test_589,0.28571428571428575,0.1111111111111111,False,failed,15,False,317.90860867500305,ExpeL
oea_test_68,0.8571428571428571,0.888888888888889,True,completed,5,True,183.52244687080383,ExpeL
oea_test_593,0.3333333333333333,0.16666666666666666,True,completed,5,False,67.25036311149597,ExpeL
oea_test_723,0.6666666666666666,0.6666666666666666,True,completed,4,True,34.834343910217285,ExpeL
oea_test_670,0.4,0.17391304347826086,True,completed,14,True,566.5624582767487,ExpeL
oea_test_736,0.75,0.4210526315789473,True,completed,14,True,737.9120070934296,ExpeL
oea_test_383,0.6666666666666666,0.6666666666666666,True,completed,4,False,46.130579710006714,ExpeL
oea_test_90,0.5,0.23529411764705882,False,failed,15,False,194.54111909866333,ExpeL
oea_test_55,0.75,0.8000000000000002,True,completed,5,False,174.7431674003601,ExpeL
oea_test_415,0.8571428571428571,0.8750000000000001,True,completed,9,False,55.974021196365356,ExpeL
oea_test_539,0.8571428571428571,0.888888888888889,True,completed,5,True,48.29738163948059,ExpeL
oea_test_411,0.4444444444444444,0.3529411764705882,True,completed,10,True,68.51490640640259,ExpeL
oea_test_118,0.8571428571428571,0.888888888888889,True,completed,5,False,85.3601508140564,ExpeL
oea_test_773,0.6666666666666666,0.33333333333333337,False,failed,15,False,318.3134000301361,ExpeL
oea_test_420,0.8571428571428571,0.888888888888889,True,completed,5,True,347.2602882385254,ExpeL
oea_test_328,1.0,1.0,True,completed,6,False,87.86601972579956,ExpeL
oea_test_72,0.75,0.8000000000000002,True,completed,5,False,129.72614359855652,ExpeL
oea_test_313,1.0,0.7692307692307693,True,completed,8,True,135.44504618644714,ExpeL
oea_test_1126,1.0,1.0,True,completed,4,False,73.35868883132935,ExpeL
oea_test_808,1.0,1.0,True,completed,4,True,43.63172006607056,ExpeL
oea_test_1102,0.3333333333333333,0.10526315789473685,True,completed,12,False,228.821298122406,ExpeL
oea_test_188,0.888888888888889,0.9090909090909091,True,completed,6,False,82.77094793319702,ExpeL
oea_test_1037,0.75,0.8000000000000002,True,completed,5,False,89.43588280677795,ExpeL
oea_test_347,0.8,0.33333333333333337,False,failed,15,False,141.88166308403015,ExpeL
oea_test_653,0.6666666666666665,0.7272727272727272,True,completed,6,True,51.57179069519043,ExpeL
oea_test_294,0.7499999999999999,0.8,True,completed,6,True,54.24101686477661,ExpeL
oea_test_112,0.9090909090909091,0.631578947368421,True,completed,13,True,239.39122557640076,ExpeL
oea_test_852,0.5714285714285715,0.30769230769230765,True,completed,10,False,155.97007966041565,ExpeL
oea_test_443,1.0,1.0,True,completed,4,True,41.3690299987793,ExpeL
oea_test_749,0.5,0.3333333333333333,True,completed,4,False,56.67186522483826,ExpeL
oea_test_231,0.5714285714285715,0.28571428571428575,True,completed,8,False,80.44809222221375,ExpeL
oea_test_34,0.5,0.4285714285714285,True,completed,10,True,169.4357407093048,ExpeL
oea_test_957,0.8,0.6666666666666666,True,completed,6,False,35.319114446640015,ExpeL
oea_test_444,0.7499999999999999,0.7272727272727273,True,completed,7,False,95.15933012962341,ExpeL
oea_test_571,0.5,0.3333333333333333,True,completed,4,False,23.689281702041626,ExpeL
oea_test_133,0.0,0.0,False,completed,5,False,113.44360733032227,ExpeL
oea_test_1098,0.5,0.625,True,completed,11,False,214.30338764190674,ExpeL
oea_test_515,0.6666666666666666,0.4,True,completed,4,False,41.78584051132202,ExpeL
oea_test_762,0.8571428571428571,0.888888888888889,True,completed,5,True,78.11049127578735,ExpeL
oea_test_799,1.0,1.0,True,completed,3,False,17.400512218475342,ExpeL
oea_test_1048,0.4444444444444445,0.2666666666666667,True,completed,13,False,293.8952498435974,ExpeL
oea_test_20,0.8,0.4444444444444445,True,completed,7,False,271.0255889892578,ExpeL
oea_test_841,1.0,0.5,True,completed,9,False,118.71017098426819,ExpeL
oea_test_194,1.0,1.0,True,completed,2,False,13.056024074554443,ExpeL
oea_test_1034,0.7499999999999999,0.8,True,completed,6,True,108.6965925693512,ExpeL
oea_test_250,0.4,0.22222222222222224,True,completed,5,True,107.0123987197876,ExpeL
oea_test_221,0.8571428571428571,0.888888888888889,True,completed,5,True,79.28675436973572,ExpeL
oea_test_442,0.8571428571428571,0.888888888888889,True,completed,5,True,80.93746900558472,ExpeL
oea_test_1155,0.8571428571428571,0.888888888888889,True,completed,5,True,80.55444931983948,ExpeL
oea_test_199,0.0,0.0,False,completed,3,False,28.575637578964233,ExpeL
oea_test_196,0.28571428571428575,0.10526315789473685,False,failed,15,False,258.76878118515015,ExpeL
oea_test_48,0.8571428571428571,0.888888888888889,True,completed,5,True,43.61835336685181,ExpeL
oea_test_812,1.0,1.0,True,completed,4,True,77.07518100738525,ExpeL
oea_test_257,0.4,0.3333333333333333,True,completed,2,False,14.39870023727417,ExpeL
oea_test_402,1.0,0.8571428571428571,True,completed,4,False,65.82080030441284,ExpeL
oea_test_1152,0.8571428571428571,0.888888888888889,True,completed,5,True,40.94294476509094,ExpeL
oea_test_100,0.8,0.8,True,completed,2,True,15.8733549118042,ExpeL
oea_test_880,0.7499999999999999,0.8,True,completed,6,True,50.82165265083313,ExpeL
oea_test_980,1.0,0.8,True,completed,3,False,40.76777625083923,ExpeL
oea_test_84,0.7499999999999999,0.8,True,completed,6,True,149.7063648700714,ExpeL
oea_test_99,1.0,1.0,True,completed,2,True,28.663082361221313,ExpeL
oea_test_926,0.8571428571428571,0.888888888888889,True,completed,5,True,143.506765127182,ExpeL
oea_test_303,0.5,0.2222222222222222,False,failed,15,True,310.14288330078125,ExpeL
oea_test_483,1.0,1.0,True,completed,4,False,84.11053824424744,ExpeL
oea_test_414,1.0,1.0,True,completed,4,False,78.25640058517456,ExpeL
oea_test_679,0.0,0.0,False,completed,4,False,146.4228549003601,ExpeL
oea_test_438,0.8571428571428571,0.8,True,completed,6,False,92.09886980056763,ExpeL
oea_test_732,0.75,0.8333333333333334,True,completed,6,False,56.6602418422699,ExpeL
oea_test_450,0.25,0.23529411764705882,True,completed,12,False,108.26351141929626,ExpeL
oea_test_947,0.8571428571428571,0.888888888888889,True,completed,5,False,91.3280701637268,ExpeL
oea_test_130,0.0,0.0,False,failed,15,False,221.63989448547363,ExpeL
oea_test_277,0.6666666666666666,0.4444444444444445,True,completed,5,False,27.634356260299683,ExpeL
oea_test_632,0.28571428571428575,0.1,False,failed,15,True,1540.2139019966125,ExpeL
oea_test_499,0.4,0.3333333333333333,True,completed,4,True,35.9795024394989,ExpeL
oea_test_255,0.8,0.6666666666666666,True,completed,10,False,52.30463433265686,ExpeL
oea_test_159,1.0,0.8,True,completed,2,True,11.507010221481323,ExpeL
oea_test_725,0.8571428571428571,0.888888888888889,True,completed,5,True,55.858975410461426,ExpeL
oea_test_1041,0.8571428571428571,0.7368421052631579,True,completed,12,True,83.74593472480774,ExpeL
oea_test_975,0.8571428571428571,0.888888888888889,True,completed,5,True,46.315189599990845,ExpeL
oea_test_1035,1.0,1.0,True,completed,4,True,39.29540753364563,ExpeL
oea_test_584,0.8,0.7058823529411764,True,completed,7,False,56.58358407020569,ExpeL
oea_test_1115,0.0,0.0,False,completed,10,False,291.5359971523285,ExpeL
oea_test_393,0.8571428571428571,0.888888888888889,True,completed,5,False,87.96487259864807,ExpeL
oea_test_473,1.0,0.8333333333333333,True,completed,7,True,141.42472457885742,ExpeL
oea_test_579,0.5714285714285715,0.3,False,failed,15,True,209.56974840164185,ExpeL
oea_test_735,0.8571428571428571,0.888888888888889,True,completed,5,True,81.88607263565063,ExpeL
oea_test_140,0.5,0.4,True,completed,6,False,43.57428765296936,ExpeL
oea_test_459,1.0,1.0,True,completed,4,False,77.50013208389282,ExpeL
oea_test_1045,1.0,0.8,True,completed,9,False,137.37160563468933,ExpeL
oea_test_530,0.8571428571428571,0.888888888888889,True,completed,5,True,50.59796476364136,ExpeL
oea_test_494,0.25,0.1111111111111111,False,failed,15,False,304.04214811325073,ExpeL
oea_test_851,0.7499999999999999,0.7272727272727273,True,completed,7,True,171.22207140922546,ExpeL
oea_test_1071,0.888888888888889,0.9090909090909091,True,completed,5,True,95.17653632164001,ExpeL
oea_test_184,0.8571428571428571,0.888888888888889,True,completed,5,False,81.35197687149048,ExpeL
oea_test_1090,0.8,0.8,True,completed,3,False,23.569967031478882,ExpeL
oea_test_430,1.0,1.0,True,completed,4,False,69.31952285766602,ExpeL
oea_test_1009,0.8571428571428571,0.888888888888889,True,completed,5,True,39.00030064582825,ExpeL
oea_test_334,1.0,1.0,True,completed,6,True,87.0502405166626,ExpeL
oea_test_1118,0.5714285714285715,0.5,True,completed,5,False,130.27826499938965,ExpeL
oea_test_617,0.0,0.0,False,completed,3,False,62.33335542678833,ExpeL
oea_test_456,0.7272727272727272,0.4,False,failed,15,True,325.6097056865692,ExpeL
oea_test_587,1.0,1.0,True,completed,2,False,20.15671968460083,ExpeL
oea_test_519,0.8571428571428571,0.888888888888889,True,completed,5,True,40.872450828552246,ExpeL
oea_test_1022,0.8571428571428571,0.888888888888889,True,completed,5,True,79.15681147575378,ExpeL
oea_test_426,0.0,0.0,False,completed,4,False,82.50948238372803,ExpeL
oea_test_110,0.6666666666666666,0.7499999999999999,True,completed,5,False,40.28763937950134,ExpeL
oea_test_218,1.0,1.0,True,completed,4,False,74.31544637680054,ExpeL
oea_test_227,0.4,0.25,True,completed,7,False,177.07687830924988,ExpeL
oea_test_50,0.0,0.0,False,completed,6,True,65.8958649635315,ExpeL
oea_test_282,0.8571428571428571,0.888888888888889,True,completed,5,True,84.61836910247803,ExpeL
oea_test_733,0.75,0.8000000000000002,True,completed,5,False,48.56739830970764,ExpeL
oea_test_754,0.3333333333333333,0.15384615384615383,True,completed,10,False,125.71939754486084,ExpeL
oea_test_750,0.4444444444444444,0.3333333333333333,True,completed,9,False,212.59716486930847,ExpeL
oea_test_916,0.8571428571428571,0.888888888888889,True,completed,5,True,78.38433599472046,ExpeL
oea_test_742,0.0,0.0,False,completed,3,False,21.18064546585083,ExpeL
oea_test_509,0.5,0.2222222222222222,False,failed,15,False,219.27828216552734,ExpeL
oea_test_504,0.7499999999999999,0.7272727272727273,True,completed,7,False,105.71546673774719,ExpeL
oea_test_129,0.8,0.3076923076923077,True,completed,11,False,226.39308142662048,ExpeL
oea_test_286,0.6666666666666666,0.6666666666666666,True,completed,4,False,123.38609957695007,ExpeL
oea_test_661,0.4,0.22222222222222224,True,completed,7,False,136.2063009738922,ExpeL
oea_test_634,0.8571428571428571,0.888888888888889,True,completed,5,True,86.95826745033264,ExpeL
oea_test_798,1.0,0.6666666666666666,True,completed,2,False,30.22276997566223,ExpeL
oea_test_648,0.3333333333333333,0.16666666666666666,True,completed,6,True,24.851407766342163,ExpeL
oea_test_88,0.8571428571428571,0.888888888888889,True,completed,5,False,82.56286478042603,ExpeL
oea_test_1168,0.75,0.7272727272727272,True,completed,6,False,108.35402607917786,ExpeL
oea_test_954,0.8571428571428571,0.888888888888889,True,completed,5,True,108.1524727344513,ExpeL
oea_test_276,0.8571428571428571,0.888888888888889,True,completed,5,True,82.02521061897278,ExpeL
oea_test_669,0.8571428571428571,0.888888888888889,True,completed,5,True,98.07681345939636,ExpeL
oea_test_621,0.8571428571428571,0.888888888888889,True,completed,5,True,41.460864543914795,ExpeL
oea_test_1100,0.6666666666666665,0.7272727272727272,True,completed,6,True,48.23367881774902,ExpeL
oea_test_902,0.6666666666666666,0.4,True,completed,8,False,128.0505564212799,ExpeL
oea_test_535,0.888888888888889,0.8333333333333333,True,completed,7,True,97.49611783027649,ExpeL
oea_test_60,0.5,0.4,True,completed,2,False,19.883097887039185,ExpeL
oea_test_614,0.28571428571428575,0.2222222222222222,True,completed,6,False,50.79670333862305,ExpeL
oea_test_367,0.8571428571428571,0.6666666666666666,True,completed,8,True,84.86978030204773,ExpeL
oea_test_1004,1.0,1.0,True,completed,4,True,77.24198698997498,ExpeL
oea_test_93,0.7272727272727272,0.7142857142857143,True,completed,8,True,80.55614829063416,ExpeL
oea_test_47,0.8571428571428571,0.888888888888889,True,completed,5,True,85.19444155693054,ExpeL
oea_test_487,0.8571428571428571,0.8,True,completed,6,True,90.19416451454163,ExpeL
oea_test_892,1.0,0.7272727272727273,True,completed,7,True,108.16936492919922,ExpeL
oea_test_368,0.7499999999999999,0.5714285714285715,True,completed,10,True,149.71696543693542,ExpeL
oea_test_769,0.0,0.0,False,completed,4,False,48.59612417221069,ExpeL
oea_test_162,0.8571428571428571,0.8,True,completed,6,True,98.55526328086853,ExpeL
oea_test_452,0.5,0.4,True,completed,2,False,17.984559535980225,ExpeL
oea_test_354,0.5,0.5,True,completed,2,False,120.54195857048035,ExpeL
oea_test_992,1.0,1.0,True,completed,4,False,75.93825626373291,ExpeL
oea_test_921,0.8571428571428571,0.888888888888889,True,completed,5,False,94.02969145774841,ExpeL
oea_test_305,0.4,0.6666666666666665,True,completed,5,False,132.99393939971924,ExpeL
oea_test_1070,0.6666666666666666,0.5714285714285715,True,completed,3,False,28.295215606689453,ExpeL
oea_test_111,0.7499999999999999,0.8,True,completed,6,False,88.69145679473877,ExpeL
oea_test_422,0.8571428571428571,0.888888888888889,True,completed,5,True,79.12999844551086,ExpeL
oea_test_676,1.0,0.6153846153846153,True,completed,9,True,343.8860285282135,ExpeL
oea_test_116,0.6666666666666666,0.23529411764705882,True,completed,14,False,270.1378130912781,ExpeL
oea_test_945,0.4,0.3333333333333333,True,completed,2,False,19.593636751174927,ExpeL
oea_test_912,0.6,0.4285714285714285,True,completed,10,False,237.65677857398987,ExpeL
oea_test_1080,0.5,0.4444444444444444,True,completed,6,False,399.86171221733093,ExpeL
oea_test_688,1.0,1.0,True,completed,4,False,98.20115756988525,ExpeL
oea_test_939,0.888888888888889,0.625,True,completed,11,False,170.59812784194946,ExpeL
oea_test_853,0.8571428571428571,0.7272727272727273,True,completed,7,True,149.36660885810852,ExpeL
oea_test_264,0.5714285714285715,0.25,True,completed,14,True,491.18190932273865,ExpeL
oea_test_923,0.8571428571428571,0.888888888888889,True,completed,5,False,89.47554326057434,ExpeL
oea_test_828,0.6666666666666666,0.5714285714285715,True,completed,10,True,104.28355574607849,ExpeL
oea_test_1116,0.8571428571428571,0.888888888888889,True,completed,5,False,78.17036652565002,ExpeL
oea_test_1027,0.6666666666666666,0.3809523809523809,False,failed,15,True,84.91585183143616,ExpeL
oea_test_895,0.5714285714285715,0.4166666666666667,False,failed,15,True,225.1060974597931,ExpeL
oea_test_997,1.0,1.0,True,completed,5,True,92.06822085380554,ExpeL
oea_test_21,0.8571428571428571,0.888888888888889,True,completed,5,True,86.78839254379272,ExpeL
oea_test_467,0.75,0.8000000000000002,True,completed,5,True,86.69257235527039,ExpeL
oea_test_270,1.0,1.0,True,completed,4,True,82.34372210502625,ExpeL
oea_test_427,0.3333333333333333,0.11764705882352942,True,completed,11,False,271.3679642677307,ExpeL
oea_test_312,1.0,0.888888888888889,True,completed,5,False,85.47820210456848,ExpeL
oea_test_224,0.3333333333333333,0.25,True,completed,4,False,26.74403190612793,ExpeL
oea_test_1011,0.8571428571428571,0.888888888888889,True,completed,5,True,43.68756461143494,ExpeL
oea_test_1077,0.8,0.6666666666666666,True,completed,4,True,230.09494757652283,ExpeL
oea_test_846,0.4,0.4,True,completed,2,False,22.92775273323059,ExpeL
oea_test_794,1.0,0.8571428571428571,True,completed,4,False,64.14310097694397,ExpeL
oea_test_1145,0.0,0.0,False,completed,5,True,272.4715721607208,ExpeL
oea_test_208,1.0,1.0,True,completed,2,False,20.014134645462036,ExpeL
oea_test_386,0.8571428571428571,0.888888888888889,True,completed,5,True,85.24267387390137,ExpeL
oea_test_147,0.8571428571428571,0.888888888888889,True,completed,5,False,82.937579870224,ExpeL
oea_test_418,1.0,1.0,True,completed,2,False,11.907305240631104,ExpeL
oea_test_659,0.75,0.8000000000000002,True,completed,5,True,84.30634331703186,ExpeL
oea_test_243,0.8571428571428571,0.888888888888889,True,completed,5,True,79.57375884056091,ExpeL
oea_test_972,1.0,1.0,True,completed,4,False,77.84902596473694,ExpeL
oea_test_462,0.8571428571428571,0.888888888888889,True,completed,5,True,46.901339530944824,ExpeL
oea_test_711,0.5,0.2,False,failed,15,True,332.86844420433044,ExpeL
oea_test_49,0.8571428571428571,0.8,True,completed,6,True,310.84676146507263,ExpeL
oea_test_800,0.8571428571428571,0.888888888888889,True,completed,5,True,55.836148738861084,ExpeL
oea_test_496,0.6666666666666666,0.4444444444444444,True,completed,6,False,118.17880439758301,ExpeL
oea_test_234,0.888888888888889,0.9090909090909091,True,completed,6,False,97.66759967803955,ExpeL
oea_test_237,0.8571428571428571,0.888888888888889,True,completed,5,True,87.85884547233582,ExpeL
oea_test_788,0.8571428571428571,0.888888888888889,True,completed,5,True,92.19002914428711,ExpeL
oea_test_1086,0.5714285714285715,0.33333333333333337,True,completed,10,True,90.65096855163574,ExpeL
oea_test_457,1.0,1.0,True,completed,4,False,75.18115663528442,ExpeL
oea_test_869,1.0,1.0,True,completed,2,False,19.35023283958435,ExpeL
oea_test_13,0.4,0.19047619047619044,False,failed,15,True,722.062269449234,ExpeL
oea_test_206,0.8571428571428571,0.5,True,completed,12,True,568.1800000667572,ExpeL
oea_test_1121,0.8,0.6666666666666666,True,completed,10,True,125.33016705513,ExpeL
oea_test_71,0.8,0.8,True,completed,3,False,17.667365789413452,ExpeL
oea_test_281,1.0,1.0,True,completed,4,True,38.88984727859497,ExpeL
oea_test_894,0.8571428571428571,0.888888888888889,True,completed,5,True,84.21755623817444,ExpeL
oea_test_540,0.5,0.3333333333333333,True,completed,4,False,65.57895255088806,ExpeL
oea_test_434,0.8,0.4444444444444445,True,completed,7,False,212.60224318504333,ExpeL
oea_test_119,0.8571428571428571,0.888888888888889,True,completed,5,True,86.48356771469116,ExpeL
oea_test_526,0.3333333333333333,0.16666666666666666,True,completed,8,False,82.05155324935913,ExpeL
oea_test_1053,0.0,0.0,False,completed,3,False,98.49828839302063,ExpeL
oea_test_639,0.5,0.26666666666666666,True,completed,7,False,76.74220371246338,ExpeL
oea_test_666,0.7499999999999999,0.8,True,completed,6,False,96.05958890914917,ExpeL
oea_test_176,0.888888888888889,0.9090909090909091,True,completed,6,True,90.98892092704773,ExpeL
oea_test_204,0.8571428571428571,0.888888888888889,True,completed,5,True,97.56217551231384,ExpeL
oea_test_815,0.8,0.5,True,completed,6,False,188.27301931381226,ExpeL
oea_test_803,0.75,0.8000000000000002,True,completed,5,True,46.719857931137085,ExpeL
oea_test_626,1.0,0.888888888888889,True,completed,5,True,32.5136923789978,ExpeL
oea_test_440,0.4,0.28571428571428575,True,completed,8,False,71.10809874534607,ExpeL
oea_test_699,0.7499999999999999,0.8,True,completed,6,True,92.19950556755066,ExpeL
oea_test_1083,0.4,0.3333333333333333,True,completed,4,False,116.76958394050598,ExpeL
oea_test_662,0.5714285714285715,0.375,True,completed,9,False,141.10518789291382,ExpeL
oea_test_144,0.3333333333333333,0.2105263157894737,False,failed,15,False,260.31123542785645,ExpeL
oea_test_668,1.0,1.0,True,completed,6,False,93.05632710456848,ExpeL
oea_test_837,0.4,0.3333333333333333,True,completed,3,False,66.3299605846405,ExpeL
oea_test_86,0.8,0.33333333333333337,True,completed,10,True,145.1203031539917,ExpeL
oea_test_715,0.75,0.8000000000000002,True,completed,5,True,80.8008086681366,ExpeL
oea_test_658,0.6,0.4210526315789474,False,failed,15,True,105.22436547279358,ExpeL
oea_test_171,0.8571428571428571,0.7272727272727273,True,completed,7,True,96.4642505645752,ExpeL
oea_test_395,0.5,0.4,True,completed,2,True,14.347013235092163,ExpeL
oea_test_903,0.5,0.28571428571428575,True,completed,2,False,17.726252555847168,ExpeL
oea_test_806,0.8571428571428571,0.47058823529411764,True,completed,13,True,387.4484853744507,ExpeL
oea_test_968,0.22222222222222224,0.10526315789473685,False,failed,15,False,258.9068636894226,ExpeL
oea_test_745,0.8,0.47619047619047616,False,failed,15,True,110.20216655731201,ExpeL
oea_test_1006,0.5714285714285715,0.26666666666666666,True,completed,8,False,165.20351099967957,ExpeL
oea_test_608,0.7499999999999999,0.7272727272727273,True,completed,7,True,101.6539056301117,ExpeL
oea_test_704,1.0,0.6666666666666666,True,completed,3,False,16.381784200668335,ExpeL
oea_test_741,0.8,0.8,True,completed,2,False,55.456690073013306,ExpeL
oea_test_154,0.5,0.5,True,completed,2,False,63.23305296897888,ExpeL
oea_test_1067,1.0,1.0,True,completed,4,True,83.63961553573608,ExpeL
oea_test_633,0.8571428571428571,0.888888888888889,True,completed,5,True,38.25812101364136,ExpeL
oea_test_1029,0.8571428571428571,0.888888888888889,True,completed,5,True,50.66710877418518,ExpeL
oea_test_1052,0.8571428571428571,0.888888888888889,True,completed,5,True,47.2945613861084,ExpeL
oea_test_45,0.3333333333333333,0.2,True,completed,3,False,32.350966453552246,ExpeL
oea_test_252,1.0,0.8,True,completed,6,False,98.86960244178772,ExpeL
oea_test_607,0.5714285714285715,0.6666666666666666,True,completed,8,False,153.10394144058228,ExpeL
oea_test_777,0.8571428571428571,0.888888888888889,True,completed,5,True,84.79667639732361,ExpeL
oea_test_713,0.5,0.3333333333333333,True,completed,3,False,20.364148378372192,ExpeL
oea_test_472,0.888888888888889,0.923076923076923,True,completed,7,False,91.14134240150452,ExpeL
oea_test_866,1.0,1.0,True,completed,6,True,98.17699384689331,ExpeL
oea_test_40,0.8571428571428571,0.888888888888889,True,completed,5,True,43.48672819137573,ExpeL
oea_test_213,0.28571428571428575,0.11764705882352941,False,failed,15,False,100.7801251411438,ExpeL
oea_test_795,1.0,1.0,True,completed,4,True,141.2506296634674,ExpeL
oea_test_786,0.8571428571428571,0.888888888888889,True,completed,5,True,82.22349405288696,ExpeL
oea_test_62,0.3333333333333333,0.25,True,completed,5,False,37.56046915054321,ExpeL
oea_test_332,1.0,1.0,True,completed,4,True,42.21756863594055,ExpeL
oea_test_985,0.8571428571428571,0.888888888888889,True,completed,5,True,79.97668886184692,ExpeL
oea_test_789,0.8,0.8,True,completed,3,True,28.382136344909668,ExpeL
oea_test_327,0.8571428571428571,0.888888888888889,True,completed,5,False,78.35394883155823,ExpeL
oea_test_700,1.0,1.0,True,completed,5,True,79.6263313293457,ExpeL
oea_test_969,0.6666666666666666,0.6666666666666666,True,completed,8,True,108.39238262176514,ExpeL
oea_test_1091,0.4,0.25,True,completed,6,True,199.4102954864502,ExpeL
oea_test_466,0.5,0.5,True,completed,2,False,21.99991536140442,ExpeL
oea_test_325,1.0,1.0,True,completed,5,False,83.30231809616089,ExpeL
oea_test_802,0.8571428571428571,0.888888888888889,True,completed,5,True,81.80386662483215,ExpeL
oea_test_770,0.6666666666666666,0.3333333333333333,True,completed,9,False,160.08886337280273,ExpeL
oea_test_291,1.0,1.0,True,completed,6,True,85.12825798988342,ExpeL
oea_test_562,0.8571428571428571,0.888888888888889,True,completed,5,True,81.79650831222534,ExpeL
oea_test_549,0.8571428571428571,0.888888888888889,True,completed,5,True,73.68822073936462,ExpeL
oea_test_233,0.8571428571428571,0.4,False,failed,15,True,1004.5634813308716,ExpeL
oea_test_850,1.0,1.0,True,completed,2,False,14.868355512619019,ExpeL
oea_test_331,0.5,0.2105263157894737,False,failed,15,True,337.5809347629547,ExpeL
oea_test_696,0.8571428571428571,0.888888888888889,True,completed,5,False,47.65234565734863,ExpeL
oea_test_289,0.8,0.9090909090909091,True,completed,6,False,38.7842230796814,ExpeL
oea_test_672,0.6666666666666666,0.6,True,completed,7,True,301.4874835014343,ExpeL
oea_test_981,1.0,1.0,True,completed,4,False,75.72192788124084,ExpeL
oea_test_690,0.3333333333333333,0.15384615384615383,True,completed,7,False,142.95495200157166,ExpeL
oea_test_523,1.0,1.0,True,completed,5,False,87.59482860565186,ExpeL
oea_test_437,0.6666666666666666,0.4210526315789474,False,failed,15,False,328.2698826789856,ExpeL
oea_test_448,0.5,0.6153846153846153,True,completed,7,False,46.784770488739014,ExpeL
oea_test_842,0.7499999999999999,0.8,True,completed,6,True,44.091437578201294,ExpeL
oea_test_69,0.8571428571428571,0.888888888888889,True,completed,5,False,83.38368487358093,ExpeL
oea_test_32,0.4,0.1111111111111111,False,failed,15,True,714.4261827468872,ExpeL
oea_test_843,0.4,0.4,True,completed,3,False,24.001449584960938,ExpeL
oea_test_651,0.5714285714285715,0.38095238095238093,False,completed,14,True,499.1129381656647,ExpeL
oea_test_322,1.0,1.0,True,completed,4,True,36.27055883407593,ExpeL
oea_test_1119,0.8571428571428571,0.8,True,completed,6,False,88.28878140449524,ExpeL
oea_test_520,0.3333333333333333,0.11111111111111112,True,completed,14,True,68.40036845207214,ExpeL
oea_test_498,0.6666666666666666,0.75,True,completed,4,False,33.42657208442688,ExpeL
oea_test_791,0.8571428571428571,0.888888888888889,True,completed,5,True,53.114910364151,ExpeL
oea_test_766,1.0,1.0,True,completed,4,True,76.75676774978638,ExpeL
oea_test_412,1.0,0.888888888888889,True,completed,5,False,83.9444591999054,ExpeL
oea_test_285,1.0,1.0,True,completed,5,True,87.94649887084961,ExpeL
oea_test_893,0.8571428571428571,0.888888888888889,True,completed,5,True,49.7247109413147,ExpeL
oea_test_385,1.0,1.0,True,completed,4,False,34.44554615020752,ExpeL
oea_test_1031,0.4,0.3333333333333333,True,completed,4,False,41.76795220375061,ExpeL
oea_test_446,0.7272727272727272,0.5714285714285714,True,completed,9,True,243.1953411102295,ExpeL
oea_test_238,0.0,0.0,False,completed,3,False,89.03354120254517,ACE
oea_test_1082,0.7499999999999999,0.7272727272727273,True,completed,7,True,189.4002137184143,ACE
oea_test_153,0.5,0.2105263157894737,False,failed,15,False,335.4934537410736,ACE
oea_test_862,0.8,0.6666666666666666,True,completed,6,False,203.48143458366394,ACE
oea_test_1139,1.0,1.0,True,completed,4,False,87.02739882469177,ACE
oea_test_538,0.8571428571428571,0.8,True,completed,6,False,232.66081523895264,ACE
oea_test_337,1.0,0.8,True,completed,2,False,88.58501172065735,ACE
oea_test_627,0.75,0.8000000000000002,True,completed,5,False,192.71666479110718,ACE
oea_test_479,0.4,0.4,True,completed,2,False,87.78864359855652,ACE
oea_test_215,0.8571428571428571,0.888888888888889,True,completed,5,False,193.36031866073608,ACE
oea_test_959,1.0,1.0,True,completed,2,False,86.58398866653442,ACE
oea_test_497,0.8571428571428571,0.8,True,completed,6,True,564.4395568370819,ACE
oea_test_674,0.6666666666666666,0.8,True,completed,2,False,52.77925181388855,ACE
oea_test_439,0.7499999999999999,0.8,True,completed,6,False,192.7749514579773,ACE
oea_test_1057,1.0,1.0,True,completed,4,False,144.90269899368286,ACE
oea_test_647,0.7499999999999999,0.5714285714285715,True,completed,10,True,306.96633553504944,ACE
oea_test_1146,0.8571428571428571,0.888888888888889,True,completed,5,False,108.09285378456116,ACE
oea_test_79,0.25,0.08695652173913045,False,failed,15,False,479.22636222839355,ACE
oea_test_1000,0.5714285714285715,0.375,True,completed,12,False,399.16961336135864,ACE
oea_test_986,0.5,0.4,True,completed,2,False,33.737399101257324,ACE
oea_test_1123,0.4,0.6666666666666665,True,completed,5,False,193.6592149734497,ACE
oea_test_631,0.4,0.23529411764705882,False,failed,15,False,478.710467338562,ACE
oea_test_646,0.8571428571428571,0.888888888888889,True,completed,5,False,219.6311604976654,ACE
oea_test_845,1.0,0.8,True,completed,6,True,235.11813950538635,ACE
oea_test_390,1.0,1.0,True,completed,4,False,138.63241481781006,ACE
oea_test_377,0.888888888888889,0.9090909090909091,True,completed,5,False,198.7342209815979,ACE
oea_test_404,0.8571428571428571,0.888888888888889,True,completed,5,False,141.30658316612244,ACE
oea_test_191,0.28571428571428575,0.22222222222222224,True,completed,7,False,231.52249431610107,ACE
oea_test_998,0.8571428571428571,0.888888888888889,True,completed,5,False,207.45017671585083,ACE
oea_test_888,0.8,0.4,True,completed,2,False,67.95536231994629,ACE
oea_test_489,0.4,0.2,True,completed,7,False,220.3981363773346,ACE
oea_test_485,0.8571428571428571,0.888888888888889,True,completed,5,False,172.1744213104248,ACE
oea_test_950,0.0,0.0,False,completed,1,False,62.0668625831604,ACE
oea_test_927,0.6666666666666665,0.7272727272727272,True,completed,6,False,179.13445615768433,ACE
oea_test_125,1.0,0.8,True,completed,6,False,193.21209836006165,ACE
oea_test_809,0.3333333333333333,0.2105263157894737,False,failed,15,False,313.9316909313202,ACE
oea_test_387,0.8,0.5714285714285715,True,completed,4,False,145.80756425857544,ACE
oea_test_351,0.888888888888889,0.9090909090909091,True,completed,5,False,218.89352774620056,ACE
oea_test_988,0.8571428571428571,0.888888888888889,True,completed,5,False,143.39926195144653,ACE
oea_test_27,1.0,1.0,True,completed,4,False,168.5663456916809,ACE
oea_test_890,0.8571428571428571,0.888888888888889,True,completed,5,False,173.36613988876343,ACE
oea_test_512,0.8571428571428571,0.888888888888889,True,completed,5,False,148.85438418388367,ACE
oea_test_424,1.0,1.0,True,completed,5,False,493.6838290691376,ACE
oea_test_1008,0.0,0.0,False,completed,3,False,75.79755234718323,ACE
oea_test_1125,0.5,0.3333333333333333,True,completed,3,False,88.23499870300293,ACE
oea_test_1149,0.6,0.5555555555555556,True,completed,13,True,591.8020634651184,ACE
oea_test_80,0.8571428571428571,0.888888888888889,True,completed,5,False,207.66698694229126,ACE
oea_test_1084,0.3333333333333333,0.18181818181818182,True,completed,3,False,86.61810445785522,ACE
oea_test_388,0.5,0.4,True,completed,2,False,67.9682343006134,ACE
oea_test_914,0.5,0.6153846153846154,True,completed,8,False,190.80646109580994,ACE
oea_test_554,0.8,0.4444444444444445,True,completed,2,False,36.74538588523865,ACE
oea_test_1021,0.7499999999999999,0.42857142857142855,True,completed,11,False,324.4014799594879,ACE
oea_test_629,0.28571428571428575,0.1818181818181818,True,completed,9,False,289.0449552536011,ACE
oea_test_595,0.8571428571428571,0.888888888888889,True,completed,5,False,185.4749584197998,ACE
oea_test_1144,0.7499999999999999,0.7272727272727273,True,completed,7,False,142.23223233222961,ACE
oea_test_544,0.6666666666666666,0.7692307692307692,True,completed,7,False,274.81168031692505,ACE
oea_test_261,0.8571428571428571,0.888888888888889,True,completed,5,False,227.151997089386,ACE
oea_test_87,0.4444444444444445,0.3636363636363636,True,completed,9,False,293.2386305332184,ACE
oea_test_1072,0.8571428571428571,0.888888888888889,True,completed,5,False,182.15663766860962,ACE
oea_test_604,0.8571428571428571,0.8,True,completed,6,True,635.146454334259,ACE
oea_test_826,0.8571428571428571,0.888888888888889,True,completed,5,False,195.8068563938141,ACE
oea_test_461,0.3333333333333333,0.18181818181818182,True,completed,7,False,197.06900191307068,ACE
oea_test_362,0.7499999999999999,0.5333333333333333,True,completed,11,True,381.59724974632263,ACE
oea_test_951,0.8571428571428571,0.888888888888889,True,completed,5,False,190.97141528129578,ACE
oea_test_447,0.7499999999999999,0.7272727272727273,True,completed,7,False,273.5886631011963,ACE
oea_test_123,0.7499999999999999,0.5454545454545454,True,completed,8,False,225.09888792037964,ACE
oea_test_624,0.5,0.6666666666666666,True,completed,3,False,122.22336101531982,ACE
oea_test_155,0.5,0.4,True,completed,3,False,81.47226977348328,ACE
oea_test_819,0.6666666666666666,0.4,True,completed,8,False,285.7701778411865,ACE
oea_test_26,0.8571428571428571,0.888888888888889,True,completed,5,False,173.12965750694275,ACE
oea_test_1015,0.6666666666666666,0.6,True,completed,7,False,234.20974254608154,ACE
oea_test_656,0.8571428571428571,0.888888888888889,True,completed,5,True,183.0578215122223,ACE
oea_test_210,0.7499999999999999,0.8,True,completed,6,False,181.50698280334473,ACE
oea_test_955,1.0,1.0,True,completed,3,False,92.38172650337219,ACE
oea_test_1129,0.7499999999999999,0.7272727272727273,True,completed,7,True,111.08015394210815,ACE
oea_test_166,0.5,0.3,False,failed,15,False,621.947783946991,ACE
oea_test_500,0.888888888888889,0.9090909090909091,True,completed,6,False,143.217839717865,ACE
oea_test_1018,0.5,0.3333333333333333,True,completed,5,False,152.94842100143433,ACE
oea_test_1081,0.8571428571428571,0.888888888888889,True,completed,5,False,191.03207731246948,ACE
oea_test_126,0.8571428571428571,0.888888888888889,True,completed,5,False,187.89322900772095,ACE
oea_test_491,0.75,0.7272727272727272,True,completed,6,True,231.3781840801239,ACE
oea_test_720,1.0,0.8,True,completed,6,True,169.8704798221588,ACE
oea_test_428,0.3333333333333333,0.4444444444444444,True,completed,6,False,186.09365439414978,ACE
oea_test_663,0.9090909090909091,0.8571428571428571,True,completed,8,False,243.23080897331238,ACE
oea_test_301,1.0,1.0,True,completed,4,False,180.64013385772705,ACE
oea_test_22,0.8571428571428571,0.8,True,completed,6,True,233.24986839294434,ACE
oea_test_999,0.4,0.4,True,completed,1,False,47.58648896217346,ACE
oea_test_731,1.0,0.5,True,completed,6,False,178.73999452590942,ACE
oea_test_753,1.0,0.8,True,completed,2,False,92.78165292739868,ACE
oea_test_885,1.0,0.6666666666666666,True,completed,3,False,56.70306205749512,ACE
oea_test_781,0.8571428571428571,0.888888888888889,True,completed,5,False,207.87733340263367,ACE
oea_test_691,0.8571428571428571,0.888888888888889,True,completed,5,False,132.68547201156616,ACE
oea_test_365,0.5,0.5,True,completed,1,False,54.70596742630005,ACE
oea_test_474,1.0,0.8,True,completed,2,False,77.49024295806885,ACE
oea_test_1157,1.0,0.8,True,completed,6,False,180.2796986103058,ACE
oea_test_192,0.5454545454545454,0.3809523809523809,False,failed,15,True,1067.847240447998,ACE
oea_test_164,0.75,0.8000000000000002,True,completed,5,False,209.57450532913208,ACE
oea_test_592,0.3333333333333333,0.16666666666666666,True,completed,5,False,115.79488968849182,ACE
oea_test_1085,0.8571428571428571,0.888888888888889,True,completed,5,False,165.26973128318787,ACE
oea_test_757,0.8571428571428571,0.888888888888889,True,completed,5,False,168.92081451416016,ACE
oea_test_618,0.5,0.6,True,completed,6,False,184.49690771102905,ACE
oea_test_836,0.8,0.5714285714285715,True,completed,2,False,65.94833755493164,ACE
oea_test_1026,0.7499999999999999,0.8,True,completed,6,False,173.93100380897522,ACE
oea_test_364,0.28571428571428575,0.11764705882352941,True,completed,14,False,489.87686038017273,ACE
oea_test_293,0.8571428571428571,0.888888888888889,True,completed,5,False,156.02076315879822,ACE
oea_test_591,1.0,1.0,True,completed,4,False,201.92833495140076,ACE
oea_test_445,0.8571428571428571,0.8571428571428571,True,completed,4,False,106.36681795120239,ACE
oea_test_810,0.7499999999999999,0.6666666666666666,True,completed,8,True,488.5761797428131,ACE
oea_test_269,0.5714285714285715,0.4444444444444444,True,completed,6,False,194.19777727127075,ACE
oea_test_566,0.5714285714285715,0.75,True,completed,9,False,289.8761010169983,ACE
oea_test_263,0.8571428571428571,0.5714285714285715,True,completed,10,True,334.3674976825714,ACE
oea_test_134,0.8571428571428571,0.888888888888889,True,completed,5,False,178.14198851585388,ACE
oea_test_396,1.0,0.5714285714285715,True,completed,2,False,139.14235925674438,ACE
oea_test_1032,1.0,1.0,True,completed,1,False,68.44189190864563,ACE
oea_test_793,1.0,0.888888888888889,True,completed,5,True,152.86096715927124,ACE
oea_test_478,0.75,0.8000000000000002,True,completed,5,False,179.0063989162445,ACE
oea_test_925,0.5,0.4,True,completed,2,False,76.6889853477478,ACE
oea_test_382,0.5,0.3333333333333333,True,completed,4,False,114.7013111114502,ACE
oea_test_308,0.8571428571428571,0.888888888888889,True,completed,5,False,212.3125216960907,ACE
oea_test_54,0.4,0.2,True,completed,8,False,306.96094703674316,ACE
oea_test_570,0.7499999999999999,0.8,True,completed,6,False,309.7347722053528,ACE
oea_test_891,0.75,0.8000000000000002,True,completed,5,False,211.6533715724945,ACE
oea_test_776,0.5,0.3333333333333333,True,completed,3,False,100.22536015510559,ACE
oea_test_75,0.5,0.5714285714285715,True,completed,3,False,122.45777583122253,ACE
oea_test_145,0.75,0.8000000000000002,True,completed,5,False,148.2509319782257,ACE
oea_test_288,0.0,0.0,False,completed,5,False,123.00071144104004,ACE
oea_test_407,1.0,1.0,True,completed,4,False,167.52410864830017,ACE
oea_test_316,1.0,1.0,True,completed,4,False,147.76932430267334,ACE
oea_test_1089,0.6666666666666666,0.6666666666666666,True,completed,6,True,261.3354034423828,ACE
oea_test_259,0.8571428571428571,0.888888888888889,True,completed,5,False,177.93880152702332,ACE
oea_test_1166,0.4,0.3333333333333333,True,completed,4,False,155.00508570671082,ACE
oea_test_1033,0.8571428571428571,0.888888888888889,True,completed,5,False,126.00252056121826,ACE
oea_test_1042,1.0,1.0,True,completed,5,False,141.86501908302307,ACE
oea_test_1099,0.888888888888889,0.9333333333333333,True,completed,8,True,146.35877633094788,ACE
oea_test_1130,0.8571428571428571,0.42857142857142855,True,completed,11,False,251.19824838638306,ACE
oea_test_913,0.8571428571428571,0.888888888888889,True,completed,5,False,115.96937870979309,ACE
oea_test_693,0.7499999999999999,0.8,True,completed,6,False,236.764386177063,ACE
oea_test_163,0.8571428571428571,0.888888888888889,True,completed,5,False,177.0519096851349,ACE
oea_test_761,0.6666666666666665,0.7272727272727272,True,completed,6,False,173.5574061870575,ACE
oea_test_948,0.5714285714285715,0.42857142857142855,True,completed,11,False,363.40278363227844,ACE
oea_test_1103,0.75,0.8000000000000002,True,completed,5,False,112.92811417579651,ACE
oea_test_16,1.0,1.0,True,completed,2,False,66.79286336898804,ACE
oea_test_158,0.8571428571428571,0.888888888888889,True,completed,5,False,174.21922278404236,ACE
oea_test_104,0.0,0.0,False,completed,1,False,42.78169870376587,ACE
oea_test_296,1.0,1.0,True,completed,5,False,171.81535935401917,ACE
oea_test_563,0.8571428571428571,0.888888888888889,True,completed,5,False,195.87743067741394,ACE
oea_test_529,0.8,0.3076923076923077,True,completed,2,False,94.66461181640625,ACE
oea_test_857,0.0,0.0,False,completed,1,False,42.3751003742218,ACE
oea_test_654,1.0,1.0,True,completed,7,False,248.2642183303833,ACE
oea_test_598,0.8,0.3076923076923077,True,completed,11,False,361.19430327415466,ACE
oea_test_1050,0.8571428571428571,0.7272727272727273,True,completed,7,False,117.350346326828,ACE
oea_test_242,0.5,0.11764705882352941,False,failed,15,False,614.7334589958191,ACE
oea_test_522,1.0,1.0,True,completed,4,False,113.40861201286316,ACE
oea_test_1030,0.6666666666666666,0.888888888888889,True,completed,4,False,87.63641667366028,ACE
oea_test_719,0.75,0.8000000000000002,True,completed,5,False,155.47130727767944,ACE
oea_test_796,0.4444444444444445,0.2857142857142857,True,completed,12,False,463.70311212539673,ACE
oea_test_470,0.28571428571428575,0.10526315789473685,False,failed,15,False,463.05891275405884,ACE
oea_test_115,1.0,0.888888888888889,True,completed,5,True,146.68898057937622,ACE
oea_test_141,0.8571428571428571,0.888888888888889,True,completed,5,False,167.11745691299438,ACE
oea_test_94,0.8571428571428571,0.888888888888889,True,completed,5,False,194.9740424156189,ACE
oea_test_824,1.0,1.0,True,completed,5,False,152.31883001327515,ACE
oea_test_673,0.75,0.7272727272727272,True,completed,6,True,149.96022772789001,ACE
oea_test_245,0.8571428571428571,0.4210526315789474,False,failed,15,True,1043.4905433654785,ACE
oea_test_905,0.8571428571428571,0.888888888888889,True,completed,5,False,191.078950881958,ACE
oea_test_235,0.7499999999999999,0.8,True,completed,6,False,209.2700445652008,ACE
oea_test_635,0.4,0.28571428571428575,True,completed,4,False,192.33752274513245,ACE
oea_test_987,1.0,1.0,True,completed,2,False,123.16153216362,ACE
oea_test_513,0.8571428571428571,0.888888888888889,True,completed,5,False,138.38686442375183,ACE
oea_test_946,0.75,0.8000000000000002,True,completed,5,False,172.84565258026123,ACE
oea_test_1097,0.6666666666666666,0.8,True,completed,2,False,41.18903183937073,ACE
oea_test_12,1.0,1.0,True,completed,4,False,179.82550764083862,ACE
oea_test_855,1.0,1.0,True,completed,4,False,134.98546195030212,ACE
oea_test_361,0.4,0.4,True,completed,3,False,99.52594208717346,ACE
oea_test_982,0.7499999999999999,0.7272727272727273,True,completed,7,True,266.43785858154297,ACE
oea_test_272,0.8,0.6666666666666666,True,completed,2,False,66.81543779373169,ACE
oea_test_847,1.0,1.0,True,completed,4,False,141.75947618484497,ACE
oea_test_67,0.6666666666666666,0.6666666666666666,True,completed,7,False,228.87410140037537,ACE
oea_test_588,0.4444444444444444,0.31578947368421056,False,failed,15,False,432.4509644508362,ACE
oea_test_763,0.5,0.16666666666666669,True,completed,2,False,79.27924418449402,ACE
oea_test_738,0.4444444444444445,0.2105263157894737,False,failed,15,False,500.1742820739746,ACE
oea_test_1124,1.0,1.0,True,completed,4,False,173.82507729530334,ACE
oea_test_822,0.75,0.8000000000000002,True,completed,5,False,185.74285745620728,ACE
oea_test_375,0.7499999999999999,0.8,True,completed,6,False,245.80380368232727,ACE
oea_test_767,0.8571428571428571,0.888888888888889,True,completed,5,False,163.68766117095947,ACE
oea_test_1156,0.8571428571428571,0.5714285714285715,True,completed,10,True,577.4795870780945,ACE
oea_test_550,0.75,0.8000000000000002,True,completed,5,False,194.15066766738892,ACE
oea_test_30,1.0,1.0,True,completed,4,False,129.39333868026733,ACE
oea_test_61,0.8571428571428571,0.888888888888889,True,completed,5,False,201.44639348983765,ACE
oea_test_297,1.0,0.888888888888889,True,completed,5,True,186.73766660690308,ACE
oea_test_1003,0.4,0.4,True,completed,2,False,68.10727405548096,ACE
oea_test_311,0.0,0.0,False,failed,15,False,402.3029236793518,ACE
oea_test_1056,0.0,0.0,False,completed,1,False,53.86554145812988,ACE
oea_test_170,0.8,0.8,True,completed,2,False,46.52772116661072,ACE
oea_test_226,0.75,0.8000000000000002,True,completed,5,False,197.93535089492798,ACE
oea_test_907,0.5,0.2,True,completed,2,False,79.32098007202148,ACE
oea_test_363,0.5714285714285715,0.36363636363636365,True,completed,7,False,240.39027643203735,ACE
oea_test_1016,0.8571428571428571,0.888888888888889,True,completed,5,False,177.59720945358276,ACE
oea_test_65,0.8571428571428571,0.888888888888889,True,completed,5,False,171.15112161636353,ACE
oea_test_874,0.6666666666666666,0.5,True,completed,12,True,260.73109245300293,ACE
oea_test_1088,1.0,1.0,True,completed,4,False,48.129310131073,ACE
oea_test_121,0.3333333333333333,0.18181818181818182,True,completed,8,False,293.2896730899811,ACE
oea_test_825,0.8571428571428571,0.888888888888889,True,completed,5,False,197.5542287826538,ACE
oea_test_195,0.75,0.31578947368421056,False,failed,15,True,700.2280323505402,ACE
oea_test_1005,0.6666666666666666,0.5714285714285715,True,completed,5,False,82.57218909263611,ACE
oea_test_1140,0.6,0.4545454545454545,False,failed,15,True,1455.45649933815,ACE
oea_test_774,1.0,1.0,True,completed,4,False,183.13765621185303,ACE
oea_test_148,0.7499999999999999,0.8,True,completed,6,False,177.9344208240509,ACE
oea_test_1039,0.4,0.3333333333333333,True,completed,4,False,98.05586552619934,ACE
oea_test_728,0.8,0.31578947368421056,False,failed,15,True,699.8601641654968,ACE
oea_test_863,0.8571428571428571,0.888888888888889,True,completed,5,False,162.67257523536682,ACE
oea_test_581,0.5454545454545454,0.36363636363636365,False,failed,15,True,1452.6113586425781,ACE
oea_test_1095,0.8,0.5714285714285715,True,completed,10,True,423.6765103340149,ACE
oea_test_965,1.0,1.0,True,completed,4,False,176.21679401397705,ACE
oea_test_790,0.8571428571428571,0.47058823529411764,True,completed,13,True,615.6698608398438,ACE
oea_test_401,0.3333333333333333,0.11764705882352941,False,failed,15,False,442.2288746833801,ACE
oea_test_952,1.0,0.888888888888889,True,completed,5,False,190.14501285552979,ACE
oea_test_91,0.7499999999999999,0.7272727272727273,True,completed,7,True,224.52312445640564,ACE
oea_test_602,0.7499999999999999,0.7272727272727273,True,completed,7,False,200.0205545425415,ACE
oea_test_830,0.5,0.3333333333333333,True,completed,3,False,111.81311535835266,ACE
oea_test_236,0.5,0.4,True,completed,3,True,93.19703841209412,ACE
oea_test_514,0.8571428571428571,0.888888888888889,True,completed,5,False,151.53476643562317,ACE
oea_test_480,0.3333333333333333,0.4444444444444444,True,completed,6,False,192.00826835632324,ACE
oea_test_165,0.8,0.6666666666666666,True,completed,3,False,86.80736565589905,ACE
oea_test_451,0.6666666666666665,0.4444444444444444,True,completed,13,True,953.0398919582367,ACE
oea_test_189,0.6666666666666666,0.6666666666666666,True,completed,4,False,142.97810196876526,ACE
oea_test_706,0.7499999999999999,0.8,True,completed,6,False,166.7037856578827,ACE
oea_test_201,0.5714285714285715,0.37499999999999994,True,completed,11,False,252.45673608779907,ACE
oea_test_1120,0.8571428571428571,0.888888888888889,True,completed,5,False,106.72228908538818,ACE
oea_test_620,0.7499999999999999,0.6666666666666666,True,completed,8,False,260.4724032878876,ACE
oea_test_484,1.0,1.0,True,completed,2,False,106.39631938934326,ACE
oea_test_25,0.6666666666666666,0.4,True,completed,12,False,395.2202043533325,ACE
oea_test_558,0.5,0.3333333333333333,True,completed,4,False,117.84567046165466,ACE
oea_test_44,0.75,0.8000000000000002,True,completed,5,False,193.32036352157593,ACE
oea_test_78,0.7499999999999999,0.7272727272727273,True,completed,7,True,211.3363585472107,ACE
oea_test_576,0.75,0.8000000000000002,True,completed,5,False,196.41617226600647,ACE
oea_test_861,0.0,0.0,False,completed,1,False,42.92823076248169,ACE
oea_test_567,1.0,1.0,True,completed,4,False,170.84574365615845,ACE
oea_test_183,0.8571428571428571,0.888888888888889,True,completed,5,False,170.7549102306366,ACE
oea_test_173,1.0,1.0,True,completed,4,False,153.3695912361145,ACE
oea_test_963,0.5,0.3333333333333333,True,completed,7,False,237.68947219848633,ACE
oea_test_996,0.7499999999999999,0.6153846153846153,True,completed,9,False,234.59088110923767,ACE
oea_test_889,0.8571428571428571,0.888888888888889,True,completed,5,False,206.89098358154297,ACE
oea_test_193,1.0,1.0,True,completed,4,False,160.48593544960022,ACE
oea_test_455,0.7499999999999999,0.8,True,completed,6,True,133.02026200294495,ACE
oea_test_680,0.8,0.4,True,completed,8,False,276.3523426055908,ACE
oea_test_919,0.8571428571428571,0.6666666666666667,True,completed,6,False,197.08297729492188,ACE
oea_test_887,0.8,0.5882352941176471,True,completed,12,False,395.1705815792084,ACE
oea_test_486,0.8571428571428571,0.888888888888889,True,completed,5,False,175.11804699897766,ACE
oea_test_1122,0.4,0.3333333333333333,True,completed,3,False,151.59267687797546,ACE
oea_test_689,0.4,0.2,True,completed,8,True,383.0730583667755,ACE
oea_test_628,0.28571428571428575,0.22222222222222224,True,completed,5,False,139.85783696174622,ACE
oea_test_229,0.6666666666666665,0.6153846153846154,True,completed,8,True,254.08230543136597,ACE
oea_test_471,0.7499999999999999,0.8,True,completed,6,False,240.14089608192444,ACE
oea_test_74,0.8571428571428571,0.888888888888889,True,completed,5,False,170.20034003257751,ACE
oea_test_821,0.6666666666666666,0.6,True,completed,4,False,146.9687204360962,ACE
oea_test_320,1.0,1.0,True,completed,1,False,43.882739782333374,ACE
oea_test_419,1.0,1.0,True,completed,4,False,154.61567950248718,ACE
oea_test_605,0.4,0.3333333333333333,True,completed,3,False,48.77955341339111,ACE
oea_test_573,1.0,1.0,True,completed,4,False,273.3049728870392,ACE
oea_test_64,0.8571428571428571,0.888888888888889,True,completed,5,False,158.89998960494995,ACE
oea_test_615,1.0,1.0,True,completed,7,False,237.65371370315552,ACE
oea_test_1012,0.8571428571428571,0.888888888888889,True,completed,5,False,211.93646693229675,ACE
oea_test_200,0.8571428571428571,0.6666666666666666,True,completed,8,True,262.04241847991943,ACE
oea_test_326,0.0,0.0,False,completed,4,True,85.3281900882721,ACE
oea_test_984,0.8,0.6666666666666666,True,completed,2,False,75.84479880332947,ACE
oea_test_594,0.5,0.5,True,completed,2,False,71.06483578681946,ACE
oea_test_909,0.7692307692307693,0.631578947368421,True,completed,13,True,509.8651919364929,ACE
oea_test_175,0.8571428571428571,0.7272727272727273,True,completed,7,False,221.28197813034058,ACE
oea_test_0,0.8571428571428571,0.888888888888889,True,completed,5,False,199.54886603355408,ACE
oea_test_449,1.0,1.0,True,completed,5,False,160.76870584487915,ACE
oea_test_53,0.888888888888889,0.8333333333333334,True,completed,6,False,238.91401934623718,ACE
oea_test_1106,0.8571428571428571,0.8000000000000002,True,completed,5,False,147.73873472213745,ACE
oea_test_703,0.8571428571428571,0.888888888888889,True,completed,5,False,171.21607041358948,ACE
oea_test_1127,0.3333333333333333,0.6666666666666666,True,completed,7,False,311.9238209724426,ACE
oea_test_152,0.5,0.8333333333333334,True,completed,6,False,152.49014520645142,ACE
oea_test_4,0.8571428571428571,0.888888888888889,True,completed,5,False,158.2106330394745,ACE
oea_test_1153,0.888888888888889,0.7692307692307692,True,completed,7,False,257.1725208759308,ACE
oea_test_1087,0.75,0.8000000000000002,True,completed,5,False,132.85004329681396,ACE
oea_test_807,1.0,1.0,True,completed,5,False,106.26480293273926,ACE
oea_test_555,0.5,0.3076923076923077,True,completed,5,False,142.72167992591858,ACE
oea_test_113,0.5,0.26666666666666666,True,completed,11,False,302.5822603702545,ACE
oea_test_792,0.6666666666666666,0.42857142857142855,True,completed,11,False,292.85241174697876,ACE
oea_test_701,0.7499999999999999,0.8,True,completed,6,False,232.43508505821228,ACE
oea_test_1142,0.8,0.6666666666666666,True,completed,4,True,275.85661697387695,ACE
oea_test_712,0.7499999999999999,0.8,True,completed,6,False,182.44643783569336,ACE
oea_test_524,1.0,1.0,True,completed,4,False,170.25215673446655,ACE
oea_test_180,0.7499999999999999,0.47058823529411764,True,completed,13,True,466.0761933326721,ACE
oea_test_56,0.6,0.3809523809523809,False,failed,15,True,637.6576998233795,ACE
oea_test_1112,0.7692307692307693,0.6,True,completed,14,True,348.1741132736206,ACE
oea_test_797,0.75,0.8000000000000002,True,completed,5,False,213.25833249092102,ACE
oea_test_716,0.75,0.8000000000000002,True,completed,5,False,96.59363865852356,ACE
oea_test_380,0.8571428571428571,0.888888888888889,True,completed,5,False,176.84273266792297,ACE
oea_test_39,0.3333333333333333,0.18181818181818182,True,completed,8,False,285.285608291626,ACE
oea_test_1161,0.7499999999999999,0.6666666666666666,True,completed,6,False,179.1444067955017,ACE
oea_test_284,0.5714285714285715,0.3636363636363636,True,completed,6,False,114.56583666801453,ACE
oea_test_521,1.0,1.0,True,completed,4,False,93.31238889694214,ACE
oea_test_43,1.0,1.0,True,completed,3,False,99.27784323692322,ACE
oea_test_585,0.7499999999999999,0.7272727272727273,True,completed,7,False,200.10168433189392,ACE
oea_test_1128,0.5,0.25,True,completed,4,True,1070.8690371513367,ACE
oea_test_756,1.0,0.8,True,completed,6,False,270.0592882633209,ACE
oea_test_136,1.0,1.0,True,completed,4,False,197.39561486244202,ACE
oea_test_833,0.8571428571428571,0.888888888888889,True,completed,5,False,141.40623259544373,ACE
oea_test_586,0.8571428571428571,0.888888888888889,True,completed,5,False,123.16712212562561,ACE
oea_test_268,1.0,1.0,True,completed,4,False,179.46197390556335,ACE
oea_test_66,0.4,0.3333333333333333,True,completed,3,False,138.32822942733765,ACE
oea_test_142,0.5714285714285715,0.2857142857142857,True,completed,5,False,111.5240957736969,ACE
oea_test_973,0.5,0.5714285714285715,True,completed,4,True,146.64892625808716,ACE
oea_test_371,0.3333333333333333,0.2,True,completed,8,True,246.2750232219696,ACE
oea_test_212,0.8571428571428571,0.888888888888889,True,completed,5,False,182.03860187530518,ACE
oea_test_597,0.8571428571428571,0.888888888888889,True,completed,5,False,201.11417198181152,ACE
oea_test_655,0.8571428571428571,0.8571428571428571,True,completed,4,False,137.0613305568695,ACE
oea_test_805,0.5714285714285715,0.6153846153846153,True,completed,7,False,197.84547519683838,ACE
oea_test_8,1.0,1.0,True,completed,4,False,170.71775007247925,ACE
oea_test_37,0.0,0.0,False,completed,1,False,54.61261224746704,ACE
oea_test_714,0.6666666666666666,0.5,True,completed,9,False,155.6856918334961,ACE
oea_test_403,0.4,0.28571428571428575,True,completed,3,False,96.34329533576965,ACE
oea_test_432,0.5,0.28571428571428575,True,completed,2,False,86.10834527015686,ACE
oea_test_353,1.0,1.0,True,completed,2,False,65.74431943893433,ACE
oea_test_758,0.8571428571428571,0.42857142857142855,True,completed,11,False,297.2358965873718,ACE
oea_test_686,0.8571428571428571,0.6153846153846153,True,completed,9,True,340.0343608856201,ACE
oea_test_785,1.0,0.8,True,completed,9,False,294.6614820957184,ACE
oea_test_574,0.5,0.1818181818181818,True,completed,2,False,34.797823905944824,ACE
oea_test_858,1.0,1.0,True,completed,5,False,199.83625984191895,ACE
oea_test_1158,0.8571428571428571,0.888888888888889,True,completed,5,False,151.48658514022827,ACE
oea_test_258,0.8571428571428571,0.4615384615384615,True,completed,10,False,337.4671325683594,ACE
oea_test_156,0.8571428571428571,0.888888888888889,True,completed,5,False,166.29750394821167,ACE
oea_test_222,0.8571428571428571,0.7272727272727273,True,completed,7,True,256.8935627937317,ACE
oea_test_391,0.8571428571428571,0.888888888888889,True,completed,5,False,179.64882373809814,ACE
oea_test_1163,0.8571428571428571,0.888888888888889,True,completed,5,False,149.40494561195374,ACE
oea_test_542,1.0,0.888888888888889,True,completed,5,True,164.4584515094757,ACE
oea_test_625,0.0,0.0,False,completed,3,False,120.58779859542847,ACE
oea_test_1135,0.8571428571428571,0.888888888888889,True,completed,5,False,164.43010544776917,ACE
oea_test_256,0.8571428571428571,0.888888888888889,True,completed,5,False,143.10231065750122,ACE
oea_test_7,1.0,1.0,True,completed,4,False,131.3399679660797,ACE
oea_test_1028,0.4,0.28571428571428575,True,completed,3,False,46.58542585372925,ACE
oea_test_877,0.8571428571428571,0.5,True,completed,9,False,310.95974707603455,ACE
oea_test_818,1.0,1.0,True,completed,4,False,176.44341802597046,ACE
oea_test_935,0.8571428571428571,0.888888888888889,True,completed,5,False,225.67464017868042,ACE
oea_test_1148,0.8,0.5454545454545454,True,completed,4,False,117.75247287750244,ACE
oea_test_829,0.4444444444444445,0.2,False,failed,15,True,357.21735858917236,ACE
oea_test_168,0.6666666666666666,0.47619047619047616,False,failed,15,False,389.2130858898163,ACE
oea_test_1,1.0,1.0,True,completed,2,False,65.25208044052124,ACE
oea_test_309,0.6666666666666666,0.5,True,completed,1,False,64.74259853363037,ACE
oea_test_737,1.0,1.0,True,completed,4,False,140.88231873512268,ACE
oea_test_644,0.6666666666666666,0.4,True,completed,3,False,128.8122000694275,ACE
oea_test_508,0.4,0.3333333333333333,True,completed,4,False,146.9010193347931,ACE
oea_test_871,1.0,1.0,True,completed,4,False,130.01006317138672,ACE
oea_test_503,1.0,1.0,True,completed,2,False,65.7974259853363,ACE
oea_test_279,1.0,1.0,True,completed,4,False,181.02417302131653,ACE
oea_test_1094,0.7499999999999999,0.7272727272727273,True,completed,7,False,150.3838074207306,ACE
oea_test_650,0.8571428571428571,0.888888888888889,True,completed,5,False,172.9951479434967,ACE
oea_test_423,0.8571428571428571,0.888888888888889,True,completed,5,False,162.45330905914307,ACE
oea_test_920,0.8571428571428571,0.888888888888889,True,completed,5,False,162.7493097782135,ACE
oea_test_352,0.4,0.3333333333333333,True,completed,2,False,55.341439723968506,ACE
oea_test_394,0.8571428571428571,0.888888888888889,True,completed,5,False,186.31111001968384,ACE
oea_test_546,0.75,0.8000000000000002,True,completed,5,False,210.54943799972534,ACE
oea_test_321,0.8571428571428571,0.888888888888889,True,completed,5,False,181.10849738121033,ACE
oea_test_124,0.8571428571428571,0.8,True,completed,6,False,213.93680357933044,ACE
oea_test_603,0.8571428571428571,0.5714285714285715,True,completed,10,True,516.9165332317352,ACE
oea_test_338,0.28571428571428575,0.1,False,failed,15,False,467.41796350479126,ACE
oea_test_458,0.5714285714285715,0.4444444444444445,True,completed,7,False,145.95828080177307,ACE
oea_test_324,0.7499999999999999,0.8,True,completed,6,False,158.86008524894714,ACE
oea_test_346,0.6666666666666666,0.3333333333333333,True,completed,3,False,116.76885771751404,ACE
oea_test_1137,0.6666666666666666,0.6666666666666666,True,completed,6,False,98.06740808486938,ACE
oea_test_708,0.7272727272727272,0.4,False,failed,15,True,396.63476610183716,ACE
oea_test_924,0.7499999999999999,0.4615384615384615,True,completed,7,False,227.74608731269836,ACE
oea_test_1150,1.0,1.0,True,completed,4,False,103.10159206390381,ACE
oea_test_254,0.8,0.6666666666666666,True,completed,3,False,85.30784511566162,ACE
oea_test_547,0.4,0.5714285714285715,True,completed,4,False,148.9509632587433,ACE
oea_test_964,0.7499999999999999,0.8,True,completed,6,False,194.02806401252747,ACE
oea_test_105,1.0,1.0,True,completed,2,False,72.97049593925476,ACE
oea_test_378,1.0,1.0,True,completed,4,False,152.74373030662537,ACE
oea_test_260,0.6666666666666666,0.6,True,completed,7,False,207.21733260154724,ACE
oea_test_1036,1.0,1.0,True,completed,4,False,107.03887104988098,ACE
oea_test_300,0.888888888888889,0.9090909090909091,True,completed,5,False,178.14632320404053,ACE
oea_test_151,0.4,0.3333333333333333,True,completed,2,False,58.59625458717346,ACE
oea_test_441,0.6,0.5,True,completed,14,False,471.72161316871643,ACE
oea_test_348,1.0,0.7499999999999999,True,completed,5,False,168.65012979507446,ACE
oea_test_350,1.0,1.0,True,completed,4,False,175.79557371139526,ACE
oea_test_694,0.6666666666666666,0.4210526315789474,False,failed,15,True,388.94976258277893,ACE
oea_test_962,0.8,0.888888888888889,True,completed,4,False,143.2378225326538,ACE
oea_test_253,0.5,0.5,True,completed,2,False,132.21127557754517,ACE
oea_test_970,0.4,0.4,True,completed,3,False,107.89517569541931,ACE
oea_test_934,0.75,0.7272727272727272,True,completed,6,False,186.34835386276245,ACE
oea_test_435,0.6666666666666666,0.6666666666666666,True,completed,4,False,137.61308670043945,ACE
oea_test_465,0.4,0.4,True,completed,3,False,111.01254749298096,ACE
oea_test_687,0.7499999999999999,0.6153846153846153,True,completed,9,False,287.3402717113495,ACE
oea_test_464,0.4,0.36363636363636365,True,completed,8,False,237.36080169677734,ACE
oea_test_146,0.7499999999999999,0.7272727272727273,True,completed,7,True,144.66531372070312,ACE
oea_test_977,1.0,1.0,True,completed,5,False,191.5352132320404,ACE
oea_test_695,0.8571428571428571,0.6153846153846153,True,completed,9,True,323.2976186275482,ACE
oea_test_15,0.8571428571428571,0.888888888888889,True,completed,5,False,157.32531452178955,ACE
oea_test_729,0.3333333333333333,0.2222222222222222,False,failed,15,False,491.21614623069763,ACE
oea_test_748,0.8571428571428571,0.888888888888889,True,completed,5,False,166.55285906791687,ACE
oea_test_29,0.6666666666666666,0.6666666666666666,True,completed,3,False,113.7179012298584,ACE
oea_test_641,0.7499999999999999,0.7272727272727273,True,completed,7,True,213.5953767299652,ACE
oea_test_768,0.8571428571428571,0.5454545454545454,True,completed,4,False,153.67316818237305,ACE
oea_test_343,1.0,1.0,True,completed,2,False,87.91078233718872,ACE
oea_test_157,1.0,1.0,True,completed,2,False,46.66158056259155,ACE
oea_test_864,0.7499999999999999,0.8,True,completed,6,False,208.04546189308167,ACE
oea_test_278,0.8571428571428571,0.888888888888889,True,completed,5,False,184.00997257232666,ACE
oea_test_1131,1.0,1.0,True,completed,2,False,59.8402681350708,ACE
oea_test_271,1.0,1.0,True,completed,4,False,182.09063482284546,ACE
oea_test_610,0.8571428571428571,0.888888888888889,True,completed,5,False,135.5463535785675,ACE
oea_test_917,0.6,0.5714285714285715,True,completed,10,True,231.180584192276,ACE
oea_test_722,0.8571428571428571,0.7272727272727273,True,completed,7,False,222.5944344997406,ACE
oea_test_1162,1.0,0.888888888888889,True,completed,5,False,140.87615251541138,ACE
oea_test_197,0.8,0.5714285714285715,True,completed,5,False,76.98096442222595,ACE
oea_test_174,0.6666666666666666,0.30769230769230765,True,completed,10,False,329.07467126846313,ACE
oea_test_137,1.0,1.0,True,completed,7,False,238.5102767944336,ACE
oea_test_844,1.0,1.0,True,completed,4,False,86.49443507194519,ACE
oea_test_251,1.0,0.8,True,completed,2,False,35.34778022766113,ACE
oea_test_813,0.8571428571428571,0.8,True,completed,6,True,215.57064700126648,ACE
oea_test_413,0.8571428571428571,0.888888888888889,True,completed,5,False,210.414897441864,ACE
oea_test_949,0.8571428571428571,0.888888888888889,True,completed,5,False,190.70837020874023,ACE
oea_test_1043,0.8,0.7499999999999999,True,completed,3,False,65.29204845428467,ACE
oea_test_198,0.0,0.0,False,completed,7,False,187.3118691444397,ACE
oea_test_1058,1.0,1.0,True,completed,4,False,175.10303688049316,ACE
oea_test_185,0.7499999999999999,0.8,True,completed,6,False,229.97141814231873,ACE
oea_test_275,0.7499999999999999,0.6153846153846153,True,completed,9,False,351.7167730331421,ACE
oea_test_433,0.5,0.3333333333333333,True,completed,4,False,149.387788772583,ACE
oea_test_1164,0.8,0.6666666666666666,True,completed,3,False,114.3615562915802,ACE
oea_test_875,0.8571428571428571,0.8,True,completed,6,False,171.20626425743103,ACE
oea_test_216,1.0,0.8,True,completed,2,False,71.6097469329834,ACE
oea_test_476,1.0,1.0,True,completed,4,False,177.43046951293945,ACE
oea_test_1096,0.8571428571428571,0.888888888888889,True,completed,5,False,121.40213823318481,ACE
oea_test_1068,0.75,0.8000000000000002,True,completed,5,False,208.37261581420898,ACE
oea_test_899,0.8571428571428571,0.888888888888889,True,completed,5,False,174.69386219978333,ACE
oea_test_488,0.75,0.8000000000000002,True,completed,5,False,196.18208718299866,ACE
oea_test_897,0.5,0.6666666666666666,True,completed,3,False,116.14379739761353,ACE
oea_test_209,0.7692307692307693,0.6666666666666666,True,completed,12,True,325.6067900657654,ACE
oea_test_971,1.0,0.8333333333333333,True,completed,7,False,239.79948043823242,ACE
oea_test_1060,0.8571428571428571,0.888888888888889,True,completed,5,False,178.06698346138,ACE
oea_test_961,0.6666666666666666,0.7272727272727273,True,completed,7,False,244.90291333198547,ACE
oea_test_683,0.22222222222222224,0.10526315789473685,False,failed,15,False,480.1092863082886,ACE
oea_test_600,1.0,1.0,True,completed,4,False,145.66521859169006,ACE
oea_test_392,0.6666666666666666,0.8333333333333334,True,completed,6,False,186.5301194190979,ACE
oea_test_397,0.6666666666666666,0.8,True,completed,2,False,63.70460367202759,ACE
oea_test_19,0.25,0.125,True,completed,13,False,411.0181906223297,ACE
oea_test_873,0.6666666666666666,0.31578947368421056,False,failed,15,True,888.2052619457245,ACE
oea_test_82,0.4444444444444444,0.2,False,failed,15,False,445.2011525630951,ACE
oea_test_677,1.0,0.5714285714285715,True,completed,3,False,62.71006155014038,ACE
oea_test_724,0.8,0.2105263157894737,False,failed,15,False,475.7749330997467,ACE
oea_test_1160,1.0,1.0,True,completed,4,False,132.30164241790771,ACE
oea_test_244,1.0,1.0,True,completed,2,False,76.78636360168457,ACE
oea_test_376,0.4444444444444445,0.36363636363636365,True,completed,7,False,172.76558780670166,ACE
oea_test_577,0.33333333333333337,0.5,True,completed,6,False,229.0962781906128,ACE
oea_test_884,0.0,0.0,False,completed,5,False,181.06846833229065,ACE
oea_test_1092,0.5,0.4,False,failed,15,True,729.4220373630524,ACE
oea_test_220,1.0,1.0,True,completed,4,False,138.45680236816406,ACE
oea_test_643,0.8571428571428571,0.888888888888889,True,completed,5,False,179.28408408164978,ACE
oea_test_225,0.8571428571428571,0.8,True,completed,6,False,230.5417721271515,ACE
oea_test_132,0.7499999999999999,0.8,True,completed,6,False,190.48777389526367,ACE
oea_test_931,0.0,0.0,False,completed,2,False,68.77328658103943,ACE
oea_test_906,0.2222222222222222,0.15384615384615383,True,completed,10,False,324.27063274383545,ACE
oea_test_974,1.0,1.0,True,completed,4,False,171.37978768348694,ACE
oea_test_203,0.4,0.3333333333333333,True,completed,4,False,122.34748315811157,ACE
oea_test_649,0.8571428571428571,0.888888888888889,True,completed,5,False,158.4627718925476,ACE
oea_test_827,0.8571428571428571,0.888888888888889,True,completed,5,False,176.59549617767334,ACE
oea_test_784,0.7499999999999999,0.7272727272727273,True,completed,7,False,204.02245807647705,ACE
oea_test_787,1.0,1.0,True,completed,4,False,129.66534233093262,ACE
oea_test_572,0.8,0.5714285714285715,True,completed,3,False,73.97338557243347,ACE
oea_test_207,0.7499999999999999,0.8,True,completed,6,False,162.35333895683289,ACE
oea_test_883,1.0,1.0,True,completed,7,False,147.07739639282227,ACE
oea_test_1078,0.28571428571428575,0.10526315789473685,False,failed,15,True,876.3642795085907,ACE
oea_test_882,0.5714285714285715,0.3809523809523809,False,failed,15,False,454.8000054359436,ACE
oea_test_1075,0.4444444444444445,0.25000000000000006,True,completed,11,False,291.664746761322,ACE
oea_test_425,0.8571428571428571,0.7368421052631579,True,completed,12,True,194.3442416191101,ACE
oea_test_329,0.8571428571428571,0.6666666666666666,True,completed,8,True,206.98217463493347,ACE
oea_test_453,0.4,0.631578947368421,True,completed,12,False,235.09008836746216,ACE
oea_test_70,0.3333333333333333,0.28571428571428575,True,completed,4,False,181.21645402908325,ACE
oea_test_490,0.6666666666666666,0.5454545454545454,True,completed,8,False,264.34050011634827,ACE
oea_test_505,1.0,1.0,True,completed,4,False,178.2107503414154,ACE
oea_test_820,0.5714285714285715,0.2105263157894737,False,failed,15,False,506.8991928100586,ACE
oea_test_561,0.7499999999999999,0.6666666666666666,True,completed,8,True,278.24651074409485,ACE
oea_test_59,0.8,0.6153846153846153,True,completed,9,False,196.20053148269653,ACE
oea_test_341,0.3333333333333333,0.25,True,completed,5,False,175.33576202392578,ACE
oea_test_223,0.3333333333333333,0.3,False,failed,15,False,401.0353364944458,ACE
oea_test_707,1.0,1.0,True,completed,2,False,79.89383912086487,ACE
oea_test_6,1.0,1.0,True,completed,4,False,173.60390043258667,ACE
oea_test_345,0.8571428571428571,0.888888888888889,True,completed,5,False,189.6682538986206,ACE
oea_test_898,0.8571428571428571,0.8,True,completed,6,False,208.67051696777344,ACE
oea_test_709,0.5714285714285715,0.31578947368421056,False,failed,15,True,652.3795118331909,ACE
oea_test_772,0.5,0.3333333333333333,True,completed,2,False,84.65122532844543,ACE
oea_test_1154,0.4,0.7142857142857143,True,completed,7,False,143.34525775909424,ACE
oea_test_317,1.0,0.6666666666666666,True,completed,8,True,915.4637348651886,ACE
oea_test_922,0.0,0.0,False,completed,1,False,52.26137852668762,ACE
oea_test_1061,0.2857142857142857,0.18181818181818182,True,completed,10,False,298.7805278301239,ACE
oea_test_564,1.0,1.0,True,completed,4,False,185.83273220062256,ACE
oea_test_117,0.8571428571428571,0.888888888888889,True,completed,5,False,211.75322365760803,ACE
oea_test_240,0.3333333333333333,0.14285714285714285,True,completed,9,False,294.810005903244,ACE
oea_test_135,0.8,0.8571428571428571,True,completed,4,False,111.99120497703552,ACE
oea_test_304,0.7499999999999999,0.7272727272727273,True,completed,7,True,227.77223563194275,ACE
oea_test_421,0.7499999999999999,0.7272727272727273,True,completed,7,True,236.07692098617554,ACE
oea_test_379,0.8,0.6666666666666666,True,completed,4,False,144.48068380355835,ACE
oea_test_3,0.7499999999999999,0.8,True,completed,6,True,252.17180848121643,ACE
oea_test_642,0.7499999999999999,0.6153846153846153,True,completed,9,True,295.43441367149353,ACE
oea_test_1059,0.5,0.3076923076923077,True,completed,11,False,395.64337158203125,ACE
oea_test_664,0.8,0.5714285714285715,True,completed,5,False,147.23204135894775,ACE
oea_test_932,0.8571428571428571,0.888888888888889,True,completed,5,False,217.0490791797638,ACE
oea_test_859,1.0,0.8,True,completed,3,False,90.58632111549377,ACE
oea_test_1013,0.0,0.0,False,completed,5,False,147.1935133934021,ACE
oea_test_202,0.8571428571428571,0.888888888888889,True,completed,5,False,190.9306399822235,ACE
oea_test_97,0.888888888888889,0.9333333333333333,True,completed,8,False,272.8335597515106,ACE
oea_test_248,1.0,1.0,True,completed,7,False,154.73861861228943,ACE
oea_test_1134,0.8,0.6666666666666666,True,completed,3,False,34.6726016998291,ACE
oea_test_1111,1.0,1.0,True,completed,4,False,99.24726438522339,ACE
oea_test_14,0.6666666666666666,0.6,True,completed,7,False,214.9602108001709,ACE
oea_test_823,1.0,0.8571428571428571,True,completed,4,False,80.38904213905334,ACE
oea_test_101,0.3333333333333333,0.22222222222222224,True,completed,5,False,160.34799718856812,ACE
oea_test_601,0.8571428571428571,0.888888888888889,True,completed,5,False,187.3105800151825,ACE
oea_test_1074,0.5714285714285715,0.3333333333333333,True,completed,5,False,199.74739241600037,ACE
oea_test_81,0.6666666666666666,0.6666666666666666,True,completed,3,False,94.82069754600525,ACE
oea_test_1104,0.8571428571428571,0.888888888888889,True,completed,5,False,103.62591314315796,ACE
oea_test_730,0.8571428571428571,0.888888888888889,True,completed,5,False,173.86625337600708,ACE
oea_test_1167,0.8571428571428571,0.888888888888889,True,completed,5,False,172.56602239608765,ACE
oea_test_1025,0.5714285714285715,0.31578947368421056,False,failed,15,True,1307.8941085338593,ACE
oea_test_940,0.7499999999999999,0.7272727272727273,True,completed,7,False,233.5351893901825,ACE
oea_test_122,1.0,1.0,True,completed,4,False,168.92888188362122,ACE
oea_test_28,0.5714285714285715,0.3809523809523809,False,failed,15,True,610.1599307060242,ACE
oea_test_323,0.8,0.6666666666666666,True,completed,3,False,78.20145630836487,ACE
oea_test_1065,0.8571428571428571,0.888888888888889,True,completed,5,False,194.94365668296814,ACE
oea_test_727,0.3333333333333333,0.2,True,completed,6,False,192.1556658744812,ACE
oea_test_933,1.0,0.5454545454545454,True,completed,6,False,205.86645531654358,ACE
oea_test_167,0.3333333333333333,0.2,False,failed,15,False,509.5692663192749,ACE
oea_test_1108,0.4444444444444445,0.33333333333333337,True,completed,10,True,345.1950430870056,ACE
oea_test_995,0.28571428571428575,0.2,True,completed,6,False,277.81025433540344,ACE
oea_test_273,0.0,0.0,False,completed,4,False,141.14430236816406,ACE
oea_test_901,0.8571428571428571,0.888888888888889,True,completed,5,False,175.07512855529785,ACE
oea_test_569,0.8571428571428571,0.888888888888889,True,completed,5,False,155.86638617515564,ACE
oea_test_89,0.7499999999999999,0.8,True,completed,6,True,197.2731592655182,ACE
oea_test_596,0.6666666666666666,0.6153846153846153,True,completed,9,False,265.5908102989197,ACE
oea_test_416,0.6666666666666666,0.4210526315789474,False,failed,15,True,483.8216185569763,ACE
oea_test_1073,0.25,0.1,False,failed,15,False,569.4777572154999,ACE
oea_test_782,0.0,0.0,False,completed,5,False,178.55329251289368,ACE
oea_test_534,0.8571428571428571,0.888888888888889,True,completed,5,False,180.41451978683472,ACE
oea_test_958,0.3333333333333333,0.22222222222222224,True,completed,4,False,153.25992798805237,ACE
oea_test_85,1.0,0.8333333333333333,True,completed,7,False,225.2976996898651,ACE
oea_test_1138,0.7499999999999999,0.6153846153846153,True,completed,9,True,754.2856616973877,ACE
oea_test_408,0.8,0.8333333333333333,True,completed,7,False,232.9067680835724,ACE
oea_test_645,0.6666666666666666,0.5,True,completed,3,False,98.95915865898132,ACE
oea_test_280,1.0,1.0,True,completed,4,False,180.06546664237976,ACE
oea_test_262,0.8571428571428571,0.5714285714285715,True,completed,10,True,326.77099084854126,ACE
oea_test_315,1.0,1.0,True,completed,4,False,166.0242133140564,ACE
oea_test_870,0.4,0.1,False,failed,15,False,552.6583063602448,ACE
oea_test_1110,0.5,0.6666666666666666,True,completed,3,True,172.13074946403503,ACE
oea_test_501,0.3333333333333333,0.2222222222222222,True,completed,6,True,141.7111837863922,ACE
oea_test_533,1.0,1.0,True,completed,4,False,168.54286003112793,ACE
oea_test_1133,0.7499999999999999,0.8,True,completed,6,False,178.1364049911499,ACE
oea_test_510,0.7499999999999999,0.5714285714285715,True,completed,10,True,801.2163009643555,ACE
oea_test_876,0.3333333333333333,0.7,True,completed,10,False,185.92976593971252,ACE
oea_test_740,0.8571428571428571,0.888888888888889,True,completed,5,False,178.69460701942444,ACE
oea_test_660,0.7499999999999999,0.8,True,completed,6,False,220.6842451095581,ACE
oea_test_249,0.7499999999999999,0.6153846153846153,True,completed,9,True,227.90013337135315,ACE
oea_test_102,0.3333333333333333,0.11764705882352941,False,failed,15,False,495.02142000198364,ACE
oea_test_1046,1.0,1.0,True,completed,4,False,167.537837266922,ACE
oea_test_568,0.5714285714285715,0.4444444444444444,True,completed,6,False,199.44540691375732,ACE
oea_test_381,1.0,0.888888888888889,True,completed,5,True,196.50689578056335,ACE
oea_test_219,0.5,0.4,True,completed,2,False,82.9686541557312,ACE
oea_test_369,0.5,0.36363636363636365,True,completed,7,False,251.55229997634888,ACE
oea_test_205,0.7499999999999999,0.6666666666666666,True,completed,8,True,636.5597593784332,ACE
oea_test_702,0.8571428571428571,0.5,True,completed,12,True,668.8183023929596,ACE
oea_test_429,0.25,0.09090909090909091,False,failed,15,False,458.991824388504,ACE
oea_test_23,0.4,0.28571428571428575,True,completed,5,False,201.63136959075928,ACE
oea_test_759,0.8571428571428571,0.888888888888889,True,completed,5,False,221.95505499839783,ACE
oea_test_436,0.5714285714285715,0.39999999999999997,True,completed,11,False,391.76031613349915,ACE
oea_test_1109,0.8571428571428571,0.888888888888889,True,completed,5,False,116.34984087944031,ACE
oea_test_372,0.5714285714285715,0.4,True,completed,8,False,301.4963586330414,ACE
oea_test_127,0.8571428571428571,0.888888888888889,True,completed,5,False,192.72223114967346,ACE
oea_test_349,1.0,1.0,True,completed,5,False,195.01404476165771,ACE
oea_test_667,0.5714285714285715,0.3636363636363636,True,completed,9,True,319.4451403617859,ACE
oea_test_652,0.6666666666666666,0.6666666666666665,True,completed,5,False,136.25745058059692,ACE
oea_test_531,0.0,0.0,False,completed,2,False,81.2524106502533,ACE
oea_test_1107,0.5,0.5,True,completed,2,False,49.61989712715149,ACE
oea_test_860,1.0,1.0,True,completed,5,False,215.8047697544098,ACE
oea_test_678,0.888888888888889,0.8333333333333334,True,completed,6,False,252.8416712284088,ACE
oea_test_1165,0.6666666666666666,0.4615384615384615,True,completed,10,False,307.88529992103577,ACE
oea_test_865,0.75,0.6666666666666666,True,completed,7,True,257.51644825935364,ACE
oea_test_120,0.7499999999999999,0.5714285714285715,True,completed,10,True,300.3284909725189,ACE
oea_test_298,0.8571428571428571,0.6666666666666666,True,completed,8,True,354.84763503074646,ACE
oea_test_77,0.7499999999999999,0.4210526315789474,False,failed,15,True,390.31929540634155,ACE
oea_test_657,0.5,0.25,True,completed,6,False,238.5567033290863,ACE
oea_test_1002,0.8571428571428571,0.888888888888889,True,completed,5,False,130.38809394836426,ACE
oea_test_292,0.8571428571428571,0.8,True,completed,6,True,227.25942707061768,ACE
oea_test_839,0.25,0.09090909090909091,False,failed,15,False,336.3771216869354,ACE
oea_test_1017,0.8571428571428571,0.888888888888889,True,completed,5,False,188.9307370185852,ACE
oea_test_232,0.8571428571428571,0.888888888888889,True,completed,4,False,124.91889595985413,ACE
oea_test_1141,0.4444444444444445,0.4444444444444445,True,completed,7,True,676.2299110889435,ACE
oea_test_358,1.0,1.0,True,completed,4,False,139.57417058944702,ACE
oea_test_290,0.75,0.8000000000000002,True,completed,5,False,172.6278157234192,ACE
oea_test_283,0.36363636363636365,0.2222222222222222,False,failed,15,True,404.2390522956848,ACE
oea_test_1114,0.8571428571428571,0.8,True,completed,6,True,219.18036794662476,ACE
oea_test_374,0.8,0.4,True,completed,2,False,62.89191651344299,ACE
oea_test_665,0.8,0.6666666666666666,True,completed,3,False,95.25848698616028,ACE
oea_test_11,0.7499999999999999,0.8,True,completed,6,False,240.53079199790955,ACE
oea_test_1007,1.0,1.0,True,completed,2,False,57.38880491256714,ACE
oea_test_553,1.0,1.0,True,completed,4,False,138.62821912765503,ACE
oea_test_928,0.8571428571428571,0.888888888888889,True,completed,5,False,185.66621327400208,ACE
oea_test_565,0.0,0.0,False,completed,2,False,51.90241026878357,ACE
oea_test_956,0.8571428571428571,0.888888888888889,True,completed,5,False,193.1990897655487,ACE
oea_test_92,0.8571428571428571,0.888888888888889,True,completed,5,False,194.98546433448792,ACE
oea_test_993,0.7499999999999999,0.7272727272727273,True,completed,7,False,190.24789810180664,ACE
oea_test_356,0.5,0.4,True,completed,7,False,292.6594731807709,ACE
oea_test_831,0.7499999999999999,0.6666666666666666,True,completed,8,False,230.72052717208862,ACE
oea_test_908,0.5454545454545454,0.3,False,failed,15,False,373.96880078315735,ACE
oea_test_630,0.6666666666666666,0.7142857142857143,True,completed,9,False,290.4288387298584,ACE
oea_test_801,0.5,0.3636363636363636,True,completed,9,False,316.08422803878784,ACE
oea_test_872,0.8571428571428571,0.888888888888889,True,completed,5,False,152.44993448257446,ACE
oea_test_817,0.8571428571428571,0.888888888888889,True,completed,5,False,209.31433296203613,ACE
oea_test_1117,0.8,0.8,True,completed,3,False,97.55276203155518,ACE
oea_test_979,0.4444444444444444,0.25,True,completed,10,False,329.90620946884155,ACE
oea_test_246,0.0,0.0,False,completed,4,False,70.53775787353516,ACE
oea_test_1054,0.888888888888889,0.8571428571428571,True,completed,8,True,234.66767644882202,ACE
oea_test_463,0.7499999999999999,0.7272727272727273,True,completed,7,False,272.8317549228668,ACE
oea_test_247,0.8571428571428571,0.888888888888889,True,completed,5,False,174.85715317726135,ACE
oea_test_636,0.8571428571428571,0.8,True,completed,6,False,148.00708079338074,ACE
oea_test_930,0.5,0.3333333333333333,True,completed,2,False,98.31607627868652,ACE
oea_test_744,0.8571428571428571,0.888888888888889,True,completed,5,False,178.1422040462494,ACE
oea_test_1038,0.8571428571428571,0.888888888888889,True,completed,5,False,158.15019369125366,ACE
oea_test_878,1.0,0.4,True,completed,8,False,161.09639954566956,ACE
oea_test_994,0.6666666666666666,0.25,True,completed,3,False,112.92155265808105,ACE
oea_test_840,1.0,1.0,True,completed,4,False,126.34231758117676,ACE
oea_test_295,0.75,0.8000000000000002,True,completed,5,False,211.70248317718506,ACE
oea_test_57,1.0,0.6,True,completed,7,False,221.65461468696594,ACE
oea_test_186,0.6666666666666666,0.4444444444444444,True,completed,6,False,186.39017510414124,ACE
oea_test_814,0.0,0.0,False,completed,2,False,115.42053461074829,ACE
oea_test_1063,0.7499999999999999,0.8,True,completed,6,False,218.8591434955597,ACE
oea_test_355,0.5,0.5,True,completed,2,False,92.02779865264893,ACE
oea_test_138,0.25,0.10526315789473685,False,failed,15,False,491.15514159202576,ACE
oea_test_783,0.4,0.1818181818181818,True,completed,9,False,325.3336136341095,ACE
oea_test_867,1.0,1.0,True,completed,5,False,180.40803980827332,ACE
oea_test_182,0.7499999999999999,0.6666666666666666,True,completed,8,True,246.6604073047638,ACE
oea_test_400,0.8571428571428571,0.8,True,completed,6,True,234.10080122947693,ACE
oea_test_590,0.6666666666666666,0.3529411764705882,True,completed,11,False,281.81802344322205,ACE
oea_test_340,0.8571428571428571,0.888888888888889,True,completed,5,False,192.9834806919098,ACE
oea_test_306,0.7499999999999999,0.8,True,completed,6,False,208.18044066429138,ACE
oea_test_266,1.0,1.0,True,completed,4,False,161.1703588962555,ACE
oea_test_548,0.8571428571428571,0.888888888888889,True,completed,5,False,186.77251982688904,ACE
oea_test_214,0.5,0.25,True,completed,2,False,81.23316884040833,ACE
oea_test_609,0.6666666666666666,0.5,True,completed,1,False,41.27547335624695,ACE
oea_test_1066,0.8571428571428571,0.8,True,completed,6,False,183.28652358055115,ACE
oea_test_780,1.0,1.0,True,completed,4,False,168.6599464416504,ACE
oea_test_335,0.8571428571428571,0.888888888888889,True,completed,5,False,212.29382133483887,ACE
oea_test_475,0.6666666666666666,0.4444444444444445,True,completed,7,False,180.79112601280212,ACE
oea_test_575,0.7499999999999999,0.6666666666666666,True,completed,8,True,214.214186668396,ACE
oea_test_681,0.4,0.3333333333333333,True,completed,4,False,118.93788957595825,ACE
oea_test_834,1.0,1.0,True,completed,5,False,157.50909161567688,ACE
oea_test_583,0.8571428571428571,0.888888888888889,True,completed,5,False,129.66046285629272,ACE
oea_test_960,0.8571428571428571,0.888888888888889,True,completed,5,False,189.09356832504272,ACE
oea_test_307,0.8571428571428571,0.888888888888889,True,completed,5,False,186.8129017353058,ACE
oea_test_1010,0.8571428571428571,0.888888888888889,True,completed,5,False,187.4517776966095,ACE
oea_test_477,1.0,1.0,True,completed,4,False,144.6475625038147,ACE
oea_test_1001,0.8571428571428571,0.5,True,completed,12,True,874.2023391723633,ACE
oea_test_172,0.8,0.6666666666666666,True,completed,3,False,89.51392865180969,ACE
oea_test_536,0.8,0.4444444444444445,True,completed,7,False,213.36917805671692,ACE
oea_test_399,0.75,0.8000000000000002,True,completed,5,False,202.53620624542236,ACE
oea_test_856,0.5,0.26666666666666666,True,completed,12,False,411.1681890487671,ACE
oea_test_1159,0.5,0.23529411764705882,True,completed,12,False,512.1980400085449,ACE
oea_test_149,1.0,1.0,True,completed,4,False,103.67124581336975,ACE
oea_test_518,0.28571428571428575,0.16666666666666666,True,completed,6,False,187.7807137966156,ACE
oea_test_409,0.5,0.6666666666666665,True,completed,5,False,170.68970799446106,ACE
oea_test_318,0.5,0.5,True,completed,2,False,54.89958596229553,ACE
oea_test_103,0.8571428571428571,0.888888888888889,True,completed,5,False,219.41923809051514,ACE
oea_test_63,0.75,0.8000000000000002,True,completed,5,False,149.59848189353943,ACE
oea_test_710,0.8571428571428571,0.888888888888889,True,completed,5,False,201.82250213623047,ACE
oea_test_239,0.8571428571428571,0.888888888888889,True,completed,5,False,167.4841330051422,ACE
oea_test_73,0.25,0.11764705882352941,False,failed,15,False,556.1609971523285,ACE
oea_test_734,0.0,0.0,False,completed,2,False,51.30707383155823,ACE
oea_test_525,0.8571428571428571,0.888888888888889,True,completed,5,False,161.16754841804504,ACE
oea_test_640,0.8571428571428571,0.8,True,completed,6,True,153.57446837425232,ACE
oea_test_265,0.6666666666666666,0.47058823529411764,True,completed,13,True,373.70549178123474,ACE
oea_test_1101,0.7499999999999999,0.7272727272727273,True,completed,7,True,144.5891330242157,ACE
oea_test_1019,1.0,1.0,True,completed,5,False,179.62477135658264,ACE
oea_test_1051,0.8571428571428571,0.888888888888889,True,completed,5,False,348.9797406196594,ACE
oea_test_319,1.0,0.7499999999999999,True,completed,5,False,102.31362986564636,ACE
oea_test_33,0.75,0.8000000000000002,True,completed,5,False,188.2755262851715,ACE
oea_test_613,0.75,0.8000000000000002,True,completed,5,False,199.1665768623352,ACE
oea_test_879,1.0,0.6153846153846153,True,completed,9,True,904.3737716674805,ACE
oea_test_495,0.5,0.3333333333333333,True,completed,3,False,163.40601682662964,ACE
oea_test_481,0.5714285714285715,0.2222222222222222,False,failed,15,True,391.3961522579193,ACE
oea_test_177,1.0,0.8,True,completed,2,False,85.9346022605896,ACE
oea_test_692,1.0,1.0,True,completed,2,False,26.806206226348877,ACE
oea_test_1105,0.4,0.1818181818181818,True,completed,5,True,260.87317276000977,ACE
oea_test_344,1.0,0.4210526315789474,False,failed,15,True,433.53054571151733,ACE
oea_test_726,1.0,0.7499999999999999,True,completed,5,False,173.16696071624756,ACE
oea_test_169,0.8571428571428571,0.8,True,completed,6,False,218.20753812789917,ACE
oea_test_838,0.0,0.0,False,completed,2,False,53.60998177528381,ACE
oea_test_106,1.0,1.0,True,completed,5,False,155.74067378044128,ACE
oea_test_743,0.0,0.0,False,completed,11,False,350.48881316185,ACE
oea_test_580,0.8,0.5714285714285715,True,completed,4,False,141.22972702980042,ACE
oea_test_51,0.7499999999999999,0.8,True,completed,6,True,194.9071910381317,ACE
oea_test_2,0.5,0.5,True,completed,2,False,55.615070819854736,ACE
oea_test_976,1.0,1.0,True,completed,4,False,171.1872844696045,ACE
oea_test_779,1.0,1.0,True,completed,4,False,166.66506600379944,ACE
oea_test_336,0.8,0.6666666666666666,True,completed,4,False,142.48514699935913,ACE
oea_test_179,1.0,0.75,True,completed,4,False,152.3293797969818,ACE
oea_test_752,1.0,1.0,True,completed,4,False,185.58989596366882,ACE
oea_test_143,1.0,1.0,True,completed,4,False,246.7240719795227,ACE
oea_test_342,0.4,0.4,True,completed,6,False,190.55633306503296,ACE
oea_test_765,1.0,0.8,True,completed,2,False,90.94729614257812,ACE
oea_test_718,0.7499999999999999,0.8,True,completed,6,False,231.6372356414795,ACE
oea_test_832,0.8,0.4210526315789474,False,failed,15,True,1211.5808079242706,ACE
oea_test_675,1.0,1.0,True,completed,4,False,104.48770451545715,ACE
oea_test_160,0.0,0.0,False,completed,3,False,103.15752506256104,ACE
oea_test_228,0.8571428571428571,0.888888888888889,True,completed,5,False,175.17981004714966,ACE
oea_test_721,1.0,1.0,True,completed,4,False,108.51913642883301,ACE
oea_test_1147,0.4,0.5714285714285715,True,completed,4,False,109.00944662094116,ACE
oea_test_527,0.8571428571428571,0.888888888888889,True,completed,5,False,188.32548594474792,ACE
oea_test_991,1.0,1.0,True,completed,4,False,166.85097575187683,ACE
oea_test_854,0.8571428571428571,0.888888888888889,True,completed,5,False,135.75581574440002,ACE
oea_test_35,1.0,1.0,True,completed,3,False,71.85369610786438,ACE
oea_test_454,1.0,1.0,True,completed,4,False,138.3956549167633,ACE
oea_test_953,0.4444444444444445,0.2222222222222222,False,failed,15,False,413.1775403022766,ACE
oea_test_622,0.4,0.6666666666666665,True,completed,5,False,176.8329997062683,ACE
oea_test_517,0.8571428571428571,0.888888888888889,True,completed,5,False,193.1717507839203,ACE
oea_test_936,0.8571428571428571,0.8,True,completed,6,True,206.25941944122314,ACE
oea_test_881,0.5,0.3333333333333333,True,completed,2,False,51.73055863380432,ACE
oea_test_217,0.5714285714285715,0.5,True,completed,9,False,264.680180311203,ACE
oea_test_556,0.8571428571428571,0.888888888888889,True,completed,5,False,109.75898551940918,ACE
oea_test_181,1.0,1.0,True,completed,2,False,87.57017159461975,ACE
oea_test_849,0.8571428571428571,0.888888888888889,True,completed,5,False,162.2654688358307,ACE
oea_test_746,0.8571428571428571,0.888888888888889,True,completed,5,False,204.3359625339508,ACE
oea_test_359,1.0,1.0,True,completed,4,False,122.6377215385437,ACE
oea_test_804,1.0,1.0,True,completed,4,False,138.9135673046112,ACE
oea_test_528,0.0,0.0,False,completed,1,False,81.86913061141968,ACE
oea_test_978,1.0,0.8,True,completed,6,True,236.17603039741516,ACE
oea_test_330,0.5714285714285715,0.4,True,completed,8,False,172.47280597686768,ACE
oea_test_578,0.8571428571428571,0.888888888888889,True,completed,5,False,165.72238850593567,ACE
oea_test_886,0.7499999999999999,0.6666666666666666,True,completed,8,False,174.43153476715088,ACE
oea_test_9,0.8571428571428571,0.888888888888889,True,completed,5,False,170.5592279434204,ACE
oea_test_717,0.8571428571428571,0.888888888888889,True,completed,5,False,178.5751805305481,ACE
oea_test_241,0.8571428571428571,0.888888888888889,True,completed,5,False,173.59546732902527,ACE
oea_test_370,0.28571428571428575,0.09523809523809522,False,failed,15,False,540.1822264194489,ACE
oea_test_989,0.75,0.8000000000000002,True,completed,5,False,210.44139790534973,ACE
oea_test_507,0.8571428571428571,0.888888888888889,True,completed,5,False,182.5925235748291,ACE
oea_test_938,0.0,0.0,False,completed,1,False,52.15248250961304,ACE
oea_test_24,0.4444444444444444,0.3,False,failed,15,False,420.31770420074463,ACE
oea_test_612,0.8571428571428571,0.888888888888889,True,completed,5,False,141.31979751586914,ACE
oea_test_139,0.4000000000000001,0.19047619047619044,False,failed,15,True,1772.2259385585785,ACE
oea_test_560,0.5,0.3333333333333333,True,completed,4,False,130.43158507347107,ACE
oea_test_697,0.8571428571428571,0.888888888888889,True,completed,5,False,168.1684911251068,ACE
oea_test_1020,0.6666666666666666,0.4,True,completed,7,False,256.1564304828644,ACE
oea_test_299,0.4,0.33333333333333337,True,completed,10,False,206.24074149131775,ACE
oea_test_900,1.0,0.888888888888889,True,completed,5,True,210.29011750221252,ACE
oea_test_582,0.6666666666666666,0.7272727272727273,True,completed,7,True,195.83018898963928,ACE
oea_test_230,0.7499999999999999,0.8,True,completed,6,False,255.03748059272766,ACE
oea_test_406,0.8571428571428571,0.7272727272727273,True,completed,7,False,233.91362810134888,ACE
oea_test_599,0.5,0.36363636363636365,False,failed,15,False,528.3143198490143,ACE
oea_test_557,0.5714285714285715,0.4444444444444445,True,completed,5,False,148.66235327720642,ACE
oea_test_128,0.6666666666666666,0.4210526315789474,False,failed,15,True,478.5150330066681,ACE
oea_test_760,0.8571428571428571,0.888888888888889,True,completed,5,False,193.41968202590942,ACE
oea_test_685,0.8571428571428571,0.888888888888889,True,completed,5,False,161.997211933136,ACE
oea_test_506,0.8571428571428571,0.888888888888889,True,completed,5,False,223.97264051437378,ACE
oea_test_1024,0.7499999999999999,0.8,True,completed,6,False,193.5015993118286,ACE
oea_test_161,0.8571428571428571,0.888888888888889,True,completed,5,False,162.345844745636,ACE
oea_test_384,0.7499999999999999,0.8,True,completed,6,True,204.7313756942749,ACE
oea_test_398,1.0,1.0,True,completed,3,False,79.11833310127258,ACE
oea_test_811,0.8,0.5714285714285715,True,completed,4,False,124.55167317390442,ACE
oea_test_747,1.0,0.8,True,completed,3,False,99.4804961681366,ACE
oea_test_1049,0.8571428571428571,0.888888888888889,True,completed,5,False,144.65696954727173,ACE
oea_test_1044,0.8571428571428571,0.888888888888889,True,completed,5,False,116.15316033363342,ACE
oea_test_302,0.6666666666666666,0.5,True,completed,12,False,398.2857856750488,ACE
oea_test_637,0.8571428571428571,0.5714285714285715,True,completed,10,True,556.8057715892792,ACE
oea_test_211,1.0,1.0,True,completed,4,False,88.43313717842102,ACE
oea_test_775,1.0,1.0,True,completed,4,False,126.4447717666626,ACE
oea_test_511,0.6666666666666666,0.5,True,completed,5,False,85.9508101940155,ACE
oea_test_493,1.0,1.0,True,completed,4,False,155.74012899398804,ACE
oea_test_468,0.7499999999999999,0.8,True,completed,6,True,177.95952796936035,ACE
oea_test_36,0.6666666666666666,0.8,True,completed,3,False,137.878169298172,ACE
oea_test_31,1.0,1.0,True,completed,5,False,189.76656913757324,ACE
oea_test_366,1.0,1.0,True,completed,4,False,100.27670550346375,ACE
oea_test_107,0.75,0.8000000000000002,True,completed,5,False,185.40922737121582,ACE
oea_test_267,0.4,0.10526315789473685,False,failed,15,False,450.9386410713196,ACE
oea_test_460,0.8571428571428571,0.888888888888889,True,completed,5,False,113.04837083816528,ACE
oea_test_1023,0.8571428571428571,0.888888888888889,True,completed,5,False,189.61326241493225,ACE
oea_test_623,0.25,0.14285714285714288,True,completed,10,False,309.44370341300964,ACE
oea_test_755,0.8,0.2,False,failed,15,False,457.21353578567505,ACE
oea_test_5,0.8571428571428571,0.7499999999999999,True,completed,5,False,128.9277467727661,ACE
oea_test_58,0.8571428571428571,0.888888888888889,True,completed,4,False,138.25541138648987,ACE
oea_test_606,0.8,0.6666666666666666,True,completed,2,False,27.303444862365723,ACE
oea_test_918,1.0,0.8750000000000001,True,completed,9,False,194.15819430351257,ACE
oea_test_778,0.0,0.0,False,completed,1,False,34.6349401473999,ACE
oea_test_944,0.7499999999999999,0.6666666666666666,True,completed,8,True,318.0603914260864,ACE
oea_test_76,0.4,0.22222222222222224,True,completed,10,False,303.2004282474518,ACE
oea_test_638,0.6666666666666666,0.6666666666666665,True,completed,5,False,170.6051664352417,ACE
oea_test_619,0.7499999999999999,0.5714285714285715,True,completed,10,True,262.6924612522125,ACE
oea_test_937,0.8,0.3636363636363636,True,completed,9,False,298.7395806312561,ACE
oea_test_1076,0.5714285714285715,0.4444444444444445,True,completed,7,False,171.3360812664032,ACE
oea_test_904,1.0,1.0,True,completed,4,False,147.87500882148743,ACE
oea_test_83,0.75,0.8000000000000002,True,completed,5,False,161.95653796195984,ACE
oea_test_52,0.8571428571428571,0.888888888888889,True,completed,5,False,162.4624330997467,ACE
oea_test_541,1.0,1.0,True,completed,4,False,141.44231152534485,ACE
oea_test_910,0.8571428571428571,0.888888888888889,True,completed,5,False,111.54158997535706,ACE
oea_test_360,1.0,0.888888888888889,True,completed,5,True,227.37765073776245,ACE
oea_test_835,0.6666666666666666,0.42857142857142855,True,completed,11,False,274.9366421699524,ACE
oea_test_771,0.6666666666666665,0.4285714285714285,True,completed,10,False,343.822585105896,ACE
oea_test_990,0.28571428571428575,0.16666666666666666,True,completed,8,False,317.68042492866516,ACE
oea_test_616,0.8571428571428571,0.6153846153846153,True,completed,9,True,582.5674955844879,ACE
oea_test_532,0.8571428571428571,0.888888888888889,True,completed,5,False,141.70866203308105,ACE
oea_test_543,0.75,0.8000000000000002,True,completed,5,False,188.86670207977295,ACE
oea_test_943,1.0,1.0,True,completed,3,False,79.08316278457642,ACE
oea_test_150,0.5714285714285715,0.25,True,completed,7,False,167.0045928955078,ACE
oea_test_698,0.8,0.6666666666666666,True,completed,2,False,63.695700883865356,ACE
oea_test_17,0.8571428571428571,0.888888888888889,True,completed,5,False,138.12825512886047,ACE
oea_test_98,0.28571428571428575,0.2,True,completed,4,False,128.45052361488342,ACE
oea_test_966,0.8571428571428571,0.6666666666666666,True,completed,6,False,105.30532002449036,ACE
oea_test_1062,1.0,1.0,True,completed,3,False,115.30437850952148,ACE
oea_test_109,0.6666666666666666,0.5333333333333333,True,completed,11,True,806.3112847805023,ACE
oea_test_705,0.7499999999999999,0.8,True,completed,6,False,164.7740294933319,ACE
oea_test_310,0.8571428571428571,0.8,True,completed,6,False,193.32546830177307,ACE
oea_test_929,0.7499999999999999,0.7272727272727273,True,completed,7,False,244.89146375656128,ACE
oea_test_915,1.0,1.0,True,completed,3,False,87.40062713623047,ACE
oea_test_868,0.8,0.5714285714285715,True,completed,3,False,101.24298763275146,ACE
oea_test_38,0.4444444444444444,0.3529411764705882,True,completed,13,True,372.8869559764862,ACE
oea_test_178,0.4,0.4,True,completed,2,False,89.9331841468811,ACE
oea_test_1047,0.8,0.4444444444444445,True,completed,2,False,61.25658464431763,ACE
oea_test_545,0.6666666666666666,0.7499999999999999,True,completed,5,False,148.65135526657104,ACE
oea_test_1113,0.5,0.4,True,completed,6,False,232.52232670783997,ACE
oea_test_314,0.5714285714285715,0.3636363636363636,True,completed,9,False,273.277704000473,ACE
oea_test_911,0.6,0.5,False,failed,15,True,912.2602009773254,ACE
oea_test_405,0.8571428571428571,0.6666666666666666,True,completed,8,False,276.8835816383362,ACE
oea_test_537,1.0,1.0,True,completed,4,False,145.0362811088562,ACE
oea_test_1132,0.5,0.5,True,completed,3,False,89.95268321037292,ACE
oea_test_492,0.8571428571428571,0.5714285714285715,True,completed,10,True,336.50685715675354,ACE
oea_test_18,1.0,1.0,True,completed,4,False,156.47614693641663,ACE
oea_test_131,0.6666666666666666,0.8,True,completed,2,False,75.2395269870758,ACE
oea_test_682,1.0,1.0,True,completed,4,False,167.1948516368866,ACE
oea_test_764,0.8571428571428571,0.6,True,completed,4,False,144.80712246894836,ACE
oea_test_684,0.0,0.0,False,failed,15,True,537.9263479709625,ACE
oea_test_1040,0.5,0.5,True,completed,2,False,57.40842533111572,ACE
oea_test_389,0.5,0.26666666666666666,True,completed,12,False,394.1642372608185,ACE
oea_test_552,1.0,1.0,True,completed,4,False,101.11512327194214,ACE
oea_test_410,0.8,0.888888888888889,True,completed,5,False,199.60916233062744,ACE
oea_test_96,0.8571428571428571,0.888888888888889,True,completed,5,False,207.449791431427,ACE
oea_test_848,1.0,1.0,True,completed,4,False,148.70966815948486,ACE
oea_test_1069,0.8571428571428571,0.8,True,completed,6,False,213.0433704853058,ACE
oea_test_357,0.7499999999999999,0.7272727272727273,True,completed,7,True,203.85659551620483,ACE
oea_test_502,1.0,1.0,True,completed,4,False,132.25563502311707,ACE
oea_test_983,0.7499999999999999,0.47058823529411764,True,completed,13,False,436.9468946456909,ACE
oea_test_896,0.7499999999999999,0.8,True,completed,6,False,236.7488214969635,ACE
oea_test_1093,0.4615384615384615,0.27272727272727276,False,failed,15,True,1424.905308008194,ACE
oea_test_10,1.0,1.0,True,completed,2,False,94.1585304737091,ACE
oea_test_942,0.4,0.6666666666666666,True,completed,8,False,266.41469144821167,ACE
oea_test_941,0.22222222222222224,0.1111111111111111,False,failed,15,False,490.9141058921814,ACE
oea_test_551,0.8571428571428571,0.6153846153846153,True,completed,9,True,559.2917323112488,ACE
oea_test_108,0.4,0.16666666666666666,True,completed,8,False,195.13875794410706,ACE
oea_test_95,1.0,1.0,True,completed,4,False,139.10646224021912,ACE
oea_test_333,0.5,0.3333333333333333,True,completed,3,False,118.27532386779785,ACE
oea_test_42,0.8571428571428571,0.888888888888889,True,completed,5,False,203.34108972549438,ACE
oea_test_41,0.8571428571428571,0.888888888888889,True,completed,5,False,187.23194670677185,ACE
oea_test_671,0.0,0.0,False,failed,15,False,501.71962904930115,ACE
oea_test_339,0.8571428571428571,0.888888888888889,True,completed,5,True,163.5494110584259,ACE
oea_test_1014,0.8571428571428571,0.888888888888889,True,completed,5,False,171.79652309417725,ACE
oea_test_482,0.8571428571428571,0.888888888888889,True,completed,5,False,194.45461130142212,ACE
oea_test_516,0.8571428571428571,0.888888888888889,True,completed,5,False,105.75001811981201,ACE
oea_test_274,0.7499999999999999,0.7272727272727273,True,completed,7,True,194.93094992637634,ACE
oea_test_751,0.4,0.3333333333333333,True,completed,3,False,120.87406921386719,ACE
oea_test_373,0.5714285714285715,0.4,True,completed,8,False,216.27364325523376,ACE
oea_test_816,0.4444444444444444,0.18181818181818182,True,completed,14,False,391.9153940677643,ACE
oea_test_114,0.8,0.7499999999999999,True,completed,5,False,114.17227005958557,ACE
oea_test_287,0.6666666666666665,0.7272727272727272,True,completed,6,False,159.24020338058472,ACE
oea_test_417,0.8571428571428571,0.7272727272727272,True,completed,5,False,176.8694384098053,ACE
oea_test_1143,0.8571428571428571,0.888888888888889,True,completed,5,False,123.79993319511414,ACE
oea_test_190,0.8,0.6666666666666666,True,completed,3,False,139.98985481262207,ACE
oea_test_187,0.8,0.7692307692307693,True,completed,8,True,258.2506778240204,ACE
oea_test_967,0.6666666666666666,0.42857142857142855,True,completed,11,False,495.2314839363098,ACE
oea_test_431,0.75,0.8000000000000002,True,completed,5,False,215.56589579582214,ACE
oea_test_559,0.5714285714285715,0.3636363636363636,True,completed,9,False,290.0265328884125,ACE
oea_test_469,0.8571428571428571,0.888888888888889,True,completed,5,False,209.66578221321106,ACE
oea_test_611,0.8571428571428571,0.888888888888889,True,completed,5,False,152.69720220565796,ACE
oea_test_589,0.5714285714285715,0.26666666666666666,True,completed,12,False,325.2949688434601,ACE
oea_test_68,0.8571428571428571,0.7272727272727273,True,completed,7,False,219.53185105323792,ACE
oea_test_593,0.3333333333333333,0.15384615384615383,True,completed,6,False,158.02781581878662,ACE
oea_test_723,0.6666666666666666,0.6666666666666666,True,completed,4,False,127.24759721755981,ACE
oea_test_670,0.28571428571428575,0.16666666666666669,False,failed,15,False,660.7606961727142,ACE
oea_test_736,0.6666666666666665,0.7272727272727272,True,completed,6,False,202.23440027236938,ACE
oea_test_383,0.5,0.28571428571428575,True,completed,5,False,219.7223744392395,ACE
oea_test_90,0.8,0.6666666666666666,True,completed,4,False,146.65327215194702,ACE
oea_test_55,0.5,0.6,True,completed,5,False,161.58055210113525,ACE
oea_test_415,0.8,0.30769230769230765,True,completed,6,False,222.57990217208862,ACE
oea_test_539,0.8571428571428571,0.888888888888889,True,completed,5,False,167.2239158153534,ACE
oea_test_411,0.16666666666666666,0.09090909090909091,False,failed,15,False,346.6234040260315,ACE
oea_test_118,0.8571428571428571,0.888888888888889,True,completed,5,False,199.27724719047546,ACE
oea_test_773,0.8,0.8571428571428571,True,completed,4,False,141.06437158584595,ACE
oea_test_420,0.8571428571428571,0.888888888888889,True,completed,5,False,179.17319679260254,ACE
oea_test_328,1.0,1.0,True,completed,6,False,204.93911242485046,ACE
oea_test_72,0.75,0.8000000000000002,True,completed,5,False,175.77878856658936,ACE
oea_test_313,1.0,1.0,True,completed,5,False,200.5637972354889,ACE
oea_test_1126,1.0,1.0,True,completed,4,False,170.2187213897705,ACE
oea_test_808,0.8571428571428571,0.888888888888889,True,completed,5,False,114.07415413856506,ACE
oea_test_1102,0.25,0.10526315789473685,True,completed,12,True,735.4459354877472,ACE
oea_test_188,1.0,0.8333333333333333,True,completed,7,False,260.55994296073914,ACE
oea_test_1037,0.6666666666666665,0.7272727272727272,True,completed,6,False,173.91474866867065,ACE
oea_test_347,0.6666666666666666,0.33333333333333337,False,failed,15,False,453.05736088752747,ACE
oea_test_653,0.75,0.8000000000000002,True,completed,5,False,171.71814155578613,ACE
oea_test_294,0.7499999999999999,0.6666666666666666,True,completed,8,False,275.13439297676086,ACE
oea_test_112,1.0,0.6666666666666666,True,completed,12,True,618.5525798797607,ACE
oea_test_852,1.0,0.8,True,completed,2,False,82.5016725063324,ACE
oea_test_443,0.8571428571428571,0.8,True,completed,6,True,166.0733962059021,ACE
oea_test_749,0.4,0.4,True,completed,3,False,116.00548362731934,ACE
oea_test_231,0.28571428571428575,0.09523809523809522,False,failed,15,False,544.0393161773682,ACE
oea_test_34,0.5714285714285715,0.3333333333333333,True,completed,14,True,399.56625485420227,ACE
oea_test_957,0.5,0.4,True,completed,2,False,76.8672423362732,ACE
oea_test_444,0.7499999999999999,0.8,True,completed,6,False,358.2888505458832,ACE
oea_test_571,0.5,0.4,True,completed,3,False,88.44491243362427,ACE
oea_test_133,0.0,0.0,False,completed,1,False,36.00766468048096,ACE
oea_test_1098,0.8,0.7692307692307693,True,completed,8,True,317.0791320800781,ACE
oea_test_515,0.5,0.5,True,completed,3,False,82.22682571411133,ACE
oea_test_762,1.0,0.888888888888889,True,completed,5,True,214.9518051147461,ACE
oea_test_799,0.3333333333333333,0.4444444444444444,True,completed,6,False,193.12506318092346,ACE
oea_test_1048,0.6666666666666666,0.6666666666666666,True,completed,4,False,142.7233166694641,ACE
oea_test_20,0.8,0.23529411764705882,False,failed,15,False,413.2016932964325,ACE
oea_test_841,0.5,0.4,True,completed,2,False,57.61565184593201,ACE
oea_test_194,0.5,0.5,True,completed,2,False,55.94586443901062,ACE
oea_test_1034,0.7499999999999999,0.8,True,completed,6,False,173.66118812561035,ACE
oea_test_250,0.4,0.28571428571428575,True,completed,3,False,70.79575490951538,ACE
oea_test_221,0.8571428571428571,0.6666666666666666,True,completed,8,True,279.0418429374695,ACE
oea_test_442,0.8571428571428571,0.8,True,completed,6,False,223.71426033973694,ACE
oea_test_1155,0.8571428571428571,0.888888888888889,True,completed,5,False,171.43193888664246,ACE
oea_test_199,0.5,0.25,True,completed,2,False,53.151660203933716,ACE
oea_test_196,0.8,0.888888888888889,True,completed,5,False,97.17327833175659,ACE
oea_test_48,1.0,1.0,True,completed,4,False,228.98447275161743,ACE
oea_test_812,0.8571428571428571,0.888888888888889,True,completed,5,False,171.387629032135,ACE
oea_test_257,0.4,0.3333333333333333,True,completed,2,False,71.6283495426178,ACE
oea_test_402,1.0,0.8571428571428571,True,completed,4,False,192.1418652534485,ACE
oea_test_1152,1.0,1.0,True,completed,4,False,74.33555603027344,ACE
oea_test_100,0.8571428571428571,0.6666666666666666,True,completed,6,False,231.05204606056213,ACE
oea_test_880,0.7499999999999999,0.6666666666666666,True,completed,8,True,153.97835040092468,ACE
oea_test_980,0.5,0.3333333333333333,True,completed,4,False,148.79431080818176,ACE
oea_test_84,0.6666666666666666,0.6153846153846153,True,completed,9,False,314.68276858329773,ACE
oea_test_99,1.0,1.0,True,completed,2,False,89.1825258731842,ACE
oea_test_926,0.8571428571428571,0.7272727272727273,True,completed,7,False,205.68143010139465,ACE
oea_test_303,0.4,0.30769230769230765,True,completed,10,False,307.9026942253113,ACE
oea_test_483,0.7499999999999999,0.8,True,completed,6,False,238.87382078170776,ACE
oea_test_414,1.0,1.0,True,completed,4,False,161.65958261489868,ACE
oea_test_679,0.28571428571428575,0.2,False,failed,15,False,398.68150448799133,ACE
oea_test_438,0.8571428571428571,0.888888888888889,True,completed,5,False,222.36742496490479,ACE
oea_test_732,0.75,0.8333333333333334,True,completed,6,False,102.64600872993469,ACE
oea_test_450,0.1818181818181818,0.2,False,failed,15,False,387.81433606147766,ACE
oea_test_947,0.8571428571428571,0.7272727272727273,True,completed,7,True,237.66214752197266,ACE
oea_test_130,0.4,0.125,False,failed,15,False,487.50158977508545,ACE
oea_test_277,0.6666666666666666,0.36363636363636365,True,completed,7,False,218.74606680870056,ACE
oea_test_632,0.7272727272727273,0.5882352941176471,True,completed,12,True,540.6363480091095,ACE
oea_test_499,0.25,0.11764705882352941,False,failed,15,False,422.5862936973572,ACE
oea_test_255,0.4,0.1818181818181818,True,completed,6,False,173.44543719291687,ACE
oea_test_159,1.0,0.8,True,completed,2,False,54.54239535331726,ACE
oea_test_725,1.0,1.0,True,completed,4,False,148.0276074409485,ACE
oea_test_1041,0.8571428571428571,0.6363636363636364,False,failed,15,True,803.0892808437347,ACE
oea_test_975,0.6,0.5714285714285715,True,completed,10,True,263.9455692768097,ACE
oea_test_1035,0.8571428571428571,0.888888888888889,True,completed,5,False,128.6273593902588,ACE
oea_test_584,0.8,0.4285714285714285,True,completed,4,False,66.61368727684021,ACE
oea_test_1115,0.6,0.4210526315789474,False,failed,15,True,532.8386085033417,ACE
oea_test_393,0.7499999999999999,0.8,True,completed,6,False,232.42668414115906,ACE
oea_test_473,1.0,0.8333333333333333,True,completed,7,False,280.6842453479767,ACE
oea_test_579,0.75,0.4,False,failed,15,True,402.73192977905273,ACE
oea_test_735,0.8571428571428571,0.888888888888889,True,completed,5,False,210.41195034980774,ACE
oea_test_140,0.4444444444444444,0.26666666666666666,True,completed,11,False,199.19934821128845,ACE
oea_test_459,0.8571428571428571,0.888888888888889,True,completed,5,False,92.87697267532349,ACE
oea_test_1045,1.0,0.923076923076923,True,completed,7,False,160.93063855171204,ACE
oea_test_530,0.8571428571428571,0.8,True,completed,6,True,238.56409692764282,ACE
oea_test_494,0.6,0.33333333333333337,False,failed,15,False,455.6141288280487,ACE
oea_test_851,0.7499999999999999,0.6666666666666666,True,completed,8,True,459.6333556175232,ACE
oea_test_1071,0.888888888888889,0.9090909090909091,True,completed,5,False,212.67665219306946,ACE
oea_test_184,0.7499999999999999,0.8,True,completed,6,False,196.3905565738678,ACE
oea_test_1090,0.6666666666666666,0.5,True,completed,6,True,254.20872831344604,ACE
oea_test_430,1.0,1.0,True,completed,4,False,176.79622101783752,ACE
oea_test_1009,0.8571428571428571,0.888888888888889,True,completed,5,False,118.51703929901123,ACE
oea_test_334,1.0,1.0,True,completed,6,False,199.53897643089294,ACE
oea_test_1118,0.5714285714285715,0.5,True,completed,5,True,347.6624481678009,ACE
oea_test_617,0.28571428571428575,0.42857142857142855,True,completed,8,False,147.91950678825378,ACE
oea_test_456,0.7692307692307693,0.625,True,completed,11,True,756.4467415809631,ACE
oea_test_587,0.8,0.4444444444444445,True,completed,7,False,174.9808270931244,ACE
oea_test_519,0.7499999999999999,0.7272727272727273,True,completed,7,True,494.50951743125916,ACE
oea_test_1022,1.0,1.0,True,completed,4,False,165.55307626724243,ACE
oea_test_426,0.4,0.13333333333333333,True,completed,11,False,380.09272742271423,ACE
oea_test_110,1.0,0.8,True,completed,2,False,53.559370040893555,ACE
oea_test_218,1.0,1.0,True,completed,4,False,155.79798769950867,ACE
oea_test_227,0.5714285714285715,0.30769230769230765,True,completed,4,False,133.86849689483643,ACE
oea_test_50,0.0,0.0,False,completed,6,False,192.98513388633728,ACE
oea_test_282,0.7499999999999999,0.5714285714285715,True,completed,10,True,835.0424470901489,ACE
oea_test_733,0.75,0.8000000000000002,True,completed,5,False,98.006023645401,ACE
oea_test_754,0.6666666666666666,0.33333333333333337,False,failed,15,False,386.7923331260681,ACE
oea_test_750,0.4444444444444444,0.26666666666666666,True,completed,12,False,381.11158204078674,ACE
oea_test_916,0.8571428571428571,0.888888888888889,True,completed,5,False,165.24832701683044,ACE
oea_test_742,0.4,0.5714285714285715,True,completed,4,False,153.97309684753418,ACE
oea_test_509,0.4444444444444444,0.2222222222222222,False,failed,15,False,352.8907928466797,ACE
oea_test_504,1.0,0.888888888888889,True,completed,5,False,165.54312467575073,ACE
oea_test_129,0.6666666666666666,0.4444444444444445,True,completed,7,False,250.48114609718323,ACE
oea_test_286,0.0,0.0,False,completed,2,False,60.605857610702515,ACE
oea_test_661,0.5714285714285715,0.3636363636363636,True,completed,9,False,262.4364867210388,ACE
oea_test_634,0.8571428571428571,0.888888888888889,True,completed,5,False,159.68019914627075,ACE
oea_test_798,0.5,0.28571428571428575,True,completed,3,False,64.08980822563171,ACE
oea_test_648,0.28571428571428575,0.09523809523809522,False,failed,15,False,519.5666570663452,ACE
oea_test_88,1.0,1.0,True,completed,4,False,173.58795762062073,ACE
oea_test_1168,0.8571428571428571,0.888888888888889,True,completed,4,False,122.0235869884491,ACE
oea_test_954,0.8571428571428571,0.888888888888889,True,completed,5,False,308.9719970226288,ACE
oea_test_276,0.8571428571428571,0.888888888888889,True,completed,5,False,199.72625589370728,ACE
oea_test_669,0.8571428571428571,0.7272727272727273,True,completed,7,True,248.88078022003174,ACE
oea_test_621,1.0,1.0,True,completed,4,False,151.82512784004211,ACE
oea_test_1100,0.75,0.8000000000000002,True,completed,5,False,164.9043653011322,ACE
oea_test_902,0.6666666666666666,0.4444444444444445,True,completed,7,False,220.4728090763092,ACE
oea_test_535,1.0,0.9090909090909091,True,completed,6,False,226.81995797157288,ACE
oea_test_60,0.4444444444444445,0.42857142857142855,True,completed,11,False,316.3232834339142,ACE
oea_test_614,0.7499999999999999,0.42857142857142855,True,completed,11,True,321.0641083717346,ACE
oea_test_367,1.0,1.0,True,completed,4,False,141.15287351608276,ACE
oea_test_1004,0.8571428571428571,0.888888888888889,True,completed,5,False,150.4481120109558,ACE
oea_test_93,0.7272727272727272,0.6666666666666667,True,completed,9,True,290.3167164325714,ACE
oea_test_47,1.0,1.0,True,completed,4,False,135.45108485221863,ACE
oea_test_487,0.8571428571428571,0.888888888888889,True,completed,5,False,191.7905673980713,ACE
oea_test_892,0.7499999999999999,0.8,True,completed,6,False,211.1515691280365,ACE
oea_test_368,0.8571428571428571,0.8,True,completed,6,True,220.61650252342224,ACE
oea_test_769,0.0,0.0,False,completed,9,False,286.2229721546173,ACE
oea_test_162,1.0,1.0,True,completed,4,False,181.20012545585632,ACE
oea_test_452,0.8,0.8571428571428571,True,completed,4,False,81.99821186065674,ACE
oea_test_354,0.3333333333333333,0.3333333333333333,True,completed,4,False,152.20763850212097,ACE
oea_test_992,0.8571428571428571,0.888888888888889,True,completed,5,False,178.82188057899475,ACE
oea_test_921,0.7499999999999999,0.8,True,completed,6,False,261.02149081230164,ACE
oea_test_305,0.0,0.0,False,completed,1,False,47.93565034866333,ACE
oea_test_1070,0.8,0.6666666666666666,True,completed,2,False,87.17314410209656,ACE
oea_test_111,0.7499999999999999,0.6666666666666666,True,completed,8,False,205.75430917739868,ACE
oea_test_422,1.0,1.0,True,completed,4,False,99.02107119560242,ACE
oea_test_676,0.8571428571428571,0.888888888888889,True,completed,5,False,192.97097992897034,ACE
oea_test_116,0.5,0.26666666666666666,True,completed,12,False,327.0897674560547,ACE
oea_test_945,0.8,0.6666666666666666,True,completed,2,False,90.36625981330872,ACE
oea_test_912,0.8571428571428571,0.75,True,completed,4,False,160.04170656204224,ACE
oea_test_1080,0.25,0.25,True,completed,5,False,194.76033639907837,ACE
oea_test_688,1.0,1.0,True,completed,4,False,148.1905128955841,ACE
oea_test_939,0.8571428571428571,0.888888888888889,True,completed,4,False,152.26212453842163,ACE
oea_test_853,1.0,1.0,True,completed,4,False,113.01965880393982,ACE
oea_test_264,0.5,0.33333333333333337,True,completed,10,False,334.15937662124634,ACE
oea_test_923,0.8571428571428571,0.6153846153846153,True,completed,9,False,365.27890491485596,ACE
oea_test_828,0.8571428571428571,0.8,True,completed,6,True,236.41138339042664,ACE
oea_test_1116,1.0,1.0,True,completed,4,False,142.44303274154663,ACE
oea_test_1027,0.5714285714285715,0.4444444444444444,True,completed,12,True,366.38978338241577,ACE
oea_test_895,0.5714285714285715,0.35294117647058826,True,completed,8,False,251.30234050750732,ACE
oea_test_997,0.75,0.8000000000000002,True,completed,5,False,198.08772110939026,ACE
oea_test_21,1.0,1.0,True,completed,4,False,166.75375294685364,ACE
oea_test_467,0.75,0.8000000000000002,True,completed,5,False,192.38824439048767,ACE
oea_test_270,1.0,0.888888888888889,True,completed,5,False,177.51784467697144,ACE
oea_test_427,0.22222222222222224,0.09523809523809522,False,failed,15,False,365.79528880119324,ACE
oea_test_312,1.0,1.0,True,completed,4,False,182.5513744354248,ACE
oea_test_224,0.4,0.25,True,completed,4,False,139.46840572357178,ACE
oea_test_1011,0.7499999999999999,0.8,True,completed,6,False,188.75844931602478,ACE
oea_test_1077,1.0,1.0,True,completed,2,False,73.87110233306885,ACE
oea_test_846,0.4,0.4,True,completed,2,False,71.61988520622253,ACE
oea_test_794,0.8571428571428571,0.8571428571428571,True,completed,4,False,161.58839535713196,ACE
oea_test_1145,0.0,0.0,False,completed,2,True,172.6693925857544,ACE
oea_test_208,1.0,1.0,True,completed,2,False,45.75176930427551,ACE
oea_test_386,0.7499999999999999,0.8,True,completed,6,False,242.2418987751007,ACE
oea_test_147,0.8571428571428571,0.888888888888889,True,completed,5,False,123.59862995147705,ACE
oea_test_418,1.0,1.0,True,completed,2,False,83.81601619720459,ACE
oea_test_659,0.75,0.8000000000000002,True,completed,5,False,172.51016354560852,ACE
oea_test_243,0.8,0.31578947368421056,False,failed,15,True,354.0154790878296,ACE
oea_test_972,0.8571428571428571,0.5,True,completed,12,True,402.90121698379517,ACE
oea_test_462,0.7499999999999999,0.6153846153846153,True,completed,9,True,274.0163850784302,ACE
oea_test_711,0.7499999999999999,0.5,False,failed,15,True,998.5740535259247,ACE
oea_test_49,0.8571428571428571,0.888888888888889,True,completed,5,False,179.2801628112793,ACE
oea_test_800,0.8571428571428571,0.7272727272727273,True,completed,7,False,252.24173402786255,ACE
oea_test_496,0.6666666666666666,0.3333333333333333,True,completed,9,False,157.86091995239258,ACE
oea_test_234,1.0,1.0,True,completed,5,False,175.09320640563965,ACE
oea_test_237,1.0,1.0,True,completed,4,False,180.54271841049194,ACE
oea_test_788,0.8571428571428571,0.888888888888889,True,completed,5,False,206.66861844062805,ACE
oea_test_1086,0.3333333333333333,0.25,True,completed,6,True,372.20925211906433,ACE
oea_test_457,1.0,1.0,True,completed,4,False,47.47886085510254,ACE
oea_test_869,0.8,0.6666666666666666,True,completed,4,False,106.57331919670105,ACE
oea_test_13,0.5714285714285715,0.3809523809523809,False,failed,15,False,544.3172121047974,ACE
oea_test_206,1.0,1.0,True,completed,4,False,169.6528763771057,ACE
oea_test_1121,0.6666666666666665,0.7272727272727272,True,completed,6,False,223.71120595932007,ACE
oea_test_71,1.0,1.0,True,completed,2,False,70.94274711608887,ACE
oea_test_281,0.7499999999999999,0.8,True,completed,6,False,151.5174527168274,ACE
oea_test_894,0.8571428571428571,0.888888888888889,True,completed,5,False,184.49783515930176,ACE
oea_test_540,0.5714285714285715,0.5,True,completed,6,False,182.32006812095642,ACE
oea_test_434,0.25,0.16666666666666669,True,completed,10,False,331.74862408638,ACE
oea_test_119,1.0,0.6666666666666666,True,completed,8,True,292.2736179828644,ACE
oea_test_526,0.0,0.0,False,completed,3,False,104.0491304397583,ACE
oea_test_1053,0.5,0.6666666666666665,True,completed,5,False,195.43241477012634,ACE
oea_test_639,0.8571428571428571,0.7272727272727273,True,completed,14,False,327.7572319507599,ACE
oea_test_666,0.7499999999999999,0.8,True,completed,6,False,189.42271614074707,ACE
oea_test_176,0.75,0.8000000000000002,True,completed,5,False,200.29972410202026,ACE
oea_test_204,1.0,1.0,True,completed,4,False,130.36818552017212,ACE
oea_test_815,0.6666666666666666,0.6666666666666666,True,completed,1,False,35.41996908187866,ACE
oea_test_803,0.75,0.8000000000000002,True,completed,5,False,120.44322180747986,ACE
oea_test_626,1.0,1.0,True,completed,4,False,195.98298025131226,ACE
oea_test_440,0.5,0.3157894736842105,True,completed,13,False,347.7637691497803,ACE
oea_test_699,0.7499999999999999,0.6666666666666666,True,completed,8,False,221.68547296524048,ACE
oea_test_1083,0.4,0.4,True,completed,3,False,105.66755843162537,ACE
oea_test_662,0.6666666666666666,0.39999999999999997,True,completed,8,False,381.80832028388977,ACE
oea_test_144,0.3333333333333333,0.22222222222222224,True,completed,14,True,300.64697909355164,ACE
oea_test_668,1.0,1.0,True,completed,6,False,211.02087306976318,ACE
oea_test_837,0.28571428571428575,0.25,True,completed,5,False,99.77544116973877,ACE
oea_test_86,0.5,0.3076923076923077,True,completed,11,False,376.93218755722046,ACE
oea_test_715,0.75,0.8000000000000002,True,completed,5,False,233.05308389663696,ACE
oea_test_658,0.6666666666666666,0.5714285714285715,True,completed,10,True,298.4266896247864,ACE
oea_test_171,0.8571428571428571,0.888888888888889,True,completed,5,False,210.04097604751587,ACE
oea_test_395,1.0,0.8,True,completed,2,False,69.85507702827454,ACE
oea_test_903,1.0,0.7142857142857143,True,completed,9,False,300.6226239204407,ACE
oea_test_806,1.0,0.6666666666666666,True,completed,8,True,529.5037257671356,ACE
oea_test_968,0.4444444444444445,0.31578947368421056,False,failed,15,False,525.531934261322,ACE
oea_test_745,0.7499999999999999,0.7499999999999999,True,completed,10,False,305.7215037345886,ACE
oea_test_1006,0.28571428571428575,0.16666666666666666,True,completed,5,False,130.86066031455994,ACE
oea_test_608,0.8571428571428571,0.8,True,completed,6,True,154.0398313999176,ACE
oea_test_704,0.4,0.4,True,completed,4,False,101.69481778144836,ACE
oea_test_741,0.4,0.4,True,completed,2,False,79.34364986419678,ACE
oea_test_154,1.0,1.0,True,completed,2,False,24.591495513916016,ACE
oea_test_1067,0.8571428571428571,0.8,True,completed,6,False,192.30461192131042,ACE
oea_test_633,0.8571428571428571,0.888888888888889,True,completed,5,False,128.2426688671112,ACE
oea_test_1029,0.8571428571428571,0.888888888888889,True,completed,5,False,137.89935755729675,ACE
oea_test_1052,0.8571428571428571,0.7272727272727273,True,completed,7,True,187.73458671569824,ACE
oea_test_45,0.8,0.4444444444444445,True,completed,2,False,53.86811447143555,ACE
oea_test_252,0.8571428571428571,0.7272727272727273,True,completed,7,True,208.17155480384827,ACE
oea_test_607,0.6666666666666666,0.5454545454545454,True,completed,7,False,113.36260628700256,ACE
oea_test_777,0.8571428571428571,0.888888888888889,True,completed,5,False,161.6015648841858,ACE
oea_test_713,0.0,0.0,False,completed,1,False,14.608164548873901,ACE
oea_test_472,0.888888888888889,0.8,True,completed,9,True,262.8018925189972,ACE
oea_test_866,0.7499999999999999,0.3809523809523809,False,failed,15,True,607.5235712528229,ACE
oea_test_40,1.0,0.888888888888889,True,completed,5,True,180.10507225990295,ACE
oea_test_213,0.3333333333333333,0.11764705882352941,False,failed,15,False,490.71618008613586,ACE
oea_test_795,0.8571428571428571,0.888888888888889,True,completed,5,False,130.12354826927185,ACE
oea_test_786,0.8571428571428571,0.888888888888889,True,completed,5,False,210.33302807807922,ACE
oea_test_62,0.3333333333333333,0.25,True,completed,5,False,223.92776823043823,ACE
oea_test_332,0.7499999999999999,0.6666666666666666,True,completed,8,True,286.2712559700012,ACE
oea_test_985,1.0,1.0,True,completed,4,False,159.55540299415588,ACE
oea_test_789,0.8,0.5714285714285715,True,completed,5,False,156.17531037330627,ACE
oea_test_327,0.7499999999999999,0.8,True,completed,6,False,201.13118767738342,ACE
oea_test_700,1.0,1.0,True,completed,5,False,255.68245577812195,ACE
oea_test_969,0.7499999999999999,0.8,True,completed,6,False,199.38846492767334,ACE
oea_test_1091,1.0,1.0,True,completed,2,False,22.466665506362915,ACE
oea_test_466,0.6666666666666666,0.6666666666666666,True,completed,1,False,59.28391671180725,ACE
oea_test_325,1.0,1.0,True,completed,5,False,144.5195951461792,ACE
oea_test_802,0.8571428571428571,0.888888888888889,True,completed,5,False,184.29613065719604,ACE
oea_test_770,0.4,0.30769230769230765,True,completed,10,False,336.0876615047455,ACE
oea_test_291,0.888888888888889,0.9090909090909091,True,completed,5,False,186.98555302619934,ACE
oea_test_562,1.0,1.0,True,completed,4,False,169.988707780838,ACE
oea_test_549,0.8571428571428571,0.888888888888889,True,completed,5,False,191.0283420085907,ACE
oea_test_233,1.0,1.0,True,completed,5,False,179.88480257987976,ACE
oea_test_850,1.0,1.0,True,completed,2,False,75.92936182022095,ACE
oea_test_331,0.5714285714285715,0.22222222222222224,True,completed,14,False,421.29497718811035,ACE
oea_test_696,0.8571428571428571,0.888888888888889,True,completed,5,False,179.44027495384216,ACE
oea_test_289,0.4,0.7272727272727272,True,completed,6,False,143.0061354637146,ACE
oea_test_672,0.5,0.6666666666666666,True,completed,3,False,98.30338835716248,ACE
oea_test_981,0.8571428571428571,0.888888888888889,True,completed,5,False,173.26355361938477,ACE
oea_test_690,0.3333333333333333,0.15384615384615383,True,completed,7,True,296.3523769378662,ACE
oea_test_523,1.0,1.0,True,completed,5,False,180.57483386993408,ACE
oea_test_437,0.28571428571428575,0.10526315789473685,False,failed,15,False,384.3658528327942,ACE
oea_test_448,0.888888888888889,0.923076923076923,True,completed,7,False,206.05407309532166,ACE
oea_test_842,1.0,1.0,True,completed,4,False,92.59013509750366,ACE
oea_test_69,0.7499999999999999,0.6666666666666666,True,completed,8,False,284.748783826828,ACE
oea_test_32,0.3333333333333333,0.13333333333333333,True,completed,12,True,486.0156228542328,ACE
oea_test_843,0.5714285714285715,0.23529411764705882,False,failed,15,False,538.1665587425232,ACE
oea_test_651,0.7499999999999999,0.5,True,completed,13,False,433.81849241256714,ACE
oea_test_322,1.0,1.0,True,completed,4,False,81.52176070213318,ACE
oea_test_1119,0.8571428571428571,0.888888888888889,True,completed,5,False,163.69351601600647,ACE
oea_test_520,0.0,0.0,False,failed,15,False,278.7777919769287,ACE
oea_test_498,1.0,1.0,True,completed,4,False,97.70382905006409,ACE
oea_test_791,0.8571428571428571,0.888888888888889,True,completed,5,False,144.7214856147766,ACE
oea_test_766,1.0,1.0,True,completed,4,False,167.2211034297943,ACE
oea_test_412,0.8571428571428571,0.888888888888889,True,completed,5,False,239.95540618896484,ACE
oea_test_285,1.0,1.0,True,completed,5,False,150.05962085723877,ACE
oea_test_893,1.0,1.0,True,completed,4,False,122.06629920005798,ACE
oea_test_385,0.8571428571428571,0.888888888888889,True,completed,5,False,162.09631514549255,ACE
oea_test_1031,0.6666666666666666,0.3636363636363636,True,completed,9,False,307.2658910751343,ACE
oea_test_446,0.4000000000000001,0.2,False,failed,15,True,621.6622552871704,ACE
