clip_ratio/high_max,clip_ratio/high_mean,clip_ratio/low_mean,clip_ratio/low_min,clip_ratio/region_mean,completions/clipped_ratio,completions/max_length,completions/mean_length,completions/min_length,epoch,frac_reward_zero_std,grad_norm,kl,learning_rate,loss,num_turns,reward,reward_std,rewards/gym_reward/mean,rewards/gym_reward/std,step,step_time
0.0,0.0,0.0,0.0,0.0,0.25,464.0,186.5,70.0,0.0010526315789473684,0.5,0.828125,0.0,9.999993165095462e-07,0.0,2.25,0.03750002384185791,1.4672465324401855,0.03750002384185791,2.075000047683716,1,39.568343604914844
0.0014450866729021072,0.0014450866729021072,0.001482213381677866,0.001482213381677866,0.0029273000545799732,0.5,506.0,233.75,128.0,0.002105263157894737,0.5,0.70703125,0.0012297562207095325,9.999972660400534e-07,0.0003106874937657267,2.5,-0.35673749446868896,0.7506115436553955,-0.35673749446868896,1.1414635181427002,2,37.42542760889046
0.0030030030757188797,0.0030030030757188797,0.00390625,0.00390625,0.00690925307571888,1.0,333.0,220.75,128.0,0.003157894736842105,0.0,0.91796875,0.0018429602787364274,9.999938485971278e-07,0.0001001507043838501,2.25,0.007483333349227905,1.4247965812683105,0.007483333349227905,1.3686473369598389,3,33.76631782203913
0.00141643057577312,0.00141643057577312,0.0016447368543595076,0.0016447368543595076,0.0030611674301326275,0.75,496.0,320.25,128.0,0.004210526315789474,0.0,0.6796875,0.0007039599004201591,9.999890641901124e-07,0.00046643614768981934,3.25,0.8802875280380249,0.7512125968933105,0.8802875280380249,1.7793524265289307,4,49.97912610415369
0.0,0.0,0.0006188118713907897,0.0006188118713907897,0.0006188118713907897,0.75,404.0,199.5,64.0,0.005263157894736842,0.0,1.25,0.0009006471373140812,9.999829128320873e-07,0.00032594799995422363,2.0,-0.6091083288192749,0.9662378430366516,-0.6091083288192749,1.2035568952560425,5,33.26212763809599
0.004587619565427303,0.004587619565427303,0.0017605633474886417,0.0017605633474886417,0.006348182912915945,0.5,426.0,232.5,81.0,0.00631578947368421,0.0,1.125,0.0008812179803499021,9.999753945398703e-07,-0.0010714083909988403,2.5,-0.4760249853134155,2.4380688667297363,-0.4760249853134155,2.2202508449554443,6,38.24029148183763
0.0015822785208001733,0.0015822785208001733,0.0010683761211112142,0.0010683761211112142,0.0026506546419113874,0.5,316.0,186.25,67.0,0.007368421052631579,0.5,0.515625,0.0010252213687635958,9.999665093340163e-07,0.0003972649574279785,2.0,0.3995000123977661,0.07092282176017761,0.3995000123977661,1.6180771589279175,7,33.11138155241497
0.0052845526952296495,0.0052845526952296495,0.005158253246918321,0.005158253246918321,0.01044280594214797,0.75,246.0,164.25,78.0,0.008421052631578947,0.0,1.03125,0.000951593930949457,9.99956257238817e-07,0.00045987963676452637,1.5,0.17432498931884766,1.6607463359832764,0.17432498931884766,1.3559937477111816,8,29.501407916191965
0.004080784507095814,0.004080784507095814,0.001356345892418176,0.001356345892418176,0.00543713039951399,1.0,478.0,344.0,128.0,0.009473684210526316,0.0,0.6484375,0.0008971003553597257,9.999446382823011e-07,0.00020553171634674072,3.75,-1.214324951171875,2.6328766345977783,-1.214324951171875,2.645707130432129,9,170.8537026338745
0.002340982318855822,0.002340982318855822,0.0017605633474886417,0.0017605633474886417,0.004101545666344464,0.5,377.0,248.5,142.0,0.010526315789473684,0.0,0.76171875,0.0006410007408703677,9.999316524962345e-07,-2.4452805519104004e-05,2.75,1.610949993133545,0.12268298864364624,1.610949993133545,0.4302457869052887,10,37.42024890007451
0.0014450866729021072,0.0014450866729021072,0.002659574383869767,0.002659574383869767,0.004104661056771874,0.75,346.0,238.25,188.0,0.011578947368421053,0.0,0.76171875,0.0009757072039064951,9.999172999161198e-07,0.0012287944555282593,2.5,1.4237749576568604,0.31851619482040405,1.4237749576568604,0.35709255933761597,11,40.603137247031555
0.0007507507689297199,0.0007507507689297199,0.0010683761211112142,0.0010683761211112142,0.001819126890040934,1.0,333.0,269.75,194.0,0.01263157894736842,0.0,0.80859375,0.000746522106055636,9.999015805811963e-07,0.0020262598991394043,2.75,1.7236125469207764,0.6353177428245544,1.7236125469207764,0.5685595273971558,12,52.45834767492488
0.003994381637312472,0.003994381637312472,0.0012562813935801387,0.0012562813935801387,0.0052506630308926105,1.0,515.0,313.75,197.0,0.01368421052631579,0.0,0.79296875,0.0011095763475168496,9.998844945344403e-07,0.0008094608783721924,3.0,1.241837501525879,0.893058180809021,1.241837501525879,1.0379382371902466,13,65.6981223707553
0.004767121165059507,0.004767121165059507,0.001347708865068853,0.001347708865068853,0.00611483003012836,0.5,624.0,392.75,260.0,0.014736842105263158,0.0,0.6953125,0.0010513194865779951,9.998660418225644e-07,0.0015296190977096558,5.0,2.59879994392395,0.49433839321136475,2.59879994392395,0.4945051968097687,14,66.63840402616188
0.0019809582154266536,0.0019809582154266536,0.003951419290388003,0.003951419290388003,0.005932377505814657,0.25,581.0,292.0,71.0,0.015789473684210527,0.0,0.88671875,0.0012433342344593257,9.998462224960173e-07,0.000354573130607605,3.25,0.011924982070922852,2.1028294563293457,0.011924982070922852,1.76021146774292,15,44.08477332023904
0.004862953210249543,0.004862953210249543,0.0,0.0,0.004862953210249543,0.25,435.0,236.0,128.0,0.016842105263157894,0.0,1.0390625,0.0016178386576939374,9.998250366089846e-07,-0.0006837248802185059,2.75,1.1108499765396118,1.3253655433654785,1.1108499765396118,1.5541541576385498,16,39.218880153028294
0.0,0.0,0.0,0.0,0.0,1.0,355.0,184.75,128.0,0.017894736842105262,0.5,0.703125,0.0008717665332369506,9.998024842193875e-07,0.001996980281546712,1.5,-1.2877874374389648,0.40699297189712524,-1.2877874374389648,0.5755749940872192,17,268.46400985168293
0.0004835590079892427,0.0004835590079892427,0.0008196721319109201,0.0008196721319109201,0.0013032311399001628,1.0,517.0,269.5,128.0,0.018947368421052633,0.5,0.369140625,0.0010370178206358105,9.997785653888834e-07,0.0012637823820114136,2.5,0.5987000465393066,0.31766775250434875,0.5987000465393066,1.882110357284546,18,44.285799658158794
0.0040089895483106375,0.0040089895483106375,0.0008928571478463709,0.0008928571478463709,0.004901846696157008,0.75,363.0,282.25,190.0,0.02,0.0,0.94140625,0.0010270868224324659,9.997532801828658e-07,0.002543151378631592,3.0,1.1302375793457031,0.662541389465332,1.1302375793457031,0.8957581520080566,19,47.70235351799056
0.0028870358364656568,0.0028870358364656568,0.0028428047080524266,0.0028428047080524266,0.005729840544518083,0.75,281.0,229.0,128.0,0.021052631578947368,0.0,0.9453125,0.0011585690081119537,9.99726628670463e-07,0.0013886988162994385,2.5,0.061625003814697266,0.8835299015045166,0.061625003814697266,1.0429966449737549,20,42.57304215920158
0.0,0.0,0.0,0.0,0.0,0.75,211.0,137.5,83.0,0.022105263157894735,0.5,0.87109375,0.0010368201328674331,9.996986109245394e-07,-0.00041431188583374023,1.25,-0.4128125011920929,0.8304085731506348,-0.4128125011920929,1.174375057220459,21,24.03431270085275
0.0,0.0,0.0013157895300537348,0.0013157895300537348,0.0013157895300537348,1.0,233.0,169.75,128.0,0.023157894736842106,0.5,0.439453125,0.0014509243628708646,9.996692270216946e-07,-0.0007217675447463989,1.5,0.1369125247001648,0.05269712954759598,0.1369125247001648,1.3142030239105225,22,30.536229718709365
0.005932702217251062,0.005932702217251062,0.0032157512614503503,0.0032157512614503503,0.009148453478701413,1.0,311.0,230.25,128.0,0.024210526315789474,0.0,0.7109375,0.002814066596329212,9.996384770422628e-07,-0.0005514621734619141,2.25,0.9359375238418579,1.0780019760131836,0.9359375238418579,1.30117928981781,23,50.637084025656804
0.0014472769107669592,0.0014472769107669592,0.0,0.0,0.0014472769107669592,0.5,593.0,375.25,209.0,0.02526315789473684,0.0,0.85546875,0.0008757002433412708,9.996063610703135e-07,0.0009601712226867676,3.75,0.8867124915122986,1.5731534957885742,0.8867124915122986,1.8336540460586548,24,60.6062003581319
0.008815302979201078,0.008815302979201078,0.001953125,0.001953125,0.010768427979201078,0.5,282.0,175.5,79.0,0.02631578947368421,0.0,0.984375,0.0012259198701940477,9.995728791936505e-07,0.0013915598392486572,1.75,-0.24476251006126404,1.0680670738220215,-0.24476251006126404,1.1081912517547607,25,29.12785990978591
0.0,0.0,0.0,0.0,0.0,0.5,128.0,102.25,64.0,0.02736842105263158,1.0,0.00970458984375,0.0008338554762303829,9.995380315038117e-07,3.335421934025362e-05,1.0,-1.0,0.0,-1.0,0.0,26,18.627356266137213
0.0025641026441007853,0.0025641026441007853,0.0,0.0,0.0025641026441007853,0.75,195.0,131.75,76.0,0.028421052631578948,0.5,1.484375,0.0011846542911371216,9.9950181809607e-07,0.0020731091499328613,1.25,-0.41290000081062317,0.830284833908081,-0.41290000081062317,1.1742000579833984,27,23.577979856170714
0.0011520737316459417,0.0011520737316459417,0.0,0.0,0.0011520737316459417,0.75,217.0,149.5,125.0,0.029473684210526315,0.5,0.380859375,0.0015867024631006643,9.994642390694308e-07,0.0002281870984006673,1.5,0.1743375062942505,5.302073623170145e-05,0.1743375062942505,1.3560081720352173,28,25.789787749992684
0.006784525234252214,0.006784525234252214,0.0034246575087308884,0.0034246575087308884,0.010209182742983103,0.25,281.0,180.75,68.0,0.030526315789473683,0.0,1.2109375,0.0014437261852435768,9.99425294526634e-07,0.0005431324243545532,2.25,0.22403749823570251,1.8379650115966797,0.22403749823570251,1.5329056978225708,29,29.929419914959
0.002765486715361476,0.002765486715361476,0.001953125,0.001953125,0.004718611715361476,1.0,452.0,209.0,128.0,0.031578947368421054,0.5,0.671875,0.0017925382999237627,9.993849845741523e-07,0.00044621300185099244,1.75,-0.2882375121116638,1.0065841674804688,-0.2882375121116638,1.4235249757766724,30,31.646377541823313
0.0024271844886243343,0.0024271844886243343,0.0020920501556247473,0.0020920501556247473,0.004519234644249082,0.75,441.0,253.5,128.0,0.03263157894736842,0.0,0.86328125,0.0007998608780326322,9.993433093221918e-07,0.0015295147895812988,2.5,0.1259458363056183,1.1510224342346191,0.1259458363056183,1.0293400287628174,31,39.74670710670762
0.0020242915488779545,0.0020242915488779545,0.001953125,0.001953125,0.0039774165488779545,1.0,247.0,157.75,128.0,0.03368421052631579,0.5,0.87890625,0.0015283320972230285,9.993002688846912e-07,0.0006172992289066315,1.25,-0.4128875136375427,0.8303024768829346,-0.4128875136375427,1.1742249727249146,32,26.449823376024142
0.006443298887461424,0.006443298887461424,0.0,0.0,0.006443298887461424,1.0,194.0,144.5,128.0,0.034736842105263156,0.5,0.6953125,0.0010642842535162345,9.99255863379321e-07,-0.0007957478519529104,1.25,-0.4128875136375427,0.8303024768829346,-0.4128875136375427,1.1742249727249146,33,26.4619734485168
0.002915912482421845,0.002915912482421845,0.001123595517128706,0.001123595517128706,0.004039507999550551,0.25,445.0,259.75,65.0,0.035789473684210524,0.0,1.0625,0.0011144813615828753,9.992100929274846e-07,0.0002710074186325073,3.0,0.3926125168800354,1.8465209007263184,0.3926125168800354,1.509347677230835,34,50.894260024884716
0.004914451972581446,0.004914451972581446,0.0009842519648373127,0.0009842519648373127,0.005898703937418759,1.0,268.0,238.75,187.0,0.03684210526315789,0.0,0.80078125,0.0007922204677015543,9.991629576543163e-07,0.0010973066091537476,2.5,1.473787546157837,0.3178975582122803,1.473787546157837,0.2720282971858978,35,37.38925569457933
0.0033615805441513658,0.0033615805441513658,0.0,0.0,0.0033615805441513658,0.5,334.0,255.0,207.0,0.037894736842105266,0.0,0.828125,0.000724871875718236,9.991144576886822e-07,0.000756487250328064,2.75,0.5048999786376953,0.6099148988723755,0.5048999786376953,1.5751607418060303,36,40.036814047023654
0.003989442018792033,0.003989442018792033,0.004480329109355807,0.004480329109355807,0.00846977112814784,0.5,510.0,303.5,68.0,0.03894736842105263,0.0,0.86328125,0.0012858574482379481,9.990645931631795e-07,5.0008296966552734e-05,3.25,0.9576958417892456,0.8245866894721985,0.9576958417892456,1.3409687280654907,37,52.307079397840425
0.0,0.0,0.0,0.0,0.0,1.0,198.0,160.75,128.0,0.04,0.5,0.5078125,0.0008741296333028004,9.990133642141357e-07,-0.00011523332796059549,1.5,0.12414997816085815,0.07113494724035263,0.12414997816085815,1.3006529808044434,38,27.78859752533026
0.0013227512827143073,0.0013227512827143073,0.001953125,0.001953125,0.0032758762827143073,1.0,189.0,143.25,128.0,0.04105263157894737,0.5,0.62890625,0.0012139709433540702,9.98960770981609e-07,0.0004130154848098755,1.25,-0.4129124879837036,0.8302671313285828,-0.4129124879837036,1.1741750240325928,39,26.02251362078823
0.002439024392515421,0.002439024392515421,0.0019960079807788134,0.0019960079807788134,0.004435032373294234,0.25,501.0,276.75,68.0,0.042105263157894736,0.0,1.078125,0.0008344737871084362,9.989068136093872e-07,-0.00010290741920471191,3.25,-0.5751500129699707,1.9443316459655762,-0.5751500129699707,2.298092842102051,40,169.8345661002677
0.0,0.0,0.0017814727034419775,0.0017814727034419775,0.0017814727034419775,0.75,421.0,197.0,111.0,0.0431578947368421,0.5,0.6640625,0.0010027282987721264,9.988514922449879e-07,-0.0010151565074920654,1.75,-1.121583342552185,0.17194481194019318,-1.121583342552185,0.24316667020320892,41,152.6835697677452
0.002600160369183868,0.002600160369183868,0.0022421525791287422,0.0022421525791287422,0.00484231294831261,1.0,399.0,274.25,128.0,0.04421052631578947,0.0,1.0,0.0016770391521276906,9.98794807039657e-07,0.0021258145570755005,2.5,0.6573833227157593,0.6828294396400452,0.6573833227157593,1.270524501800537,42,56.03249417501502
0.005123829701915383,0.005123829701915383,0.001953125,0.001953125,0.007076954701915383,0.75,293.0,171.5,70.0,0.045263157894736845,0.0,1.6953125,0.0015324791456805542,9.987367581483703e-07,0.0014377683401107788,1.75,-0.19452500343322754,1.1391136646270752,-0.19452500343322754,1.1077975034713745,43,27.674406899837777
0.0036194436834193766,0.0036194436834193766,0.0005296610179357231,0.0005296610179357231,0.0041491047013551,0.5,472.0,332.75,128.0,0.04631578947368421,0.0,0.85546875,0.0012016743858112022,9.98677345729831e-07,0.0010184049606323242,3.75,1.3140125274658203,1.4633045196533203,1.3140125274658203,1.6737239360809326,44,60.81736510596238
0.0,0.0,0.0035211266949772835,0.0035211266949772835,0.0035211266949772835,0.75,427.0,188.5,71.0,0.04736842105263158,0.5,0.61328125,0.000788957899203524,9.986165699464705e-07,-0.00020748843962792307,2.0,-0.5474125146865845,0.6400553584098816,-0.5474125146865845,0.905174970626831,45,32.02140922797844
0.001623376621864736,0.001623376621864736,0.0,0.0,0.001623376621864736,0.75,475.0,298.25,128.0,0.04842105263157895,0.5,0.361328125,0.0011044838756788522,9.985544309644473e-07,0.0008266241638921201,3.25,-1.4189250469207764,0.7510534524917603,-1.4189250469207764,0.9930287003517151,46,50.79392633889802
0.0037128713447600603,0.0037128713447600603,0.007218070677481592,0.007218070677481592,0.010930942022241652,0.75,550.0,266.0,128.0,0.049473684210526316,0.0,0.86328125,0.0010721151920733973,9.984909289536473e-07,-0.0008974075317382812,2.75,1.1115999221801758,1.3258252143859863,1.1115999221801758,1.555117130279541,47,42.087600195314735
0.0016891892300918698,0.0016891892300918698,0.0013157895300537348,0.0013157895300537348,0.0030049787601456046,0.5,296.0,162.25,80.0,0.05052631578947368,0.5,0.498046875,0.0005649382001138292,9.98426064087682e-07,0.00030931830406188965,1.75,0.23678749799728394,0.08872425556182861,0.23678749799728394,1.4317892789840698,48,28.67806662316434
0.0018337408546358347,0.0018337408546358347,0.0031726371962577105,0.0031726371962577105,0.005006378050893545,0.75,409.0,238.0,128.0,0.05157894736842105,0.0,0.92578125,0.0014399951323866844,9.9835983654389e-07,0.001442641019821167,2.5,1.173949956893921,1.414036750793457,1.173949956893921,1.6449651718139648,49,42.13356979191303
0.0011655011912807822,0.0011655011912807822,0.0036764706019312143,0.0036764706019312143,0.0048419717932119966,0.5,429.0,258.75,68.0,0.05263157894736842,0.0,1.09375,0.0010282969305990264,9.982922465033348e-07,6.499886512756348e-05,3.0,1.1612249612808228,0.9012783169746399,1.1612249612808228,1.5262327194213867,50,49.90192549559288
0.000988480111118406,0.000988480111118406,0.001953125,0.001953125,0.002941605111118406,0.75,650.0,360.0,128.0,0.05368421052631579,0.0,0.640625,0.000648320303298533,9.98223294150805e-07,2.944469451904297e-05,3.25,1.094545841217041,1.30216646194458,1.094545841217041,1.8746973276138306,51,62.327994321938604
0.0036942228907719254,0.0036942228907719254,0.007115656393580139,0.007115656393580139,0.010809879284352064,0.5,554.0,319.5,128.0,0.05473684210526316,0.0,0.76953125,0.0009382376301800832,9.981529796748134e-07,0.00024887919425964355,3.25,0.9975541830062866,1.3054664134979248,0.9975541830062866,1.4464939832687378,52,54.22625882201828
0.0030265324749052525,0.0030265324749052525,0.001231527072377503,0.001231527072377503,0.004258059547282755,0.75,559.0,265.25,97.0,0.05578947368421053,0.0,0.73046875,0.0012607665412360802,9.980813032675973e-07,-0.0001745373010635376,2.5,1.173525094985962,1.4134358167648315,1.173525094985962,1.6444703340530396,53,46.31016402714886
0.0,0.0,0.00040849673678167164,0.00040849673678167164,0.00040849673678167164,0.75,612.0,237.0,80.0,0.056842105263157895,0.5,0.87890625,0.0007731156510999426,9.980082651251174e-07,-0.00015514892584178597,2.25,-1.1803374290466309,0.25503572821617126,-1.1803374290466309,0.36067497730255127,54,40.45458696503192
0.00543424766510725,0.00543424766510725,0.0012019231216982007,0.0012019231216982007,0.006636170786805451,0.5,311.0,219.0,161.0,0.05789473684210526,0.0,0.71484375,0.0007656749367015436,9.979338654470567e-07,-0.0009280592203140259,2.5,1.5237749814987183,0.24755805730819702,1.5237749814987183,0.3499833643436432,55,41.04778542323038
0.0055555556900799274,0.0055555556900799274,0.0020473190816119313,0.0020473190816119313,0.007602874771691859,0.25,367.0,211.75,117.0,0.05894736842105263,0.0,0.93359375,0.0012390671181492507,9.978581044368217e-07,0.0009716600179672241,2.5,0.1281166672706604,0.3131893575191498,0.1281166672706604,1.5187163352966309,56,35.87485329597257
0.0024178090097848326,0.0024178090097848326,0.0028448415687307715,0.0028448415687307715,0.005262650578515604,0.25,654.0,425.0,128.0,0.06,0.0,0.6484375,0.0008822608651826158,9.9778098230154e-07,0.0004658699035644531,4.25,0.6622125506401062,0.6191250085830688,0.6622125506401062,2.4346954822540283,57,71.5298988467548
0.0023255813866853714,0.0023255813866853714,0.0022727272007614374,0.0022727272007614374,0.004598308587446809,0.25,215.0,114.5,65.0,0.061052631578947365,0.5,0.703125,0.0011431988677941263,9.977024992520601e-07,-0.0003911854000762105,1.5,0.12433749437332153,0.07033946365118027,0.12433749437332153,1.3008111715316772,58,21.846958884736523
0.0014534883666783571,0.0014534883666783571,0.001953125,0.001953125,0.003406613366678357,0.75,172.0,139.0,128.0,0.06210526315789474,0.5,0.8359375,0.001019628718495369,9.976226555029522e-07,0.0006045703776180744,1.25,-0.41286250948905945,0.8303377628326416,-0.41286250948905945,1.1742749214172363,59,23.596695240819827
0.003762431093491614,0.003762431093491614,0.0025925111840479076,0.0025925111840479076,0.0063549422775395215,1.0,391.0,282.75,128.0,0.06315789473684211,0.0,0.77734375,0.0007804229389876127,9.975414512725056e-07,0.00018949806690216064,2.75,0.2780166268348694,2.008760690689087,0.2780166268348694,1.6688792705535889,60,46.28680838318542
0.005056914407759905,0.005056914407759905,0.0018238136544823647,0.0018238136544823647,0.0068807280622422695,1.0,402.0,267.75,197.0,0.06421052631578947,0.0,0.7734375,0.0010964105749735609,9.9745888678273e-07,-0.00020967423915863037,2.75,1.231683373451233,0.5542185306549072,1.231683373451233,0.6535846590995789,61,48.07350093917921
0.0005376344197429717,0.0005376344197429717,0.0,0.0,0.0005376344197429717,0.75,465.0,265.0,128.0,0.06526315789473684,0.0,0.8515625,0.0008212743559852242,9.973749622593532e-07,0.0009578466415405273,3.0,1.2992249727249146,1.2015864849090576,1.2992249727249146,1.6701931953430176,62,45.62831046269275
0.0019020765903405845,0.0019020765903405845,0.0,0.0,0.0019020765903405845,0.75,399.0,218.25,84.0,0.06631578947368422,0.0,1.015625,0.000628211950242985,9.97289677931822e-07,0.0026370584964752197,2.25,0.8867874145507812,1.1133925914764404,0.8867874145507812,1.3351421356201172,63,38.17161736637354
0.0030612244736403227,0.0030612244736403227,0.0012019231216982007,0.0012019231216982007,0.004263147595338523,1.0,245.0,195.75,128.0,0.06736842105263158,0.0,0.6796875,0.0008641945314593613,9.972030340333e-07,-0.0007616430521011353,1.75,0.6489750146865845,0.7778174877166748,0.6489750146865845,1.0993168354034424,64,31.58737186715007
0.0012953367549926043,0.0012953367549926043,0.0,0.0,0.0012953367549926043,0.5,193.0,121.75,62.0,0.06842105263157895,0.5,0.87109375,0.0010080609790747985,9.971150308006687e-07,-7.285663741640747e-05,1.25,-0.41296249628067017,0.8301964402198792,-0.41296249628067017,1.1740750074386597,65,22.467411276884377
0.0015957446303218603,0.0015957446303218603,0.0,0.0,0.0015957446303218603,0.75,471.0,330.25,128.0,0.06947368421052631,0.0,0.7265625,0.0005793613527202979,9.970256684745255e-07,0.001772165298461914,4.0,0.8665875196456909,1.9193174839019775,0.8665875196456909,1.677199363708496,66,292.27784701576456
0.006264740601181984,0.006264740601181984,0.002725682221353054,0.002725682221353054,0.008990422822535038,0.75,577.0,424.75,212.0,0.07052631578947369,0.0,0.55859375,0.0009929268126143143,9.969349472991836e-07,-0.0007881820201873779,4.25,-0.07596248388290405,2.791710376739502,-0.07596248388290405,2.3322935104370117,67,67.77504124096595
0.0015923567116260529,0.0015923567116260529,0.0009057971183210611,0.0009057971183210611,0.002498153829947114,0.25,628.0,281.0,92.0,0.07157894736842105,0.5,0.4765625,0.0009171880956273526,9.968428675226713e-07,0.00024369359016418457,2.75,-0.6233166456222534,0.056544963270425797,-0.6233166456222534,0.4398297667503357,68,58.969631591113284
0.0013636363437399268,0.0013636363437399268,0.0,0.0,0.0013636363437399268,0.5,550.0,228.5,108.0,0.07263157894736842,0.5,0.75390625,0.0013771662634098902,9.96749429396731e-07,0.0006696730852127075,2.25,-0.49166667461395264,0.7188918590545654,-0.49166667461395264,1.0166666507720947,69,38.74481605971232
0.004987623658962548,0.004987623658962548,0.0,0.0,0.004987623658962548,0.75,202.0,170.5,78.0,0.07368421052631578,0.0,1.6484375,0.0015032469382276759,9.966546331768192e-07,0.0029552429914474487,1.75,0.711650013923645,0.7603519558906555,0.711650013923645,1.1449836492538452,70,33.391934195300564
0.004706640727818012,0.004706640727818012,0.0013686130987480283,0.0013686130987480283,0.0060752538265660405,0.25,548.0,355.25,143.0,0.07473684210526316,0.0,0.703125,0.001012921129586175,9.965584791221046e-07,0.0006392002105712891,4.0,1.5324958562850952,0.8721867799758911,1.5324958562850952,1.0292227268218994,71,60.82371725514531
0.003996202955022454,0.003996202955022454,0.0028861876344308257,0.0028861876344308257,0.00688239058945328,0.75,317.0,257.5,191.0,0.07578947368421053,0.0,0.9140625,0.0008999853889690712,9.964609674954695e-07,-0.0007867366075515747,2.5,1.1041375398635864,0.7329338788986206,1.1041375398635864,0.8925755620002747,72,42.312221745727584
0.002300613559782505,0.002300613559782505,0.0,0.0,0.002300613559782505,1.0,326.0,198.5,128.0,0.07684210526315789,0.5,0.40234375,0.0006091948016546667,9.963620985635063e-07,-0.0007522632367908955,1.75,0.3120250105857849,0.1942775845527649,0.3120250105857849,1.5315150022506714,73,33.780857384437695
0.007726983167231083,0.007726983167231083,0.002411575522273779,0.002411575522273779,0.010138558689504862,0.75,311.0,223.0,128.0,0.07789473684210527,0.0,0.95703125,0.0010870433179661632,9.962618725965194e-07,-0.0010280907154083252,2.5,0.9615124464035034,0.9361210465431213,0.9615124464035034,1.3116891384124756,74,38.069851933047175
0.0012810745975002646,0.0012810745975002646,0.0037313431967049837,0.0037313431967049837,0.005012417794205248,0.75,429.0,267.0,67.0,0.07894736842105263,0.0,0.94140625,0.0008408747962675989,9.961602898685223e-07,-5.170702934265137e-05,2.75,0.7820582985877991,0.8593586683273315,0.7820582985877991,1.4694068431854248,75,47.20918109011836
0.0007072135922499001,0.0007072135922499001,0.0,0.0,0.0007072135922499001,0.25,707.0,257.0,70.0,0.08,0.0,1.390625,0.0009613355505280197,9.960573506572389e-07,0.0022972077131271362,2.5,0.6743625402450562,2.367906093597412,0.6743625402450562,2.149061441421509,76,44.60763662890531
0.0,0.0,0.0,0.0,0.0,0.75,128.0,116.75,83.0,0.08105263157894736,1.0,0.0308837890625,0.0016959936474449933,9.959530552441004e-07,6.783974822610617e-05,1.0,-1.0,0.0,-1.0,0.0,77,19.468330772127956
0.0016949152341112494,0.0016949152341112494,0.0,0.0,0.0016949152341112494,0.5,503.0,346.75,128.0,0.08210526315789474,0.0,0.6953125,0.0010000204929383472,9.958474039142469e-07,0.0007438361644744873,4.25,-0.029216647148132324,2.2921338081359863,-0.029216647148132324,2.0077059268951416,78,175.07589347683825
0.008101527579128742,0.008101527579128742,0.0035211266949772835,0.0035211266949772835,0.011622654274106026,0.5,256.0,155.25,71.0,0.08315789473684211,0.0,1.171875,0.0009853116644080728,9.95740396956525e-07,-0.0013117194175720215,1.75,-0.24454998970031738,1.068367600440979,-0.24454998970031738,1.0158344507217407,79,144.64061965001747
0.0,0.0,0.0,0.0,0.0,1.0,128.0,128.0,128.0,0.08421052631578947,1.0,0.014892578125,0.0012363424757495522,9.956320346634875e-07,4.9453698011348024e-05,1.0,-1.0,0.0,-1.0,0.0,80,19.7976161907427
0.0053514784667640924,0.0053514784667640924,0.0004180601972620934,0.0004180601972620934,0.005769538664026186,0.75,598.0,325.75,128.0,0.08526315789473685,0.0,0.890625,0.0009922996687237173,9.95522317331393e-07,0.0001240372657775879,3.0,0.6577458381652832,1.3662421703338623,0.6577458381652832,1.2703725099563599,81,53.68023708299734
0.003213629242964089,0.003213629242964089,0.0039063445292413235,0.0039063445292413235,0.007119973772205412,0.75,595.0,468.25,128.0,0.0863157894736842,0.0,0.5546875,0.0007091325460351072,9.954112452602043e-07,9.308755397796631e-05,4.5,0.7123249769210815,0.6542859077453613,0.7123249769210815,2.6682798862457275,82,194.3451252009254
0.0011904762359336019,0.0011904762359336019,0.0,0.0,0.0011904762359336019,0.75,210.0,152.5,75.0,0.08736842105263158,0.5,0.37109375,0.0011410833103582263,9.952988187535885e-07,0.0007985878037288785,1.5,0.1743749976158142,0.0002474862849339843,0.1743749976158142,1.3560515642166138,83,31.429766963701695
0.0050360767636448145,0.0050360767636448145,0.0,0.0,0.0050360767636448145,1.0,435.0,263.5,128.0,0.08842105263157894,0.0,0.9453125,0.0007927211845526472,9.95185038118915e-07,-0.0004791170358657837,2.5,0.5547874569892883,0.5386208891868591,0.5547874569892883,1.3917964696884155,84,50.15690423781052
0.0011037527583539486,0.0011037527583539486,0.0,0.0,0.0011037527583539486,0.5,453.0,258.25,66.0,0.08947368421052632,0.5,0.306640625,0.000637067983916495,9.95069903667256e-07,0.0005576154799200594,2.5,0.19490832090377808,0.7486374974250793,0.19490832090377808,1.6281949281692505,85,43.18614035169594
0.008524750708602369,0.008524750708602369,0.0,0.0,0.008524750708602369,0.5,509.0,264.0,68.0,0.09052631578947369,0.0,1.09375,0.0007149164011934772,9.949534157133844e-07,-0.0008088946342468262,3.0,-0.42510002851486206,1.4847828149795532,-0.42510002851486206,1.838510274887085,86,43.18653556960635
0.004965572035871446,0.004965572035871446,0.0034745954908430576,0.0034745954908430576,0.008440167526714504,0.25,236.0,217.0,192.0,0.09157894736842105,0.0,0.8984375,0.00123657172662206,9.948355745757739e-07,-0.000705227255821228,2.75,0.7149791717529297,1.0018583536148071,0.7149791717529297,1.3681775331497192,87,164.6455045370385
0.0010964912362396717,0.0010964912362396717,0.0031250000465661287,0.0031250000465661287,0.0042214912828058004,0.5,456.0,198.0,80.0,0.09263157894736843,0.5,1.359375,0.001798206620151177,9.947163805765979e-07,0.001181843806989491,2.25,-0.02499997615814209,1.3788583278656006,-0.02499997615814209,1.9500001668930054,88,38.02774863317609
0.0025167784187942743,0.0025167784187942743,0.0016025641234591603,0.0016025641234591603,0.004119342542253435,1.0,312.0,237.5,128.0,0.09368421052631579,0.0,0.796875,0.0011258761514909565,9.945958340417281e-07,0.0013570785522460938,2.25,0.4426625072956085,1.5637843608856201,0.4426625072956085,1.3162708282470703,89,39.313159393379465
0.0013513513840734959,0.0013513513840734959,0.0,0.0,0.0013513513840734959,0.75,185.0,132.0,87.0,0.09473684210526316,0.5,0.76953125,0.0012238443014211953,9.944739353007341e-07,0.0020293446723371744,1.25,-0.41298750042915344,0.8301610946655273,-0.41298750042915344,1.1740249395370483,90,22.52007422898896
0.002889924217015505,0.002889924217015505,0.007387907709926367,0.007387907709926367,0.010277831926941872,0.75,378.0,241.5,128.0,0.09578947368421052,0.0,0.83984375,0.000997761802864261,9.943506846868825e-07,0.0020571351051330566,2.5,1.1364375352859497,1.3613042831420898,1.1364375352859497,1.495305061340332,91,43.860457034781575
0.0023809524718672037,0.0023809524718672037,0.007692307699471712,0.007692307699471712,0.010073260171338916,0.5,525.0,211.5,65.0,0.0968421052631579,0.5,0.859375,0.0012684912944678217,9.942260825371357e-07,-0.0024011756759136915,2.25,-0.0625,1.3258252143859863,-0.0625,1.875,92,40.092038572067395
0.004128564149141312,0.004128564149141312,0.0036197917070239782,0.0036197917070239782,0.00774835585616529,0.5,489.0,308.75,128.0,0.09789473684210526,0.0,0.87109375,0.0011149922356707975,9.941001291921512e-07,-0.001063317060470581,3.5,0.11267080903053284,0.5959201455116272,0.11267080903053284,1.2083359956741333,93,57.72559808101505
0.004662080202251673,0.004662080202251673,0.00784325785934925,0.00784325785934925,0.012505338061600924,0.5,648.0,279.25,127.0,0.09894736842105263,0.0,0.87890625,0.0010125737317139283,9.939728249962806e-07,-0.0009534955024719238,2.5,0.4746749997138977,2.085505485534668,0.4746749997138977,1.7720258235931396,94,41.69650552002713
0.0,0.0,0.0014925373252481222,0.0014925373252481222,0.0014925373252481222,0.75,335.0,169.25,86.0,0.1,0.5,0.73046875,0.0005126824544277042,9.938441702975689e-07,0.0010966509580612183,1.5,-1.2878000736236572,0.40701067447662354,-1.2878000736236572,0.5756000280380249,95,25.846970780054107
0.0037996064638718963,0.0037996064638718963,0.001953125,0.001953125,0.005752731463871896,0.75,395.0,236.75,128.0,0.10105263157894737,0.0,0.88671875,0.0007919892377685755,9.937141654477528e-07,0.0007602274417877197,2.5,0.4742625057697296,2.0849220752716064,0.4742625057697296,1.74165678024292,96,39.08768573217094
0.0024492191150784492,0.0024492191150784492,0.001033057807944715,0.001033057807944715,0.0034822769230231643,1.0,392.0,278.0,213.0,0.10210526315789474,0.0,0.7265625,0.0008933130520745181,9.93582810802261e-07,0.0002797544002532959,2.75,1.104449987411499,0.7339061498641968,1.104449987411499,0.8928362727165222,97,47.05774121894501
0.0,0.0,0.0015015015378594398,0.0015015015378594398,0.0015015015378594398,0.25,333.0,168.75,69.0,0.1031578947368421,0.5,0.44140625,0.0012963646004209295,9.934501067202117e-07,0.0007355809211730957,2.0,-0.030004173517227173,0.2886468768119812,-0.030004173517227173,1.1685940027236938,98,30.164943065028638
0.001207729452289641,0.001207729452289641,0.0012135922443121672,0.0012135922443121672,0.002421321696601808,1.0,207.0,167.25,128.0,0.10421052631578948,0.5,0.28125,0.0009334170899819583,9.93316053564413e-07,3.625386307248846e-05,1.5,0.17425000667572021,7.07224098732695e-05,0.17425000667572021,1.3559070825576782,99,29.741498559946194
0.0,0.0,0.0008445946150459349,0.0008445946150459349,0.0008445946150459349,0.25,296.0,183.75,82.0,0.10526315789473684,0.0,1.1640625,0.0012088772346032783,9.931806517013612e-07,0.0033001601696014404,2.25,0.4801124930381775,1.4759262800216675,0.4801124930381775,1.2648285627365112,100,35.46366437128745
0.0015337422955781221,0.0015337422955781221,0.0,0.0,0.0015337422955781221,0.25,489.0,243.25,64.0,0.10631578947368421,0.5,0.46875,0.0007899069023551419,9.930439015012395e-07,-0.00018170637486036867,2.75,0.19321250915527344,1.105614423751831,0.19321250915527344,1.8783466815948486,101,40.72764381021261
0.00549996632616967,0.00549996632616967,0.002753441804088652,0.002753441804088652,0.008253408130258322,0.25,612.0,300.5,141.0,0.10736842105263159,0.0,1.0234375,0.000833785132272169,9.929058033379181e-07,-0.0009918212890625,3.25,1.9240875244140625,0.7073720097541809,1.9240875244140625,1.0743623971939087,102,50.12625348381698
0.0032727725338190794,0.0032727725338190794,0.0022935778833925724,0.0022935778833925724,0.005566350417211652,0.75,490.0,280.75,128.0,0.10842105263157895,0.0,0.7890625,0.001144752575783059,9.92766357588952e-07,3.5017728805541992e-06,3.0,0.3790374994277954,0.2892597019672394,0.3790374994277954,1.343009114265442,103,165.95040899002925
0.0020491802133619785,0.0020491802133619785,0.001953125,0.001953125,0.0040023052133619785,0.5,366.0,185.25,119.0,0.10947368421052632,0.5,0.703125,0.0013176535139791667,9.926255646355803e-07,-0.0006251484155654907,1.75,-0.23813748359680176,1.0774363279342651,-0.23813748359680176,1.5237250328063965,104,30.084460854064673
0.0035093402257189155,0.0035093402257189155,0.0015625000232830644,0.0015625000232830644,0.00507184024900198,0.5,343.0,205.0,128.0,0.11052631578947368,0.0,0.87109375,0.0009659392817411572,9.924834248627258e-07,0.0009081661701202393,2.25,0.8868374824523926,1.0074681043624878,0.8868374824523926,1.2797818183898926,105,35.02510169753805
0.002122464793501422,0.002122464793501422,0.00119331746827811,0.00119331746827811,0.003315782261779532,0.75,577.0,372.0,196.0,0.11157894736842106,0.0,0.64453125,0.0009671504813013598,9.923399386589932e-07,-0.0008413642644882202,4.0,2.1485750675201416,0.3889441192150116,2.1485750675201416,0.7974367141723633,106,63.26546584395692
0.003286749590188265,0.003286749590188265,0.0009842519648373127,0.0009842519648373127,0.0042710015550255775,0.5,276.0,217.0,128.0,0.11263157894736842,0.0,0.8515625,0.0011090458719991148,9.921951064166683e-07,0.00019727647304534912,2.25,-0.02563747763633728,0.9013667106628418,-0.02563747763633728,0.9900152683258057,107,35.01729472982697
0.0011312217684462667,0.0011312217684462667,0.0,0.0,0.0011312217684462667,1.0,221.0,166.25,128.0,0.11368421052631579,0.5,0.466796875,0.0007985897100297734,9.92048928531717e-07,-0.00028630346059799194,1.5,0.17435002326965332,0.00010608361480990425,0.17435002326965332,1.356022596359253,108,27.89427070878446
0.0090144231216982,0.0090144231216982,0.0,0.0,0.0090144231216982,1.0,479.0,235.75,128.0,0.11473684210526315,0.0,0.921875,0.001362980212434195,9.919014054037835e-07,0.0013741403818130493,2.0,-0.8628000020980835,1.4668222665786743,-0.8628000020980835,1.7011334896087646,109,276.15510229975916
0.005759300896897912,0.005759300896897912,0.0012953367549926043,0.0012953367549926043,0.007054637651890516,0.5,273.0,198.75,80.0,0.11578947368421053,0.0,0.57421875,0.0009298336954088882,9.917525374361911e-07,0.00026376545429229736,2.0,0.898900032043457,1.0250219106674194,0.898900032043457,1.292270302772522,110,42.17880761064589
0.0006142506026662886,0.0006142506026662886,0.001953125,0.001953125,0.0025673756026662886,1.0,407.0,214.5,128.0,0.1168421052631579,0.0,0.73046875,0.0006259531801333651,9.916023250359388e-07,-0.00041165947914123535,2.0,0.3488749861717224,1.907597303390503,0.3488749861717224,1.5834357738494873,111,34.77686146576889
0.005257601384073496,0.005257601384073496,0.0062205910217016935,0.0062205910217016935,0.01147819240577519,0.5,385.0,238.0,69.0,0.11789473684210526,0.0,1.046875,0.0009756597282830626,9.914507686137017e-07,-1.379847526550293e-05,2.75,-0.5129749774932861,1.6079962253570557,-0.5129749774932861,1.9400497674942017,112,48.26668674987741
0.0034178070491179824,0.0034178070491179824,0.0013440860202535987,0.0013440860202535987,0.004761893069371581,1.0,328.0,215.75,128.0,0.11894736842105263,0.0,0.99609375,0.0010645170405041426,9.912978685838294e-07,0.0019367039203643799,2.0,0.8112125396728516,1.006478190422058,0.8112125396728516,1.2254655361175537,113,39.387085610302165
0.005960782174952328,0.005960782174952328,0.004764746641740203,0.004764746641740203,0.010725528816692531,0.25,516.0,239.5,109.0,0.12,0.0,1.1484375,0.0021400325640570372,9.911436253643443e-07,0.001688942313194275,2.5,-1.6880875825881958,0.8310095071792603,-1.6880875825881958,1.144471526145935,114,154.46248552389443
0.0012376237427815795,0.0012376237427815795,0.0029411765281111,0.0029411765281111,0.00417880027089268,0.5,202.0,137.5,68.0,0.12105263157894737,0.0,1.296875,0.0009266446431865916,9.909880393769418e-07,0.0010062754154205322,1.5,0.12426251173019409,1.5899474620819092,0.12426251173019409,1.3007274866104126,115,24.19156691315584
0.0006476683774963021,0.0006476683774963021,0.00390625,0.00390625,0.004553918377496302,0.5,386.0,210.25,122.0,0.12210526315789473,0.0,0.91015625,0.0016839183736010455,9.90831111046988e-07,0.001478150486946106,2.5,0.5743499994277954,2.2264671325683594,0.5743499994277954,1.9320520162582397,116,35.62280139303766
0.005175285506993532,0.005175285506993532,0.0036674817092716694,0.0036674817092716694,0.008842767216265202,0.75,409.0,231.25,128.0,0.1231578947368421,0.0,0.50390625,0.0015120238604140468,9.906728408035188e-07,-0.0004757791757583618,2.75,-0.5757625102996826,1.0607484579086304,-0.5757625102996826,2.5371086597442627,117,40.610504610231146
0.0,0.0,0.0,0.0,0.0,0.75,128.0,117.25,85.0,0.12421052631578948,1.0,0.044189453125,0.0025273748906329274,9.905132290792392e-07,0.00010109498543897644,1.0,-1.0,0.0,-1.0,0.0,118,19.331291522132233
0.0012499999720603228,0.0012499999720603228,0.0,0.0,0.0012499999720603228,0.0,454.0,217.75,74.0,0.12526315789473685,0.0,1.078125,0.001053558778949082,9.903522763105216e-07,0.0023965835571289062,2.75,0.9742749929428101,1.2725094556808472,0.9742749929428101,1.4675719738006592,119,48.34890058636665
0.004714310634881258,0.004714310634881258,0.0012376237427815795,0.0012376237427815795,0.0059519343776628375,1.0,308.0,258.75,202.0,0.12631578947368421,0.0,0.66015625,0.0006088251320761628,9.901899829374047e-07,0.00016102194786071777,2.75,1.7110625505447388,0.12429172545671463,1.7110625505447388,0.25985562801361084,120,48.293397777946666
0.006143069360405207,0.006143069360405207,0.0052083334885537624,0.0052083334885537624,0.011351402848958969,0.5,373.0,194.0,96.0,0.12736842105263158,0.0,1.046875,0.000939865320106037,9.900263494035922e-07,-0.000821918249130249,2.0,-0.4964333474636078,0.9487722516059875,-0.4964333474636078,1.2402946949005127,121,42.86656471085735
0.0028401960735209286,0.0028401960735209286,0.0018315018387511373,0.0018315018387511373,0.004671697912272066,0.75,543.0,382.25,192.0,0.12842105263157894,0.0,0.703125,0.0009215984318871051,9.89861376156452e-07,0.0021156370639801025,4.0,1.7885375022888184,0.4457070827484131,1.7885375022888184,0.7431221604347229,122,75.60776245919988
0.0,0.0,0.0012820513220503926,0.0012820513220503926,0.0012820513220503926,0.75,321.0,193.0,128.0,0.12947368421052632,0.5,0.49609375,0.0007398632442345843,9.896950636470146e-07,0.0011983272852376103,2.0,0.3744000196456909,0.3891562223434448,0.3744000196456909,1.6494112014770508,123,32.91004821402021
0.001953125,0.001953125,0.0008156606927514076,0.0008156606927514076,0.0027687856927514076,0.5,613.0,255.5,74.0,0.13052631578947368,0.0,1.3046875,0.0014048328303033486,9.895274123299722e-07,0.0032919198274612427,2.5,-1.2003999948501587,1.83791184425354,-1.2003999948501587,2.1348161697387695,124,41.57110169297084
0.0035702369641512632,0.0035702369641512632,0.0004816955770365894,0.0004816955770365894,0.004051932541187853,0.25,519.0,305.5,162.0,0.13157894736842105,0.0,0.80078125,0.0011227619979763404,9.893584226636772e-07,-0.0003282874822616577,3.25,0.9286875128746033,1.0883610248565674,0.9286875128746033,1.2611004114151,125,52.59864340303466
0.001308900536969304,0.001308900536969304,0.0026315790601074696,0.0026315790601074696,0.003940479597076774,0.25,191.0,132.25,66.0,0.13263157894736843,0.5,0.53515625,0.0008623112516943365,9.891880951101407e-07,-0.0005246847867965698,1.5,0.17416250705718994,0.0003358682442922145,0.17416250705718994,1.3558061122894287,126,26.955578608671203
0.00334075721912086,0.00334075721912086,0.0010752688394859433,0.0010752688394859433,0.004416026058606803,0.75,465.0,292.5,128.0,0.1336842105263158,0.5,0.41796875,0.0009532129188301042,9.890164301350317e-07,-0.0003539770841598511,3.25,0.13814163208007812,0.08158833533525467,0.13814163208007812,1.3175852298736572,127,52.218373951734975
0.0012195121962577105,0.0012195121962577105,0.004761904943734407,0.004761904943734407,0.005981417139992118,1.0,210.0,183.0,128.0,0.13473684210526315,0.0,0.8671875,0.0011474894126877189,9.888434282076757e-07,0.00011739134788513184,1.75,0.6115249991416931,0.7597154974937439,0.6115249991416931,1.074350118637085,128,30.47588811116293
0.0,0.0,0.002659574383869767,0.002659574383869767,0.002659574383869767,0.75,282.0,221.0,193.0,0.13578947368421052,0.0,0.625,0.0006518742375192232,9.886690898010534e-07,-0.00019592046737670898,2.25,0.9299125075340271,0.5917600393295288,0.9299125075340271,0.710249662399292,129,40.45015938114375
0.0,0.0,0.0017361111240461469,0.0017361111240461469,0.0017361111240461469,0.75,548.0,300.75,144.0,0.1368421052631579,0.0,0.8203125,0.0007600043463753536,9.884934153917996e-07,0.00215129554271698,3.25,1.2797374725341797,0.8392473459243774,1.2797374725341797,1.0457935333251953,130,61.71387577895075
0.0035927314311265945,0.0035927314311265945,0.0,0.0,0.0035927314311265945,0.25,445.0,291.75,128.0,0.13789473684210526,0.0,0.92578125,0.0013535410689655691,9.88316405460201e-07,-0.0008515268564224243,3.75,0.7170000076293945,0.7673876881599426,0.7170000076293945,1.7935826778411865,131,55.44110180088319
0.006767842452973127,0.006767842452973127,0.0,0.0,0.006767842452973127,0.5,207.0,159.0,128.0,0.13894736842105262,0.0,0.90625,0.0008844659751048312,9.881380604901963e-07,-0.0007805228233337402,1.75,0.673799991607666,0.8478564023971558,0.673799991607666,1.1190869808197021,132,27.994712407933548
0.005449628457427025,0.005449628457427025,0.001953125,0.001953125,0.007402753457427025,0.75,286.0,194.25,128.0,0.14,0.0,0.88671875,0.0008400918741244823,9.879583809693736e-07,-0.00040502846240997314,1.75,-0.8320749998092651,0.3454216420650482,-0.8320749998092651,0.4434935748577118,133,30.911693271016702
0.0030953133828006685,0.0030953133828006685,0.0,0.0,0.0030953133828006685,0.25,429.0,205.0,80.0,0.14105263157894737,0.0,1.1484375,0.0007169922755565494,9.8777736738897e-07,0.00045640766620635986,2.5,0.49947500228881836,2.120577812194824,0.49947500228881836,1.8508613109588623,134,38.330323371104896
0.0034629892907105386,0.0034629892907105386,0.003969253972172737,0.003969253972172737,0.007432243262883276,0.75,471.0,320.0,128.0,0.14210526315789473,0.0,0.83203125,0.00136930140433833,9.8759502024387e-07,0.0006109476089477539,3.5,0.8445208072662354,1.8082900047302246,0.8445208072662354,1.6290639638900757,135,49.58353883982636
0.005669234320521355,0.005669234320521355,0.001243781065568328,0.001243781065568328,0.006913015386089683,0.0,507.0,237.75,64.0,0.1431578947368421,0.0,1.5859375,0.0014530524786096066,9.87411340032603e-07,0.00015513598918914795,2.75,1.1117249727249146,1.325683832168579,1.1117249727249146,1.5551425218582153,136,43.602040777448565
0.001661129528656602,0.001661129528656602,0.002306007139850408,0.002306007139850408,0.00396713666850701,0.75,441.0,338.0,197.0,0.14421052631578948,0.0,0.6484375,0.0009585904772393405,9.872263272573442e-07,0.0016601234674453735,4.0,0.5133708119392395,1.4281140565872192,0.5133708119392395,1.1794732809066772,137,58.49116788012907
0.0015290520386770368,0.0015290520386770368,0.0009328357991762459,0.0009328357991762459,0.0024618878378532827,0.75,536.0,360.0,200.0,0.14526315789473684,0.0,0.69140625,0.0010033136495621875,9.870399824239114e-07,0.0011830329895019531,4.25,1.9015624523162842,0.7389088869094849,1.9015624523162842,0.74090576171875,138,58.72280362225138
0.005780455132480711,0.005780455132480711,0.001683501643128693,0.001683501643128693,0.007463956775609404,0.5,297.0,223.25,131.0,0.1463157894736842,0.0,0.8515625,0.0012071041128365323,9.868523060417645e-07,-0.0007173418998718262,2.75,0.885812520980835,1.0071145296096802,0.885812520980835,1.3612786531448364,139,153.87039213301614
0.004694835748523474,0.004694835748523474,0.0,0.0,0.004694835748523474,0.5,213.0,145.5,76.0,0.14736842105263157,0.5,0.275390625,0.0009905795668601058,9.866632986240029e-07,1.621246337890625e-05,1.5,0.09963750839233398,0.0001591043546795845,0.09963750839233398,1.269752025604248,140,23.223991656210274
0.0034246575087308884,0.0034246575087308884,0.0,0.0,0.0034246575087308884,0.5,518.0,398.25,276.0,0.14842105263157895,0.0,0.55859375,0.0007869177352404222,9.864729606873661e-07,0.00028759241104125977,4.25,0.8742250204086304,1.7321641445159912,0.8742250204086304,2.185054302215576,141,59.40043828706257
0.0006172839784994721,0.0006172839784994721,0.002747252816334367,0.002747252816334367,0.003364536794833839,0.25,460.0,380.75,203.0,0.14947368421052631,0.0,0.67578125,0.0009666590340202674,9.862812927522308e-07,-0.00021536648273468018,4.75,0.919291615486145,0.19227410852909088,0.919291615486145,0.1927848905324936,142,185.07808265206404
0.0027027027681469917,0.0027027027681469917,0.00390625,0.00390625,0.006608952768146992,0.75,370.0,176.25,79.0,0.15052631578947367,0.5,0.48828125,0.001338334783213213,9.860882953426098e-07,-0.0019769580103456974,1.75,-0.6418666839599609,0.5064769983291626,-0.6418666839599609,0.7162666320800781,143,29.40361895598471
0.0037499357713386416,0.0037499357713386416,0.0024999999441206455,0.0024999999441206455,0.006249935715459287,0.75,206.0,165.0,65.0,0.15157894736842106,0.0,1.4453125,0.001283853613131214,9.858939689861506e-07,0.00040668249130249023,1.75,0.7612375020980835,0.830125629901886,0.7612375020980835,1.1741583347320557,144,47.157575593097135
0.002142857061699033,0.002142857061699033,0.0,0.0,0.002142857061699033,0.5,350.0,213.5,128.0,0.15263157894736842,0.0,0.91796875,0.0013005059590796009,9.856983142141337e-07,-0.0008940547704696655,2.25,0.33703744411468506,0.44231298565864563,0.33703744411468506,1.6928081512451172,145,38.77050457987934
0.0033333334140479565,0.0033333334140479565,0.0,0.0,0.0033333334140479565,0.5,375.0,177.0,77.0,0.15368421052631578,0.5,0.796875,0.0011166839103680104,9.855013315614725e-07,-0.00021203418145887554,2.25,0.0,1.4142135381698608,0.0,2.0,146,32.62035978282802
0.005318552255630493,0.005318552255630493,0.00390625,0.00390625,0.009224802255630493,0.75,311.0,184.75,128.0,0.15473684210526314,0.0,0.92578125,0.0012816982925869524,9.853030215667093e-07,-0.00030897557735443115,2.0,-0.15658748149871826,1.1927653551101685,-0.15658748149871826,1.178453803062439,147,34.636971418280154
0.0016844328492879868,0.0016844328492879868,0.0023659307043999434,0.0023659307043999434,0.00405036355368793,1.0,339.0,262.0,128.0,0.15578947368421053,0.0,0.8984375,0.00098506870563142,9.851033847720164e-07,0.0009302049875259399,2.5,1.1244125366210938,0.9543290138244629,1.1244125366210938,1.4194175004959106,148,47.53127789916471
0.0,0.0,0.0010000000474974513,0.0010000000474974513,0.0010000000474974513,0.25,500.0,282.0,72.0,0.1568421052631579,0.5,0.3671875,0.0011645790946204215,9.849024217231934e-07,0.0013426542282104492,3.25,-0.3878374695777893,1.784967303276062,-0.3878374695777893,2.1789450645446777,149,167.89998542284593
0.004299025633372366,0.004299025633372366,0.0018173572607338428,0.0018173572607338428,0.006116382894106209,0.0,589.0,456.75,296.0,0.15789473684210525,0.0,0.60546875,0.0010198622476309538,9.847001329696652e-07,0.0006423145532608032,5.25,-0.06499585509300232,1.376495361328125,-0.06499585509300232,1.3494482040405273,150,195.7222213826608
0.0,0.0,0.0,0.0,0.0,0.5,128.0,108.0,76.0,0.15894736842105264,1.0,0.031982421875,0.0014317528839455917,9.844965190644817e-07,5.7270113757112995e-05,1.0,-1.0,0.0,-1.0,0.0,151,19.680273934965953
0.0048600370064377785,0.0048600370064377785,0.003816793905571103,0.003816793905571103,0.008676830912008882,0.25,352.0,188.25,79.0,0.16,0.0,0.953125,0.0007536128323408775,9.842915805643156e-07,0.00017435848712921143,2.25,0.3618999719619751,2.032755136489868,0.3618999719619751,1.7010589838027954,152,35.49382471619174
0.0008417508215643466,0.0008417508215643466,0.0012135922443121672,0.0012135922443121672,0.0020553430658765137,0.75,297.0,228.25,128.0,0.16105263157894736,0.0,0.796875,0.0009078098373720422,9.840853180294608e-07,-0.0009284168481826782,2.5,-0.0702124834060669,0.8400251865386963,-0.0702124834060669,1.486869215965271,153,38.176463414216414
0.0,0.0,0.0011286681983619928,0.0011286681983619928,0.0011286681983619928,0.75,443.0,191.25,66.0,0.16210526315789472,0.5,0.5,0.0033962201414396986,9.838777320238312e-07,0.0015309043228626251,1.75,-1.1338958740234375,0.18935732543468475,-1.1338958740234375,0.2677917182445526,154,31.909975994145498
0.0030120480805635452,0.0030120480805635452,0.0004892367869615555,0.0004892367869615555,0.0035012848675251007,0.25,511.0,202.25,83.0,0.1631578947368421,0.5,0.60546875,0.0011583393352339044,9.836688231149592e-07,0.0005226582288742065,2.25,-1.475000023841858,0.6717514991760254,-1.475000023841858,0.9500000476837158,155,171.69216005411
0.003746239934116602,0.003746239934116602,0.005859375,0.005859375,0.009605614934116602,0.5,230.0,161.25,128.0,0.16421052631578947,0.0,1.09375,0.0012134070711908862,9.834585918739934e-07,-0.001072913408279419,1.5,0.13672500848770142,1.6075719594955444,0.13672500848770142,1.3140122890472412,156,34.38010819605552
0.0022255193907767534,0.0022255193907767534,0.0,0.0,0.0022255193907767534,0.0,342.0,284.25,190.0,0.16526315789473683,0.0,0.59375,0.0008697301527718082,9.832470388756986e-07,0.0006816238164901733,3.25,0.5487499833106995,0.8365662097930908,0.5487499833106995,1.4630637168884277,157,54.6439634419512
0.0005307855899445713,0.0005307855899445713,0.0014880952658131719,0.0014880952658131719,0.002018880855757743,0.75,471.0,223.75,128.0,0.16631578947368422,0.5,0.609375,0.0011353739100741223,9.83034164698452e-07,-0.00023259222507476807,2.25,-0.9943250417709351,0.15011876821517944,-0.9943250417709351,0.1734660416841507,158,35.66286791395396
0.001217763521708548,0.001217763521708548,0.0005081300623714924,0.0005081300623714924,0.0017258935840800405,1.0,593.0,381.75,128.0,0.16736842105263158,0.0,0.8046875,0.0011458564113127068,9.828199699242439e-07,0.0013276785612106323,4.0,0.9170249700546265,1.147775650024414,0.9170249700546265,1.3271749019622803,159,65.30914825526997
0.0033762420061975718,0.0033762420061975718,0.0030069772619754076,0.0030069772619754076,0.006383219268172979,0.5,328.0,270.75,208.0,0.16842105263157894,0.0,0.69921875,0.0009081042953766882,9.826044551386742e-07,-0.0006837844848632812,3.25,1.7483999729156494,0.2118491530418396,1.7483999729156494,0.267931193113327,160,63.80611382308416
0.0033482143189758062,0.0033482143189758062,0.0,0.0,0.0033482143189758062,1.0,224.0,168.75,128.0,0.1694736842105263,0.5,0.5078125,0.0007917833427200094,9.823876209309526e-07,0.0007001161575317383,1.5,0.1370375156402588,0.052873894572257996,0.1370375156402588,1.3143566846847534,161,32.15022214315832
0.0011904762359336019,0.0011904762359336019,0.006849315017461777,0.006849315017461777,0.008039791253395379,0.75,210.0,152.25,73.0,0.1705263157894737,0.0,1.03125,0.0012097721046302468,9.821694678938952e-07,-0.0013557523488998413,1.5,0.17428749799728394,1.6606931686401367,0.17428749799728394,1.3559503555297852,162,30.79389956826344
0.00390625,0.00390625,0.000645994849037379,0.000645994849037379,0.004552244849037379,0.5,387.0,163.75,65.0,0.17157894736842105,0.5,0.7421875,0.002557869636802934,9.819499966239242e-07,0.0019193877233192325,1.75,-1.4500000476837158,0.6363961100578308,-1.4500000476837158,0.8999999761581421,163,27.359407539246604
0.003713052370585501,0.003713052370585501,0.0,0.0,0.003713052370585501,1.0,216.0,187.25,128.0,0.1726315789473684,0.0,0.99609375,0.0014176407712511718,9.817292077210656e-07,0.0005391240119934082,1.75,0.7606750130653381,0.8305675983428955,0.7606750130653381,1.173783540725708,164,35.46309317322448
0.0011574074160307646,0.0011574074160307646,0.004254817729815841,0.004254817729815841,0.005412225145846605,0.5,432.0,239.0,77.0,0.1736842105263158,0.0,0.921875,0.0009561737533658743,9.81507101788948e-07,-0.0016261935234069824,2.75,1.2114499807357788,1.4668223857879639,1.2114499807357788,1.7015409469604492,165,44.49201544583775
0.0029069767333567142,0.0029069767333567142,0.0004892367869615555,0.0004892367869615555,0.0033962135203182697,0.75,511.0,256.25,128.0,0.17473684210526316,0.5,0.458984375,0.0011900375538971275,9.812836794348002e-07,0.0004476690955925733,2.5,-0.3314499855041504,0.7156627774238586,-0.3314499855041504,1.130859375,166,162.94044490880333
0.0015082081663422287,0.0015082081663422287,0.00390625,0.00390625,0.005414458166342229,0.75,681.0,334.25,128.0,0.17578947368421052,0.0,0.95703125,0.0013066117389826104,9.81058941269451e-07,-0.0017133057117462158,3.25,1.374424934387207,1.8383009433746338,1.374424934387207,1.864708423614502,167,53.91268624085933
0.002535497071221471,0.002535497071221471,0.0012019231216982007,0.0012019231216982007,0.0037374201929196715,1.0,493.0,239.25,128.0,0.17684210526315788,0.5,0.388671875,0.0013111669977661222,9.808328879073251e-07,0.00011295080184936523,2.25,0.5367499589920044,0.5123341679573059,0.5367499589920044,1.8705031871795654,168,41.91815288527869
0.005349731305614114,0.005349731305614114,0.0014044943964108825,0.0014044943964108825,0.006754225702024996,0.5,534.0,323.75,128.0,0.17789473684210527,0.0,0.8828125,0.0008112708310363814,9.806055199664445e-07,0.0012351125478744507,3.5,0.6682000160217285,2.1293814182281494,0.6682000160217285,1.8692625761032104,169,60.57739280280657
0.0015251538716256618,0.0015251538716256618,0.0,0.0,0.0015251538716256618,0.5,408.0,205.0,67.0,0.17894736842105263,0.0,1.7734375,0.0011818748316727579,9.803768380684242e-07,0.0034240782260894775,2.25,0.38638749718666077,1.9606479406356812,0.38638749718666077,1.6020137071609497,170,34.66282361187041
0.0015479875728487968,0.0015479875728487968,0.0016778523568063974,0.0016778523568063974,0.0032258399296551943,0.5,323.0,190.5,96.0,0.18,0.0,1.171875,0.001224360428750515,9.801468428384716e-07,0.0017635524272918701,2.0,0.8115625381469727,0.9007657170295715,0.8115625381469727,1.2256355285644531,171,37.810365406796336
0.0021126761566847563,0.0021126761566847563,0.0012376237427815795,0.0012376237427815795,0.0033502998994663358,1.0,355.0,203.25,128.0,0.18105263157894738,0.5,0.404296875,0.0006171507120598108,9.79915534905385e-07,-0.0011764615774154663,2.0,0.2992750406265259,0.31780919432640076,0.2992750406265259,1.5445035696029663,172,36.84348739986308
0.004790755687281489,0.004790755687281489,0.0007485030218958855,0.0007485030218958855,0.005539258709177375,0.5,343.0,261.0,79.0,0.18210526315789474,0.0,0.87890625,0.0015417618415085599,9.796829149015516e-07,0.00026769936084747314,3.25,0.8445208668708801,0.5601640939712524,0.8445208668708801,1.448821783065796,173,53.02428776957095
0.0007062146905809641,0.0007062146905809641,0.001953125,0.001953125,0.002659339690580964,0.75,354.0,227.5,128.0,0.1831578947368421,0.0,0.64453125,0.0010578211804386228,9.794489834629454e-07,0.0008417516946792603,2.25,0.9363999962806702,1.0778428316116333,0.9363999962806702,1.3324259519577026,174,42.9403475841973
0.0026041667442768812,0.0026041667442768812,0.004950494971126318,0.004950494971126318,0.007554661715403199,0.0,288.0,166.25,101.0,0.18421052631578946,0.0,1.203125,0.0030326737323775887,9.792137412291263e-07,0.0029560625553131104,2.0,-0.28828752040863037,1.1493135690689087,-0.28828752040863037,1.5609641075134277,175,31.035336308181286
0.0034246575087308884,0.0034246575087308884,0.0024271844886243343,0.0024271844886243343,0.005851841997355223,0.25,146.0,117.25,92.0,0.18526315789473685,0.5,0.72265625,0.001815818228351418,9.789771888432373e-07,-0.0004644848813768476,1.25,-0.41267499327659607,0.8306029438972473,-0.41267499327659607,1.1746498346328735,176,24.905660319840536
0.00480441702529788,0.00480441702529788,0.0008620689623057842,0.0008620689623057842,0.005666485987603664,0.5,472.0,300.25,128.0,0.1863157894736842,0.0,0.85546875,0.0012566658260766417,9.787393269520038e-07,-3.129243850708008e-05,3.25,1.2490249872207642,1.3789643049240112,1.2490249872207642,1.591867208480835,177,54.606364701874554
0.0011467889416962862,0.0011467889416962862,0.0,0.0,0.0011467889416962862,1.0,436.0,220.5,128.0,0.18736842105263157,0.5,0.46484375,0.0018443624576320872,9.78500156205731e-07,-7.118284702301025e-05,2.25,0.5494124889373779,0.5304183959960938,0.5494124889373779,1.891039490699768,178,42.27707307599485
0.004443173296749592,0.004443173296749592,0.001953125,0.001953125,0.006396298296749592,0.5,552.0,396.75,128.0,0.18842105263157893,0.0,0.625,0.000788048462709412,9.782596772583025e-07,-8.672475814819336e-05,4.5,0.08589997887611389,0.1495177447795868,0.08589997887611389,1.2500966787338257,179,108.7216550372541
0.0012820513220503926,0.0012820513220503926,0.0,0.0,0.0012820513220503926,0.5,195.0,116.75,65.0,0.18947368421052632,0.5,0.69921875,0.000866394977492746,9.780178907671788e-07,-0.00022463500499725342,1.25,-0.4129124879837036,0.8302671313285828,-0.4129124879837036,1.1741750240325928,180,22.84730001888238
0.0005924170836806297,0.0005924170836806297,0.0021008404437452555,0.0021008404437452555,0.002693257527425885,0.5,422.0,238.75,119.0,0.19052631578947368,0.0,0.76171875,0.0009221050859196112,9.777747973933946e-07,0.0009275078773498535,2.5,0.9740999937057495,1.130911111831665,0.9740999937057495,1.3755794763565063,181,46.50610388163477
0.003939552698284388,0.003939552698284388,0.005672269035130739,0.005672269035130739,0.009611821733415127,0.75,431.0,299.75,70.0,0.19157894736842104,0.0,1.125,0.0012000353599432856,9.775303978015585e-07,0.0002525895833969116,3.0,0.9325833320617676,0.6830769777297974,0.9325833320617676,1.5570751428604126,182,52.211634253384545
0.003862466663122177,0.003862466663122177,0.0,0.0,0.003862466663122177,0.75,488.0,227.5,79.0,0.19263157894736843,0.0,0.96484375,0.0008943193970480934,9.77284692659849e-07,-0.0001904815435409546,2.25,0.4869750142097473,2.102900266647339,0.4869750142097473,1.7912638187408447,183,46.24160900642164
0.0,0.0,0.0,0.0,0.0,0.75,285.0,175.75,76.0,0.1936842105263158,0.5,0.478515625,0.0019358765421202406,9.77037682640015e-07,0.0006034672260284424,1.75,-0.20692500472068787,0.5390982031822205,-0.20692500472068787,1.107305884361267,184,31.482519460842013
0.0012499999720603228,0.0012499999720603228,0.001308900536969304,0.001308900536969304,0.002558900509029627,0.75,537.0,264.0,128.0,0.19473684210526315,0.0,0.83203125,0.0005710872428608127,9.76789368417372e-07,0.0010529756546020508,2.75,1.1113998889923096,1.3254716396331787,1.1113998889923096,1.5544909238815308,185,48.7578197971452
0.0015123323537409306,0.0015123323537409306,0.004143191268667579,0.004143191268667579,0.005655523622408509,0.5,381.0,294.0,201.0,0.1957894736842105,0.0,0.72265625,0.0012378596584312618,9.76539750670802e-07,0.00017085671424865723,3.0,1.3423874378204346,1.176501989364624,1.3423874378204346,1.1999378204345703,186,54.218891135184094
0.008102888474240899,0.008102888474240899,0.0028491823468357325,0.0028491823468357325,0.010952070821076632,0.5,279.0,198.25,128.0,0.1968421052631579,0.0,0.82421875,0.0008574165258323774,9.762888300827505e-07,-0.0005679428577423096,2.25,0.9864999055862427,0.9015610814094543,0.9864999055862427,1.3436996936798096,187,38.441588503308594
0.0021008404437452555,0.0021008404437452555,0.0019248263561166823,0.0019248263561166823,0.004025666799861938,0.75,543.0,337.75,119.0,0.19789473684210526,0.0,0.74609375,0.0011376206821296364,9.760366073392244e-07,8.568167686462402e-05,3.5,-1.419487476348877,0.8569604754447937,-1.419487476348877,1.0112671852111816,188,414.44220393011346
0.004738507617730647,0.004738507617730647,0.001953125,0.001953125,0.006691632617730647,0.75,316.0,190.5,128.0,0.19894736842105262,0.0,1.4453125,0.0010596817883197218,9.757830831297913e-07,0.0013074874877929688,2.0,0.29948753118515015,1.8377528190612793,0.29948753118515015,1.5448631048202515,189,35.835813343990594
0.0008849557489156723,0.0008849557489156723,0.005319148767739534,0.005319148767739534,0.006204104516655207,0.25,565.0,214.0,69.0,0.2,0.5,0.76953125,0.0015455027751158923,9.755282581475767e-07,0.0001074075698852539,2.25,0.125,1.5909903049468994,0.125,2.25,190,44.637467343127355
0.0032351259142160416,0.0032351259142160416,0.0015105740167200565,0.0015105740167200565,0.004745699930936098,1.0,404.0,312.5,186.0,0.20105263157894737,0.0,0.68359375,0.000818872831587214,9.752721330892623e-07,-0.0005934685468673706,3.5,0.5734000205993652,0.8367429971694946,0.5734000205993652,1.4387034177780151,191,54.07563784113154
0.006389159709215164,0.006389159709215164,0.0031250000465661287,0.0031250000465661287,0.009514159755781293,0.25,293.0,180.0,80.0,0.20210526315789473,0.0,1.4609375,0.0020962215057807043,9.750147086550842e-07,0.0010346919298171997,2.25,0.3991750180721283,1.9787322282791138,0.3991750180721283,1.6177231073379517,192,42.74583321809769
0.0012594457948580384,0.0012594457948580384,0.0,0.0,0.0012594457948580384,0.5,397.0,212.0,128.0,0.2031578947368421,0.5,0.46484375,0.0005921811643929686,9.747559855488313e-07,-0.0003329535247758031,2.25,0.3992624878883362,0.31856924295425415,0.3992624878883362,1.6570744514465332,193,35.23882380127907
0.0,0.0,0.002358490601181984,0.002358490601181984,0.002358490601181984,1.0,280.0,187.0,128.0,0.20421052631578948,0.5,0.56640625,0.001358043955406174,9.744959644778421e-07,0.0012896014377474785,1.75,0.261787474155426,0.12358459085226059,0.261787474155426,1.4639583826065063,194,34.28404965088703
0.0012820513220503926,0.0012820513220503926,0.0014367816038429737,0.0014367816038429737,0.0027188329258933663,1.0,585.0,340.0,128.0,0.20526315789473684,0.0,1.03125,0.0016859429597388953,9.742346461530047e-07,0.0023038536310195923,3.5,0.6008708477020264,1.2863391637802124,0.6008708477020264,1.791605830192566,195,62.58019231003709
0.002705992548726499,0.002705992548726499,0.0010752688394859433,0.0010752688394859433,0.0037812613882124424,1.0,465.0,306.75,195.0,0.2063157894736842,0.0,0.73046875,0.0011608324566623196,9.739720312887533e-07,0.0008265972137451172,3.25,1.054574966430664,0.9452956914901733,1.054574966430664,1.1108686923980713,196,182.06404189905152
0.006759630516171455,0.006759630516171455,0.0006561679765582085,0.0006561679765582085,0.007415798492729664,1.0,381.0,258.0,128.0,0.2073684210526316,0.0,0.78125,0.001326367724686861,9.73708120603067e-07,0.0007721185684204102,2.75,1.2235000133514404,0.8480685353279114,1.2235000133514404,1.5451842546463013,197,84.30392263596877
0.004633055650629103,0.004633055650629103,0.0006234414177015424,0.0006234414177015424,0.0052564970683306456,0.75,401.0,281.75,214.0,0.20842105263157895,0.0,0.65625,0.0007164850030676462,9.734429148174674e-07,0.0017103403806686401,3.0,0.8405541181564331,1.2144500017166138,0.8405541181564331,1.519822359085083,198,53.01838987180963
0.0029498524963855743,0.0029498524963855743,0.0,0.0,0.0029498524963855743,0.75,339.0,206.5,128.0,0.2094736842105263,0.0,1.3515625,0.0020162447181064636,9.731764146570173e-07,-0.0004823654890060425,2.0,-0.742316722869873,0.47172269225120544,-0.742316722869873,0.6206695437431335,199,154.2917012993712
0.005752484314143658,0.005752484314143658,0.0,0.0,0.005752484314143658,0.5,454.0,236.75,81.0,0.21052631578947367,0.0,1.1796875,0.0027319585933582857,9.729086208503173e-07,-0.00013668835163116455,2.75,1.249000072479248,1.6620545387268066,1.249000072479248,1.8387154340744019,200,50.71160058793612
0.001312335953116417,0.001312335953116417,0.0008389261784031987,0.0008389261784031987,0.0021512621315196157,0.5,381.0,233.75,128.0,0.21157894736842106,0.5,0.56640625,0.001356436885544099,9.726395341295061e-07,0.0005929366452619433,2.25,0.48697495460510254,0.3356989324092865,0.48697495460510254,1.7602229118347168,201,38.14364572009072
0.0027061370201408863,0.0027061370201408863,0.0005868544685654342,0.0005868544685654342,0.0032929914887063205,0.5,426.0,253.0,126.0,0.21263157894736842,0.0,0.859375,0.001253022564924322,9.723691552302562e-07,0.0009399503469467163,2.75,-1.5442124605178833,1.3516875505447388,-1.5442124605178833,1.6825482845306396,202,160.29157828679308
0.0038156515220180154,0.0038156515220180154,0.001953125,0.001953125,0.005768776522018015,0.75,328.0,265.75,128.0,0.21368421052631578,0.0,1.71875,0.0013183618430048227,9.720974848917734e-07,0.0021430552005767822,2.75,1.2115750312805176,1.0776307582855225,1.2115750312805176,1.4760723114013672,203,51.301304867258295
0.002439024392515421,0.002439024392515421,0.0,0.0,0.002439024392515421,1.0,205.0,147.25,128.0,0.21473684210526317,0.5,0.69140625,0.0007981598901096731,9.718245238567938e-07,4.564225673675537e-05,1.25,-0.413100004196167,0.830001950263977,-0.413100004196167,1.173799991607666,204,26.21186070679687
0.0036764706019312143,0.0036764706019312143,0.002747252816334367,0.002747252816334367,0.006423723418265581,0.75,204.0,137.75,91.0,0.21578947368421053,0.5,0.7421875,0.0015496216947212815,9.715502728715825e-07,-0.001728653907775879,1.25,-0.41302499175071716,0.8301079869270325,-0.41302499175071716,1.173949956893921,205,26.55069231125526
0.0019434269634075463,0.0019434269634075463,0.0007621950935572386,0.0007621950935572386,0.002705622056964785,0.5,378.0,257.25,128.0,0.2168421052631579,0.0,0.63671875,0.0013350709341466427,9.712747326859315e-07,0.00018480420112609863,2.75,1.161787509918213,1.0425405502319336,1.161787509918213,1.5099557638168335,206,45.94511476322077
0.0,0.0,0.0027777778450399637,0.0027777778450399637,0.0027777778450399637,0.5,306.0,161.25,31.0,0.21789473684210525,0.5,0.53515625,0.0016521578654646873,9.709979040531567e-07,0.0004869699478149414,1.75,0.31210005283355713,0.1945604383945465,0.31210005283355713,1.5316485166549683,207,31.520475761964917
0.01205080933868885,0.01205080933868885,0.0029707065550610423,0.0029707065550610423,0.015021515893749893,0.25,643.0,433.75,92.0,0.21894736842105264,0.0,0.734375,0.0024004324222914875,9.707197877300973e-07,-0.0018285810947418213,4.75,0.39976251125335693,0.8135087490081787,0.39976251125335693,2.8267126083374023,208,315.60430458770134
0.0035662625450640917,0.0035662625450640917,0.002218934940174222,0.002218934940174222,0.005785197485238314,0.5,338.0,188.0,123.0,0.22,0.0,0.9296875,0.0023204322205856442,9.704403844771127e-07,-0.00031991302967071533,1.75,-0.712725043296814,1.2547963857650757,-0.712725043296814,1.4864009618759155,209,30.28178404388018
0.004471086198464036,0.004471086198464036,0.0027172439731657505,0.0027172439731657505,0.0071883301716297865,0.75,516.0,277.75,143.0,0.22105263157894736,0.0,0.76953125,0.0011541598360054195,9.701596950580807e-07,0.0012106746435165405,2.75,0.7543375492095947,0.7333934307098389,0.7543375492095947,0.9580610394477844,210,93.49637442291714
0.006101335980929434,0.006101335980929434,0.002981931553222239,0.002981931553222239,0.009083267534151673,0.75,243.0,181.0,128.0,0.22210526315789475,0.0,1.0546875,0.0019938306068070233,9.698777202403952e-07,-0.0003705322742462158,1.75,0.7615000009536743,0.8304969072341919,0.7615000009536743,1.1743333339691162,211,35.82895663473755
0.0033825989812612534,0.0033825989812612534,0.001953125,0.001953125,0.005335723981261253,0.5,537.0,316.75,128.0,0.2231578947368421,0.0,0.86328125,0.0008994875533971936,9.695944607949648e-07,0.0017688721418380737,3.5,0.5521249771118164,2.1950361728668213,0.5521249771118164,1.8801156282424927,212,57.403258844744414
0.00215234758798033,0.00215234758798033,0.0023786895908415318,0.0023786895908415318,0.004531037178821862,1.0,427.0,327.75,207.0,0.22421052631578947,0.0,0.79296875,0.0012768060405505821,9.693099174962102e-07,0.0016602575778961182,3.25,0.4604000449180603,0.6788461208343506,0.4604000449180603,1.3265154361724854,213,74.55475996388122
0.003544494858942926,0.003544494858942926,0.002240143483504653,0.002240143483504653,0.005784638342447579,0.75,558.0,275.5,128.0,0.22526315789473683,0.0,0.8359375,0.0010801993776112795,9.690240911220617e-07,0.0009288787841796875,2.75,-0.07576248049736023,1.8727545738220215,-0.07576248049736023,1.5657234191894531,214,46.907624817918986
0.000776397529989481,0.000776397529989481,0.0,0.0,0.000776397529989481,0.75,322.0,184.0,71.0,0.22631578947368422,0.5,0.478515625,0.0008985831445897929,9.687369824539576e-07,0.0002574622631072998,1.75,0.2614375352859497,0.12393815815448761,0.2614375352859497,1.463596224784851,215,32.950507612898946
0.004691193928010762,0.004691193928010762,0.0005681818001903594,0.0005681818001903594,0.005259375728201121,0.5,440.0,396.0,289.0,0.22736842105263158,0.0,0.70703125,0.0013270994531922042,9.684485922768421e-07,0.0007932782173156738,4.75,0.36617496609687805,1.155907392501831,0.36617496609687805,1.3764605522155762,216,195.55108768655919
0.0023510970640927553,0.0023510970640927553,0.0006142506026662886,0.0006142506026662886,0.002965347666759044,1.0,407.0,245.5,128.0,0.22842105263157894,0.5,0.412109375,0.0014153669617371634,9.681589213791631e-07,0.00014600157737731934,2.5,-0.33412083983421326,1.1431384086608887,-0.33412083983421326,1.5275952816009521,217,42.281224448699504
0.0014940239489078522,0.0014940239489078522,0.003993941238150001,0.003993941238150001,0.005487965187057853,0.75,502.0,269.75,128.0,0.2294736842105263,0.0,0.79296875,0.0009931647218763828,9.678679705528698e-07,-0.00015804171562194824,2.75,0.6925375461578369,0.7332874536514282,0.6925375461578369,1.6001636981964111,218,53.46583745535463
0.004700377816334367,0.004700377816334367,0.0006393861840479076,0.0006393861840479076,0.005339764000382274,0.5,391.0,226.75,91.0,0.2305263157894737,0.0,0.94140625,0.001725615220493637,9.675757405934103e-07,0.0003895312547683716,2.25,-1.3843958377838135,0.5436177253723145,-1.3843958377838135,0.54254150390625,219,37.39896442787722
0.0033039648551493883,0.0033039648551493883,0.001953125,0.001953125,0.005257089855149388,0.75,227.0,139.25,74.0,0.23157894736842105,0.5,0.6171875,0.0022875954455230385,9.672822322997304e-07,-0.0008309968397952616,1.25,-0.4127125144004822,0.830549955368042,-0.4127125144004822,1.1745749711990356,220,26.93385797715746
0.004884523921646178,0.004884523921646178,0.0027067462215200067,0.0027067462215200067,0.007591270143166184,0.75,331.0,290.75,209.0,0.2326315789473684,0.0,0.52734375,0.0007281279686139897,9.669874464742705e-07,-0.0015718936920166016,2.75,1.7110373973846436,0.1237259954214096,1.7110373973846436,0.2599632441997528,221,54.05007428815588
0.0035637407563626766,0.0035637407563626766,0.0012135922443121672,0.0012135922443121672,0.004777333000674844,0.75,412.0,252.0,185.0,0.2336842105263158,0.0,0.58984375,0.0007122154929675162,9.666913839229637e-07,0.00046344101428985596,3.0,1.1699333190917969,0.6073222160339355,1.1699333190917969,0.7016803026199341,222,44.179035055683926
0.0033561730524525046,0.0033561730524525046,0.0004690431524068117,0.0004690431524068117,0.0038252162048593163,0.5,533.0,324.0,203.0,0.23473684210526316,0.0,0.71484375,0.0009796847589313984,9.663940454552341e-07,7.936358451843262e-05,3.75,1.5217666625976562,0.49724918603897095,1.5217666625976562,0.5913413763046265,223,61.11915316618979
0.003939662070479244,0.003939662070479244,0.001953125,0.001953125,0.005892787070479244,0.5,293.0,207.5,128.0,0.23578947368421052,0.0,0.7734375,0.0013066111569060013,9.660954318839932e-07,0.000748857855796814,2.25,0.5198083519935608,0.4889407753944397,0.5198083519935608,1.1110458374023438,224,160.62533130915835
0.0017605633474886417,0.0017605633474886417,0.0023255813866853714,0.0023255813866853714,0.004086144734174013,0.5,430.0,300.0,128.0,0.23684210526315788,0.0,0.83984375,0.0010555286862654611,9.657955440256395e-07,0.0011175870895385742,3.75,1.449375033378601,0.8829994797706604,1.449375033378601,1.758155107498169,225,54.22948579164222
0.0007961783558130264,0.0007961783558130264,0.0,0.0,0.0007961783558130264,0.5,314.0,191.25,128.0,0.23789473684210527,0.5,0.51171875,0.0010427921370137483,9.654943827000546e-07,0.001694166800007224,2.25,0.38711249828338623,0.1944366842508316,0.38711249828338623,1.617358684539795,226,41.44350744574331
0.00405269640032202,0.00405269640032202,0.0027624310459941626,0.0027624310459941626,0.006815127446316183,0.5,541.0,284.25,128.0,0.23894736842105263,0.0,0.79296875,0.0005682251867256127,9.651919487306024e-07,-0.000710800290107727,3.0,0.8433250188827515,1.0870704650878906,0.8433250188827515,1.8898392915725708,227,58.794465193059295
0.0011415524641051888,0.0011415524641051888,0.001953125,0.001953125,0.003094677464105189,1.0,219.0,167.25,128.0,0.24,0.0,0.8515625,0.0010353328980272636,9.648882429441256e-07,0.0005604475736618042,1.5,0.1742750108242035,1.6606756448745728,0.1742750108242035,1.3559359312057495,228,31.620398251106963
0.003968493081629276,0.003968493081629276,0.002314814832061529,0.002314814832061529,0.0062833079136908054,0.5,318.0,204.0,77.0,0.24105263157894738,0.0,1.515625,0.001040032904711552,9.645832661709443e-07,0.003803759813308716,2.0,0.39916250109672546,1.9787145853042603,0.39916250109672546,1.6176477670669556,229,38.680503034964204
0.0017985611921176314,0.0017985611921176314,0.008344725472852588,0.008344725472852588,0.01014328666497022,0.5,278.0,190.5,84.0,0.24210526315789474,0.0,0.97265625,0.0012598195171449333,9.642770192448535e-07,-0.0007066130638122559,2.25,0.8859750032424927,1.0073442459106445,0.8859750032424927,1.279314398765564,230,38.78451645979658
0.002747252816334367,0.002747252816334367,0.0038567937444895506,0.0038567937444895506,0.006604046560823917,1.0,534.0,362.5,182.0,0.2431578947368421,0.0,0.5625,0.0010165362327825278,9.639695030031203e-07,0.0005229413509368896,3.75,1.5886625051498413,0.43849459290504456,1.5886625051498413,0.5770130157470703,231,67.25641897995956
0.0,0.0,0.0,0.0,0.0,0.5,128.0,110.5,83.0,0.24421052631578946,1.0,0.0213623046875,0.0014443375694099814,9.636607182864826e-07,5.7773500884650275e-05,1.0,-1.0,0.0,-1.0,0.0,232,19.942440202692524
0.0032541934051550925,0.0032541934051550925,0.001976247294805944,0.001976247294805944,0.0052304406999610364,0.5,527.0,374.5,203.0,0.24526315789473685,0.0,0.55078125,0.0007411016413243487,9.63350665939146e-07,0.0006832480430603027,3.75,0.9281166791915894,0.8427770137786865,0.9281166791915894,0.7316086888313293,233,68.32806529616937
0.0034459175658412278,0.0034459175658412278,0.0012254902394488454,0.0012254902394488454,0.004671407805290073,0.75,297.0,217.0,79.0,0.2463157894736842,0.0,1.4375,0.0011854320473503321,9.630393468087817e-07,0.00106009840965271,2.25,0.9989874958992004,1.166072130203247,0.9989874958992004,1.3526570796966553,234,42.64294452499598
0.002054326352663338,0.002054326352663338,0.007723043905571103,0.007723043905571103,0.009777370258234441,0.75,321.0,194.0,128.0,0.24736842105263157,0.0,0.6484375,0.00137176520365756,9.627267617465243e-07,-0.0011503100395202637,2.0,0.8493499755859375,0.9543113112449646,0.8493499755859375,1.2438877820968628,235,36.05202558403835
0.0015030059730634093,0.0015030059730634093,0.007189162191934884,0.007189162191934884,0.008692168164998293,0.75,499.0,256.75,128.0,0.24842105263157896,0.0,0.80078125,0.0013265026500448585,9.624129116069694e-07,6.861984729766846e-05,2.5,0.5491875410079956,2.29754900932312,0.5491875410079956,1.9941794872283936,236,46.74497720692307
0.0015337422955781221,0.0015337422955781221,0.0013227512827143073,0.0013227512827143073,0.0028564935782924294,0.75,326.0,178.75,72.0,0.24947368421052632,0.5,0.44140625,0.0018444498564349487,9.620977972481714e-07,-0.00029245272162370384,1.75,0.23680001497268677,0.1945957988500595,0.23680001497268677,1.4457025527954102,237,31.610549602890387
0.0021144363563507795,0.0021144363563507795,0.0,0.0,0.0021144363563507795,1.0,298.0,187.5,128.0,0.2505263157894737,0.0,1.1640625,0.0006276984640862793,9.61781419531641e-07,0.002506166696548462,1.75,0.22357499599456787,1.7303963899612427,0.22357499599456787,1.4275087118148804,238,33.6804492699448
0.0012690355069935322,0.0012690355069935322,0.0036309773568063974,0.0036309773568063974,0.00490001286379993,0.5,486.0,277.25,128.0,0.25157894736842107,0.0,1.0390625,0.0011216857965337113,9.614637793223424e-07,0.0013030171394348145,2.75,1.3116374015808105,1.2200243473052979,1.3116374015808105,1.6868613958358765,239,52.70187568105757
0.001754386001266539,0.001754386001266539,0.005859375,0.005859375,0.007613761001266539,0.75,470.0,301.0,128.0,0.25263157894736843,0.0,0.765625,0.0012425706954672933,9.611448774886923e-07,0.00012627243995666504,3.0,1.3991249799728394,1.3434674739837646,1.3991249799728394,1.6986318826675415,240,70.17657572007738
0.0031381688313558698,0.0031381688313558698,0.0024541571037843823,0.0024541571037843823,0.005592325935140252,0.75,410.0,252.5,191.0,0.2536842105263158,0.0,0.65234375,0.0011921448458451778,9.608247149025558e-07,-0.0004954636096954346,2.5,1.623462438583374,0.3892799913883209,1.623462438583374,0.5506918430328369,241,51.02531676157378
0.003319218521937728,0.003319218521937728,0.0,0.0,0.003319218521937728,1.0,584.0,301.0,203.0,0.25473684210526315,0.0,0.6875,0.0011144486343255267,9.605032924392455e-07,0.0007460564374923706,3.0,1.4506125450134277,0.14525742828845978,1.4506125450134277,0.20509181916713715,242,58.48241692408919
0.004950494971126318,0.004950494971126318,0.0,0.0,0.004950494971126318,0.5,465.0,237.25,101.0,0.2557894736842105,0.0,1.1484375,0.0011255817516939715,9.601806109775178e-07,-0.0012929588556289673,2.75,-0.019637465476989746,0.2742690443992615,-0.019637465476989746,1.5157670974731445,243,167.70813462208025
0.004630171111784875,0.004630171111784875,0.0,0.0,0.004630171111784875,0.75,309.0,211.25,77.0,0.25684210526315787,0.0,1.078125,0.0019262876303400844,9.598566713995717e-07,0.0007099360227584839,2.0,0.849137544631958,0.9545410871505737,0.849137544631958,1.272961974143982,244,40.90674109500833
0.0024453531950712204,0.0024453531950712204,0.003443506546318531,0.003443506546318531,0.0058888597413897514,0.5,404.0,273.5,89.0,0.2578947368421053,0.0,0.84765625,0.0037590345018543303,9.595314745910455e-07,0.0005576461553573608,3.25,-1.0340209007263184,1.2953901290893555,-1.0340209007263184,1.6961003541946411,245,167.95300911087543
0.0059970945585519075,0.0059970945585519075,0.0007267441833391786,0.0007267441833391786,0.006723838741891086,0.0,395.0,304.0,172.0,0.25894736842105265,0.0,0.8046875,0.001438021135982126,9.59205021441015e-07,-0.001302570104598999,3.5,1.8231250047683716,0.17748375236988068,1.8231250047683716,0.3792591094970703,246,56.350443623028696
0.0011355066671967506,0.0011355066671967506,0.002584825037047267,0.002584825037047267,0.0037203317042440176,0.5,748.0,409.25,197.0,0.26,0.0,0.6953125,0.0007312872585316654,9.588773128419905e-07,-0.00012542307376861572,4.0,1.1802749633789062,1.334946870803833,1.1802749633789062,1.507991075515747,247,88.06875271373428
0.004608721937984228,0.004608721937984228,0.001953125,0.001953125,0.006561846937984228,1.0,277.0,220.25,128.0,0.26105263157894737,0.0,0.85546875,0.0014803118392592296,9.585483496899149e-07,-0.0018387436866760254,2.25,0.42967498302459717,0.36218008399009705,0.42967498302459717,1.2994744777679443,248,80.79474640684202
0.004870129749178886,0.004870129749178886,0.003246753243729472,0.003246753243729472,0.008116882992908359,0.25,192.0,150.0,77.0,0.26210526315789473,0.0,1.1015625,0.0033639592584222555,9.58218132884161e-07,0.0006460845470428467,1.75,0.6616499423980713,0.83085036277771,0.6616499423980713,1.1117886304855347,249,32.61078474088572
0.0036292895674705505,0.0036292895674705505,0.004162568831816316,0.004162568831816316,0.007791858399286866,0.5,496.0,346.75,205.0,0.2631578947368421,0.0,0.67578125,0.00167037382198032,9.578866633275286e-07,0.0005889534950256348,4.0,0.6492125391960144,2.120701551437378,0.6492125391960144,2.5031144618988037,250,179.48542715003714
0.0017873488832265139,0.0017873488832265139,0.001700680237263441,0.001700680237263441,0.003488029120489955,0.75,555.0,337.75,128.0,0.26421052631578945,0.0,0.7421875,0.001108975411625579,9.575539419262433e-07,0.001416727900505066,3.5,0.5513708591461182,1.5765947103500366,0.5513708591461182,1.723421335220337,251,60.39061726513319
0.0037313431967049837,0.0037313431967049837,0.003182239830493927,0.003182239830493927,0.006913583027198911,1.0,454.0,263.0,190.0,0.26526315789473687,0.0,0.80078125,0.0009464575996389613,9.572199695899521e-07,0.0004490464925765991,2.5,0.6524916291236877,0.9837740659713745,0.6524916291236877,1.2931852340698242,252,48.00864229397848
0.002176209236495197,0.002176209236495197,0.0,0.0,0.002176209236495197,1.0,286.0,183.5,128.0,0.26631578947368423,0.0,0.859375,0.001258747244719416,9.568847472317232e-07,-1.3217329978942871e-05,1.75,-0.1945750117301941,1.139042854309082,-0.1945750117301941,1.1077710390090942,253,34.58161958819255
0.0038860102649778128,0.0038860102649778128,0.0,0.0,0.0038860102649778128,0.5,193.0,151.5,66.0,0.2673684210526316,0.0,1.28125,0.001299668161664158,9.565482757680414e-07,0.0033381879329681396,1.75,0.723924994468689,0.8831055760383606,0.723924994468689,1.1514400243759155,254,32.76082427590154
0.0039731289725750685,0.0039731289725750685,0.001642452465603128,0.001642452465603128,0.0056155814381781965,0.5,632.0,437.25,198.0,0.26842105263157895,0.0,0.57421875,0.0007568041037302464,9.562105561188068e-07,0.0001299828290939331,4.5,0.33073750138282776,2.3244190216064453,0.33073750138282776,2.0527634620666504,255,78.17816094309092
0.0012820513220503926,0.0012820513220503926,0.009641270618885756,0.009641270618885756,0.010923321940936148,0.25,520.0,305.0,68.0,0.2694736842105263,0.0,0.93359375,0.008824751945212483,9.558715892073323e-07,-0.0005738139152526855,3.75,-0.42967918515205383,1.4783068895339966,-0.42967918515205383,1.3540308475494385,256,57.46357003506273
0.003304918180219829,0.003304918180219829,0.0004716981202363968,0.0004716981202363968,0.003776616300456226,0.0,530.0,330.25,109.0,0.27052631578947367,0.0,1.0234375,0.0021365942375268787,9.555313759603401e-07,0.0020069926977157593,3.75,1.1725417375564575,1.310563564300537,1.1725417375564575,1.6494501829147339,257,58.21562870382331
0.0011261261533945799,0.0011261261533945799,0.007086649537086487,0.007086649537086487,0.008212775690481067,0.25,222.0,166.75,106.0,0.27157894736842103,0.0,0.9140625,0.0035352578561287373,9.551899173079606e-07,0.0008881688117980957,1.75,-0.37575000524520874,1.0249512195587158,-0.37575000524520874,1.385743260383606,258,36.49550705170259
0.0055240062065422535,0.0055240062065422535,0.0038410420529544353,0.0038410420529544353,0.009365048259496689,0.5,325.0,215.5,149.0,0.27263157894736845,0.0,1.078125,0.0021541160240303725,9.548472141837285e-07,0.00019834935665130615,2.5,1.4729249477386475,0.3192940652370453,1.4729249477386475,0.3951699137687683,259,44.410702793858945
0.003964920819271356,0.003964920819271356,0.001953125,0.001953125,0.005918045819271356,0.75,440.0,281.0,128.0,0.2736842105263158,0.0,1.28125,0.0013078259071335196,9.545032675245813e-07,0.0024919062852859497,3.0,1.3992375135421753,1.83817720413208,1.3992375135421753,1.8671272993087769,260,64.74511831416748
0.0035490243462845683,0.0035490243462845683,0.003006872837431729,0.003006872837431729,0.006555897183716297,1.0,501.0,295.5,194.0,0.27473684210526317,0.0,0.8515625,0.0013122479722369462,9.541580782708556e-07,0.0021357834339141846,3.25,1.2666374444961548,1.1045892238616943,1.2666374444961548,1.2787678241729736,261,53.333707709331065
0.0013157895300537348,0.0013157895300537348,0.0018337408546358347,0.0018337408546358347,0.0031495303846895695,0.75,409.0,254.5,190.0,0.27578947368421053,0.0,0.609375,0.0012802619603462517,9.538116473662861e-07,-0.00010181963443756104,2.75,1.1819833517074585,0.3421572148799896,1.1819833517074585,0.439155250787735,262,48.49766453052871
0.0031635280465707183,0.0031635280465707183,0.0,0.0,0.0031635280465707183,0.5,409.0,260.25,128.0,0.2768421052631579,0.0,0.90234375,0.0009374331857543439,9.534639757580012e-07,0.001444488763809204,2.75,0.2523624897003174,1.7711079120635986,0.2523624897003174,1.5126312971115112,263,63.018968026852235
0.001473477459512651,0.001473477459512651,0.00390625,0.00390625,0.005379727459512651,0.5,509.0,207.25,64.0,0.27789473684210525,0.5,0.515625,0.003924576594727114,9.531150643965222e-07,-0.0016960352659225464,2.25,-0.012775003910064697,1.3961470127105713,-0.012775003910064697,1.9744499921798706,264,37.681644558906555
0.0,0.0,0.001179245300590992,0.001179245300590992,0.001179245300590992,1.0,325.0,230.75,186.0,0.2789473684210526,0.0,0.73046875,0.0007196425722213462,9.527649142357594e-07,0.0010180473327636719,2.25,1.3859750032424927,0.19477257132530212,1.3859750032424927,0.3545268774032593,265,39.4992889771238
0.0,0.0,0.0008278145687654614,0.0008278145687654614,0.0008278145687654614,0.5,302.0,211.0,128.0,0.28,0.0,0.86328125,0.0008854962215991691,9.524135262330098e-07,0.000801771879196167,2.25,-0.5445375442504883,1.0160948038101196,-0.5445375442504883,1.4806596040725708,266,54.438411416020244
0.007443985901772976,0.007443985901772976,0.0012499999720603228,0.0012499999720603228,0.008693985873833299,1.0,432.0,243.0,128.0,0.2810526315789474,0.0,0.94140625,0.0018312294996576384,9.520609013489547e-07,0.0011634230613708496,2.25,0.03989166021347046,0.18965783715248108,0.03989166021347046,1.4033578634262085,267,41.54065872495994
0.004000000189989805,0.004000000189989805,0.0016556291375309229,0.0016556291375309229,0.005655629327520728,0.5,375.0,248.5,128.0,0.28210526315789475,0.0,1.078125,0.0009465197654208168,9.517070405476574e-07,0.0008503347635269165,3.0,1.349412441253662,0.8834768533706665,1.349412441253662,1.6625336408615112,268,49.355775729287416
0.0014880952658131719,0.0014880952658131719,0.001818181830458343,0.001818181830458343,0.003306277096271515,0.25,550.0,232.75,85.0,0.2831578947368421,0.5,0.65234375,0.005224578577326611,9.513519447965595e-07,-6.517383735626936e-05,3.0,-0.437624990940094,1.3610037565231323,-0.437624990940094,1.700430154800415,269,42.60516527900472
0.0025102903018705547,0.0025102903018705547,0.0008389261784031987,0.0008389261784031987,0.0033492164802737534,0.5,596.0,415.75,283.0,0.28421052631578947,0.0,0.58984375,0.001112604106310755,9.509956150664795e-07,0.00010630488395690918,4.25,0.2677249312400818,1.2283152341842651,0.2677249312400818,2.3647124767303467,270,72.91963485698216
0.0,0.0,0.004032257944345474,0.004032257944345474,0.004032257944345474,0.75,188.0,126.5,62.0,0.28526315789473683,0.5,0.859375,0.004829005527426489,9.50638052331609e-07,-0.0003033876419067383,1.25,-0.4130125045776367,0.830125629901886,-0.4130125045776367,1.1739749908447266,271,25.760128585621715
0.001308900536969304,0.001308900536969304,0.003355704713612795,0.003355704713612795,0.004664605250582099,0.5,573.0,249.0,68.0,0.2863157894736842,0.0,1.2578125,0.001051368613843806,9.502792575695111e-07,0.0012045353651046753,3.0,0.7795374989509583,2.075305461883545,0.7795374989509583,1.8640358448028564,272,51.507545022061095
0.001953125,0.001953125,0.003559222852345556,0.003559222852345556,0.005512347852345556,0.75,539.0,315.25,128.0,0.2873684210526316,0.0,0.76171875,0.0011681017494993284,9.499192317611167e-07,0.0015715807676315308,3.5,-0.0382000207901001,1.0429472923278809,-0.0382000207901001,2.3787996768951416,273,61.83878028905019
0.004185040597803891,0.004185040597803891,0.0026455025654286146,0.0026455025654286146,0.006830543163232505,0.75,519.0,322.25,189.0,0.28842105263157897,0.0,0.75,0.0014052602782612666,9.495579758907229e-07,0.00029321014881134033,3.5,1.5389125347137451,0.40978604555130005,1.5389125347137451,0.3887351453304291,274,75.82224552961998
0.004166666883975267,0.004166666883975267,0.00420537730678916,0.00420537730678916,0.008372044190764427,0.5,444.0,254.5,128.0,0.2894736842105263,0.0,0.765625,0.001085150972357951,9.491954909459894e-07,-0.00016699731349945068,2.75,0.3177124857902527,1.7051348686218262,0.3177124857902527,1.4025530815124512,275,47.92481236811727
0.003246753243729472,0.003246753243729472,0.0,0.0,0.003246753243729472,0.5,231.0,142.25,82.0,0.2905263157894737,0.5,0.67578125,0.002401033794740215,9.488317779179361e-07,-0.0008801278891041875,1.5,-0.3254374861717224,0.9539754390716553,-0.3254374861717224,1.3491250276565552,276,25.79072930593975
0.0031867886427789927,0.0031867886427789927,0.0,0.0,0.0031867886427789927,0.75,321.0,235.5,128.0,0.29157894736842105,0.0,0.83203125,0.0009031720837811008,9.484668378009406e-07,0.0024050921201705933,3.0,1.248437523841858,1.5198023319244385,1.248437523841858,1.5691254138946533,277,51.08284020284191
0.004816308268345892,0.004816308268345892,0.0,0.0,0.004816308268345892,0.5,432.0,215.25,115.0,0.2926315789473684,0.0,1.171875,0.0009371860651299357,9.481006715927351e-07,0.0010444223880767822,2.5,0.08481666445732117,1.5341625213623047,0.08481666445732117,1.2610383033752441,278,42.43460754188709
0.003966290503740311,0.003966290503740311,0.001953125,0.001953125,0.005919415503740311,1.0,290.0,210.5,128.0,0.29368421052631577,0.0,0.734375,0.0007168091251514852,9.477332802944043e-07,0.0006846636533737183,2.0,0.8615000247955322,0.9717768430709839,0.8615000247955322,1.2552471160888672,279,41.3723362009041
0.0013192612677812576,0.0013192612677812576,0.0011261261533945799,0.0011261261533945799,0.0024453874211758375,1.0,379.0,214.25,128.0,0.29473684210526313,0.0,0.92578125,0.0012268377176951617,9.473646649103817e-07,0.0004331320524215698,2.0,-0.22579997777938843,1.2016572952270508,-0.22579997777938843,1.6506023406982422,280,156.30514826090075
0.0005518763791769743,0.0005518763791769743,0.001953125,0.001953125,0.0025050013791769743,0.75,453.0,229.0,128.0,0.29578947368421055,0.0,0.80859375,0.0013547213893616572,9.469948264484479e-07,0.0007378309965133667,2.25,-0.022874996066093445,1.3818633556365967,-0.022874996066093445,1.1393229961395264,281,39.269950604764745
0.0037595591275021434,0.0037595591275021434,0.0034246575087308884,0.0034246575087308884,0.007184216636233032,0.25,526.0,263.75,73.0,0.2968421052631579,0.0,1.0625,0.0020227507047820836,9.466237659197269e-07,0.0006359219551086426,3.0,0.8431375026702881,1.0518035888671875,0.8431375026702881,1.9015047550201416,282,59.24318011896685
0.0016393442638218403,0.0016393442638218403,0.003865979379042983,0.003865979379042983,0.005505323642864823,1.0,305.0,210.0,128.0,0.29789473684210527,0.0,0.99609375,0.0022575789043912664,9.462514843386844e-07,-9.293854236602783e-05,2.0,0.8616124391555786,1.0776129961013794,0.8616124391555786,1.2769455909729004,283,39.708418811205775
0.004785020835697651,0.004785020835697651,0.0020525450818240643,0.0020525450818240643,0.006837565917521715,0.75,609.0,305.75,128.0,0.29894736842105263,0.0,0.8671875,0.0010711562499636784,9.458779827231236e-07,-0.00013239681720733643,2.75,-0.06316250562667847,2.244127035140991,-0.06316250562667847,1.9129589796066284,284,167.9601735258475
0.0012499999720603228,0.0012499999720603228,0.0,0.0,0.0012499999720603228,1.0,322.0,222.25,128.0,0.3,0.0,0.83984375,0.0008703597632120363,9.455032620941839e-07,0.002683490514755249,2.0,0.8490375280380249,0.9549652934074402,0.8490375280380249,1.2728397846221924,285,42.56720112543553
0.0005952381179668009,0.0005952381179668009,0.001243781065568328,0.001243781065568328,0.0018390191835351288,0.5,420.0,269.5,128.0,0.30105263157894735,0.5,0.369140625,0.001021181611577049,9.451273234763371e-07,0.00022171437740325928,2.75,0.38259583711624146,0.8720453381538391,0.38259583711624146,1.8875148296356201,286,53.054119169013575
0.00206611561588943,0.00206611561588943,0.001179245300590992,0.001179245300590992,0.003245360916480422,0.75,605.0,268.25,128.0,0.3021052631578947,0.5,0.66796875,0.0026169431512244046,9.447501678973851e-07,0.0009087324142456055,2.5,0.24761664867401123,0.10354401171207428,0.24761664867401123,1.445576548576355,287,47.653314288007095
0.0013020833721384406,0.0013020833721384406,0.005859375,0.005859375,0.007161458372138441,0.5,576.0,220.25,63.0,0.3031578947368421,0.0,1.1796875,0.005795474033220671,9.443717963884568e-07,-0.0002937614917755127,2.5,-0.20810000598430634,1.1199157238006592,-0.20810000598430634,1.0241495370864868,288,166.07369297672994
0.003953282255679369,0.003953282255679369,0.0025862068869173527,0.0025862068869173527,0.006539489142596722,0.75,423.0,313.25,196.0,0.3042105263157895,0.0,1.7734375,0.0012184146617073566,9.439922099840054e-07,-1.5139579772949219e-05,3.75,2.0617499351501465,0.619319498538971,2.0617499351501465,0.589959442615509,289,59.225716304266825
0.003928609890863299,0.003928609890863299,0.005859375,0.005859375,0.0097879848908633,0.75,376.0,191.25,64.0,0.30526315789473685,0.0,0.87109375,0.0008539127156836912,9.436114097218058e-07,-0.0016087442636489868,2.0,0.44942498207092285,2.0497963428497314,0.44942498207092285,1.7328628301620483,290,37.1119336609263
0.0013297871919348836,0.0013297871919348836,0.0015923567116260529,0.0015923567116260529,0.0029221439035609365,0.5,376.0,195.0,119.0,0.3063157894736842,0.5,0.796875,0.003069353668252006,9.432293966429513e-07,-4.915893077850342e-05,2.0,0.39921247959136963,0.3184632360935211,0.39921247959136963,1.6569910049438477,291,36.897600603988394
0.0019397423602640629,0.0019397423602640629,0.001369863050058484,0.001369863050058484,0.003309605410322547,0.75,365.0,252.25,88.0,0.30736842105263157,0.0,0.90234375,0.0008840405353112146,9.42846171791851e-07,0.0011942237615585327,2.75,0.6946707963943481,1.2777124643325806,0.6946707963943481,1.2439208030700684,292,168.97084126924165
0.0035657052067108452,0.0035657052067108452,0.001953125,0.001953125,0.005518830206710845,0.75,260.0,174.75,119.0,0.30842105263157893,0.0,1.3828125,0.0017045636923285201,9.424617362162271e-07,0.0034435689449310303,1.75,0.21195000410079956,1.7139561176300049,0.21195000410079956,1.4174091815948486,293,34.090218643890694
0.0017605633474886417,0.0017605633474886417,0.004643206135369837,0.004643206135369837,0.006403769482858479,0.75,330.0,263.0,128.0,0.3094736842105263,0.0,0.796875,0.0017611294460948557,9.420760909671118e-07,0.0006003975868225098,2.5,-0.41920003294944763,1.087212085723877,-0.41920003294944763,1.6386127471923828,294,46.09066740213893
0.004465637030079961,0.004465637030079961,0.0,0.0,0.004465637030079961,1.0,481.0,353.75,207.0,0.3105263157894737,0.0,0.71484375,0.0011573103693081066,9.416892370988442e-07,-0.0004904568195343018,3.75,1.5544875860214233,1.475996971130371,1.5544875860214233,1.395220398902893,295,59.32921080896631
0.0031688696471974254,0.0031688696471974254,0.001953125,0.001953125,0.005121994647197425,0.75,427.0,307.25,128.0,0.31157894736842107,0.0,0.578125,0.0008447354775853455,9.413011756690684e-07,0.00010401010513305664,3.0,0.2634958028793335,1.3457950353622437,0.2634958028793335,1.4088146686553955,296,202.771090809023
0.002042503096163273,0.002042503096163273,0.003289473708719015,0.003289473708719015,0.005331976804882288,0.25,313.0,169.5,76.0,0.3126315789473684,0.0,1.0390625,0.009002491933642887,9.409119077387293e-07,0.001426979899406433,2.0,0.29907500743865967,1.8371695280075073,0.29907500743865967,1.5139060020446777,297,34.3285011339467
0.0035980892134830356,0.0035980892134830356,0.0009765625,0.0009765625,0.0045746517134830356,1.0,313.0,247.25,208.0,0.3136842105263158,0.0,0.68359375,0.0011291395203443244,9.405214343720706e-07,0.0004925131797790527,2.5,0.560575008392334,0.07120563834905624,0.560575008392334,0.9125416278839111,298,45.32595414854586
0.003618269693106413,0.003618269693106413,0.004516321001574397,0.004516321001574397,0.00813459069468081,0.75,410.0,296.75,206.0,0.31473684210526315,0.0,0.73046875,0.0015295849880203605,9.401297566366317e-07,0.0008776932954788208,3.0,0.28938746452331543,1.117529273033142,0.28938746452331543,1.6749820709228516,299,65.18868149095215
0.005403506802394986,0.005403506802394986,0.00048543690354563296,0.00048543690354563296,0.005888943705940619,1.0,515.0,290.0,187.0,0.3157894736842105,0.0,0.75,0.0011288177192909643,9.397368756032444e-07,0.000552639365196228,3.25,0.6054999828338623,1.333462119102478,0.6054999828338623,1.7777061462402344,300,175.7120335099753
0.005620059440843761,0.005620059440843761,0.004224162199534476,0.004224162199534476,0.009844221640378237,0.5,352.0,227.5,106.0,0.31684210526315787,0.0,0.9140625,0.0015515441773459315,9.393427923460306e-07,0.0019324719905853271,3.25,0.8455249667167664,0.5783779621124268,0.8455249667167664,0.7752304077148438,301,42.73865007888526
0.005260193021968007,0.005260193021968007,0.000871080148499459,0.000871080148499459,0.006131273170467466,0.25,369.0,248.0,69.0,0.3178947368421053,0.0,0.84765625,0.0021359291713451967,9.389475079423988e-07,0.0001275092363357544,3.5,0.07246667146682739,1.7883555889129639,0.07246667146682739,1.893041729927063,302,55.97211133968085
0.0034722222480922937,0.0034722222480922937,0.0040301530389115214,0.0040301530389115214,0.007502375287003815,0.75,408.0,333.25,306.0,0.31894736842105265,0.0,0.5859375,0.0007826256332919002,9.385510234730414e-07,0.000919148325920105,3.5,1.0400665998458862,1.178193211555481,1.0400665998458862,1.7112412452697754,303,58.74171235598624
0.0025684931315481663,0.0025684931315481663,0.0003894080873578787,0.0003894080873578787,0.002957901218906045,1.0,642.0,476.0,283.0,0.32,0.0,0.62109375,0.0011070596083300188,9.381533400219317e-07,0.0010823160409927368,4.75,1.2681374549865723,1.6336112022399902,1.2681374549865723,2.051406145095825,304,326.317486200016
0.0029572437633760273,0.0029572437633760273,0.001108647440560162,0.001108647440560162,0.004065891203936189,0.75,537.0,354.25,128.0,0.32105263157894737,0.0,0.90625,0.0012125359935453162,9.377544586763214e-07,0.00019052624702453613,3.75,-0.5794124603271484,1.514039397239685,-0.5794124603271484,1.4515444040298462,305,187.88463597022928
0.0,0.0,0.0009689922444522381,0.0009689922444522381,0.0009689922444522381,0.5,319.0,208.25,128.0,0.32210526315789473,0.5,0.423828125,0.0012355732542346232,9.373543805267367e-07,0.0006329066236503422,2.25,-0.03168749809265137,0.7869214415550232,-0.03168749809265137,1.4407750368118286,306,40.86015943903476
0.006359826540574431,0.006359826540574431,0.0,0.0,0.006359826540574431,0.75,469.0,250.75,128.0,0.3231578947368421,0.0,0.97265625,0.0012659770145546645,9.369531066669758e-07,0.00234927237033844,2.75,0.6326208114624023,0.7892313003540039,0.6326208114624023,1.0961464643478394,307,50.67686254391447
0.002180127310566604,0.002180127310566604,0.0,0.0,0.002180127310566604,1.0,294.0,218.0,188.0,0.32421052631578945,0.0,0.56640625,0.0005046871228842065,9.365506381941065e-07,0.001341789960861206,2.25,1.3487625122070312,0.2477879524230957,1.3487625122070312,0.24871458113193512,308,40.550048859091476
0.003831296809948981,0.003831296809948981,0.0012499999720603228,0.0012499999720603228,0.005081296782009304,1.0,359.0,281.25,200.0,0.32526315789473687,0.0,0.5390625,0.0009774460559128784,9.36146976208462e-07,-0.0007756203413009644,3.0,1.7986124753952026,0.5305246114730835,1.7986124753952026,0.5373767614364624,309,58.16851456905715
0.0050313512329012156,0.0050313512329012156,0.001953125,0.001953125,0.0069844762329012156,0.75,412.0,230.25,128.0,0.3263157894736842,0.0,0.8984375,0.0011194416001671925,9.357421218136386e-07,0.0015598833560943604,2.75,1.0616250038146973,1.2551499605178833,1.0616250038146973,1.5481758117675781,310,57.87844829680398
0.004178113653324544,0.004178113653324544,0.0034878995502367616,0.0034878995502367616,0.007666013203561306,0.75,252.0,192.25,113.0,0.3273684210526316,0.0,0.85546875,0.0016761562583269551,9.35336076116493e-07,-0.0007844418287277222,2.0,0.8485000133514404,0.9539931416511536,0.8485000133514404,1.243310570716858,311,37.80658126203343
0.0026785715017467737,0.0026785715017467737,0.0011709601385518909,0.0011709601385518909,0.0038495316402986646,0.75,427.0,240.75,128.0,0.32842105263157895,0.5,0.47265625,0.0010395417048130184,9.349288402271387e-07,9.45639330893755e-05,2.75,0.0955958366394043,0.359110027551651,0.0955958366394043,1.3313102722167969,312,42.43746808776632
0.001985532057005912,0.001985532057005912,0.0,0.0,0.001985532057005912,0.75,425.0,232.0,66.0,0.3294736842105263,0.0,1.09375,0.006469195170211606,9.345204152589428e-07,-3.501772880554199e-05,2.5,0.06822502613067627,1.5106983184814453,0.06822502613067627,1.607401728630066,313,44.20055734575726
0.003177408827468753,0.003177408827468753,0.0025510203558951616,0.0025510203558951616,0.0057284291833639145,0.5,511.0,230.75,98.0,0.33052631578947367,0.0,1.0546875,0.0020873633184237406,9.341108023285237e-07,0.00029997527599334717,2.5,0.14764168858528137,1.6230103969573975,0.14764168858528137,1.3305615186691284,314,45.09459902928211
0.0,0.0,0.0,0.0,0.0,0.5,128.0,111.75,93.0,0.33157894736842103,1.0,0.01708984375,0.0014522894052788615,9.337000025557476e-07,5.809157300973311e-05,1.0,-1.0,0.0,-1.0,0.0,315,20.758895519189537
0.0008361203945241868,0.0008361203945241868,0.00390625,0.00390625,0.004742370394524187,0.75,508.0,265.75,128.0,0.33263157894736844,0.0,0.7890625,0.00099484839302022,9.332880170637252e-07,-0.0002491772174835205,2.75,0.7122125029563904,2.421433925628662,0.7122125029563904,2.0231282711029053,316,52.77537060994655
0.004970262583810836,0.004970262583810836,0.0,0.0,0.004970262583810836,0.5,304.0,251.25,190.0,0.3336842105263158,0.0,0.65625,0.000953823677264154,9.328748469788093e-07,-0.001223146915435791,2.75,1.2071833610534668,0.5893263816833496,1.2071833610534668,0.6269428133964539,317,56.99486809503287
0.0036259497283026576,0.0036259497283026576,0.0009960159659385681,0.0009960159659385681,0.004621965694241226,0.75,471.0,283.0,199.0,0.33473684210526317,0.0,0.7734375,0.0015519599110120907,9.32460493430591e-07,0.00025960803031921387,2.75,-0.8134624361991882,1.2900279760360718,-0.8134624361991882,1.5396941900253296,318,186.77888007019646
0.0024999999441206455,0.0024999999441206455,0.001243781065568328,0.001243781065568328,0.0037437810096889734,0.75,300.0,216.75,70.0,0.3357894736842105,0.0,1.1953125,0.0024492989177815616,9.320449575518972e-07,-0.001555025577545166,2.25,0.9114875197410583,1.0425405502319336,0.9114875197410583,1.2827768325805664,319,41.16899864911102
0.003105590119957924,0.003105590119957924,0.0,0.0,0.003105590119957924,1.0,652.0,307.5,128.0,0.3368421052631579,0.5,0.306640625,0.0012279744551051408,9.316282404787869e-07,-0.0001773238182067871,2.75,-1.0253499746322632,2.085470199584961,-1.0253499746322632,2.408271312713623,320,50.120248176157475
0.0012820513220503926,0.0012820513220503926,0.0013440860202535987,0.0013440860202535987,0.0026261373423039913,0.75,195.0,158.5,125.0,0.33789473684210525,0.5,0.333984375,0.0007643048666068353,9.312103433505489e-07,-3.9168575312942266e-05,1.5,0.0742875337600708,0.0004773130640387535,0.0742875337600708,1.2404805421829224,321,28.324780093040317
0.0032412722939625382,0.0032412722939625382,0.002355064731091261,0.002355064731091261,0.005596337025053799,0.5,548.0,358.5,263.0,0.3389473684210526,0.0,0.609375,0.0010311271325917915,9.307912673096979e-07,0.0008523017168045044,3.75,0.16367080807685852,0.5161820650100708,0.16367080807685852,0.6834818720817566,322,94.80483852978796
0.004999999888241291,0.004999999888241291,0.0008250825339928269,0.0008250825339928269,0.005825082422234118,0.75,606.0,256.0,90.0,0.34,0.0,1.296875,0.0019481300842016935,9.303710135019717e-07,0.0017005950212478638,2.75,-1.0005875825881958,1.5555111169815063,-1.0005875825881958,1.7377536296844482,323,173.37636283389293
0.00254386302549392,0.00254386302549392,0.003605107427574694,0.003605107427574694,0.006148970453068614,0.75,454.0,291.5,128.0,0.3410526315789474,0.0,0.9296875,0.0023660820443183184,9.299495830763284e-07,0.0016777515411376953,3.0,0.12426251173019409,2.509186267852783,0.12426251173019409,2.1635167598724365,324,181.2926879238803
0.0022577366908080876,0.0022577366908080876,0.0012658227933570743,0.0012658227933570743,0.003523559484165162,0.5,395.0,293.0,128.0,0.34210526315789475,0.0,1.0234375,0.0014662297035101801,9.295269771849425e-07,0.0015342235565185547,3.25,0.9769750237464905,1.2673828601837158,0.9769750237464905,1.3674612045288086,325,61.657284557586536
0.0038736420683562756,0.0038736420683562756,0.005434782709926367,0.005434782709926367,0.009308424778282642,0.5,212.0,160.75,128.0,0.3431578947368421,0.0,1.03125,0.0015898620986263268,9.291031969832025e-07,0.00020316243171691895,1.75,0.7243000268936157,0.8833531141281128,0.7243000268936157,1.1516938209533691,326,35.28631961834617
0.004641297040507197,0.004641297040507197,0.004436568822711706,0.004436568822711706,0.009077865863218904,0.75,302.0,186.0,128.0,0.34421052631578947,0.0,1.0625,0.0014348144177347422,9.286782436297071e-07,-0.0002816915512084961,2.0,-0.9127874970436096,1.3961293697357178,-0.9127874970436096,1.6152534484863281,327,392.1204410882201
0.0022624529083259404,0.0022624529083259404,0.0018115942366421223,0.0018115942366421223,0.004074047144968063,0.75,388.0,275.25,128.0,0.3452631578947368,0.0,0.8515625,0.001578172596055083,9.282521182862629e-07,0.000686153769493103,2.75,0.8046749830245972,1.934361219406128,0.8046749830245972,1.6347160339355469,328,52.032511183060706
0.0058438535779714584,0.0058438535779714584,0.0028211805620230734,0.0028211805620230734,0.008665034139994532,0.75,361.0,255.25,128.0,0.3463157894736842,0.0,0.84765625,0.0010245174198644236,9.278248221178797e-07,0.001248866319656372,3.0,0.2764958143234253,1.328471064567566,0.2764958143234253,1.3099660873413086,329,46.715143996756524
0.004403953382279724,0.004403953382279724,0.0003918495203834027,0.0003918495203834027,0.004795802902663127,0.75,638.0,336.0,214.0,0.3473684210526316,0.0,0.66015625,0.0011916068906430155,9.273963562927694e-07,0.001004248857498169,3.25,0.38638749718666077,1.750036358833313,0.38638749718666077,2.3055684566497803,330,63.1104455657769
0.0018754557822830975,0.0018754557822830975,0.0023032446624711156,0.0023032446624711156,0.004178700444754213,0.5,566.0,313.25,208.0,0.34842105263157896,0.0,0.74609375,0.002272079378599301,9.269667219823411e-07,0.0018467456102371216,3.25,1.747204065322876,0.7046024203300476,1.747204065322876,0.6462183594703674,331,78.09699579514563
0.002551834098994732,0.002551834098994732,0.0,0.0,0.002551834098994732,1.0,399.0,295.25,128.0,0.3494736842105263,0.0,0.859375,0.0012880452704848722,9.265359203611987e-07,0.0014449506998062134,3.0,0.8823833465576172,0.7545654773712158,0.8823833465576172,1.4337636232376099,332,61.45729134697467
0.007156005594879389,0.007156005594879389,0.00314929720479995,0.00314929720479995,0.010305302799679339,0.75,209.0,175.25,128.0,0.3505263157894737,0.0,0.796875,0.001984625676413998,9.261039526071373e-07,-0.00023733079433441162,1.75,0.7616499662399292,0.8302494883537292,0.7616499662399292,1.1744334697723389,333,37.303125641774386
0.002920136204920709,0.002920136204920709,0.0,0.0,0.002920136204920709,0.75,306.0,221.5,81.0,0.35157894736842105,0.0,0.94140625,0.0011090398475062102,9.2567081990114e-07,-9.223818778991699e-05,2.25,0.023725003004074097,0.829719066619873,0.023725003004074097,0.97409588098526,334,43.02029823418707
0.0,0.0,0.0,0.0,0.0,1.0,225.0,207.25,192.0,0.3526315789473684,0.5,0.5546875,0.0005335691748769023,9.252365234273753e-07,0.0012061595916748047,2.0,1.298412561416626,0.07041014730930328,1.298412561416626,0.09920967370271683,335,42.442923716967925
0.003682225360535085,0.003682225360535085,0.0,0.0,0.003682225360535085,1.0,350.0,280.75,209.0,0.35368421052631577,0.0,0.67578125,0.00153758488886524,9.248010643731934e-07,0.0010253041982650757,3.0,1.7486624717712402,0.31856927275657654,1.7486624717712402,0.30288365483283997,336,55.448593000881374
0.0037275688955560327,0.0037275688955560327,0.001953125,0.001953125,0.005680693895556033,0.75,283.0,204.5,128.0,0.3547368421052632,0.0,1.0625,0.002064756292384118,9.243644439291223e-07,0.0014319121837615967,2.25,0.41782504320144653,0.4851813316345215,0.41782504320144653,1.2299106121063232,337,38.7387741333805
0.004054054152220488,0.004054054152220488,0.0,0.0,0.004054054152220488,0.75,212.0,179.25,128.0,0.35578947368421054,0.0,0.8203125,0.0015387238818220794,9.239266632888658e-07,0.00040237605571746826,1.75,0.6861250400543213,0.8303201794624329,0.6861250400543213,1.1262779235839844,338,32.857045375043526
0.005127196433022618,0.005127196433022618,0.0005319148767739534,0.0005319148767739534,0.005659111309796572,0.75,470.0,331.5,186.0,0.3568421052631579,0.0,0.56640625,0.0011454863124527037,9.234877236492996e-07,-0.0002682805061340332,3.75,1.2667748928070068,0.12310727685689926,1.2667748928070068,0.17088165879249573,339,71.1178463329561
0.0009960159659385681,0.0009960159659385681,0.0024999999441206455,0.0024999999441206455,0.0034960159100592136,0.75,502.0,288.5,128.0,0.35789473684210527,0.0,1.390625,0.002073173862299882,9.230476262104676e-07,0.0032523274421691895,3.0,0.6117624044418335,0.3722740411758423,0.6117624044418335,2.0093400478363037,340,51.69345877063461
0.004282671841792762,0.004282671841792762,0.001953125,0.001953125,0.006235796841792762,1.0,501.0,237.75,128.0,0.3589473684210526,0.0,0.8671875,0.0011604214378166944,9.226063721755798e-07,-0.0011564791202545166,2.5,-0.23362499475479126,1.0838178396224976,-0.23362499475479126,1.107312798500061,341,281.46025863755494
0.001607717014849186,0.001607717014849186,0.00041946308920159936,0.00041946308920159936,0.0020271801040507853,0.25,622.0,419.5,70.0,0.36,0.0,1.2421875,0.008407488086959347,9.221639627510075e-07,0.0019791871309280396,4.5,0.8868749737739563,0.5124403834342957,0.8868749737739563,2.7622313499450684,342,203.38131421990693
0.001879699295386672,0.001879699295386672,0.001953125,0.001953125,0.003832824295386672,0.75,461.0,262.75,128.0,0.36105263157894735,0.0,0.69921875,0.000759044116421137,9.217203991462814e-07,-0.0007570385932922363,2.75,1.1492500305175781,1.4847828149795532,1.1492500305175781,1.5859614610671997,343,46.97471031197347
0.0,0.0,0.0,0.0,0.0,1.0,216.0,169.5,128.0,0.36210526315789476,0.5,0.515625,0.0011750518387998454,9.212756825740872e-07,0.000789474870543927,1.5,0.17401248216629028,0.00044195185182616115,0.17401248216629028,1.3556329011917114,344,29.95334479911253
0.0036245016381144524,0.0036245016381144524,0.003055016743019223,0.003055016743019223,0.006679518381133676,1.0,267.0,233.0,186.0,0.3631578947368421,0.0,0.369140625,0.0013088847190374509,9.208298142502635e-07,5.383044481277466e-05,2.5,1.5237250328063965,0.00010608361480990425,1.5237250328063965,0.20175506174564362,345,47.7762016558554
0.003398037049919367,0.003398037049919367,0.001953125,0.001953125,0.005351162049919367,0.75,382.0,249.25,128.0,0.3642105263157895,0.0,1.7421875,0.0019751422805711627,9.203827953937968e-07,0.0018392354249954224,2.75,0.36515000462532043,1.93061363697052,0.36515000462532043,1.632315754890442,346,53.87699958123267
0.0012626262614503503,0.0012626262614503503,0.011614372255280614,0.011614372255280614,0.012876998516730964,0.75,272.0,217.0,190.0,0.36526315789473685,0.0,1.4453125,0.0036538494314299896,9.199346272268198e-07,0.002410978078842163,2.25,1.4361250400543213,0.12399118393659592,1.4361250400543213,0.17525067925453186,347,47.08151264488697
0.0025380710139870644,0.0025380710139870644,0.0,0.0,0.0025380710139870644,1.0,197.0,145.25,128.0,0.3663157894736842,0.5,0.87890625,0.0009559796017128974,9.194853109746072e-07,0.0023093074560165405,1.25,-0.4129999876022339,0.830143392086029,-0.4129999876022339,1.1740001440048218,348,28.122811053181067
0.003277623385656625,0.003277623385656625,0.0,0.0,0.003277623385656625,0.75,508.0,252.25,67.0,0.36736842105263157,0.0,1.2421875,0.0014133665972622111,9.190348478655723e-07,0.0025352388620376587,2.5,-0.21928751468658447,1.10409414768219,-0.21928751468658447,1.2941968441009521,349,45.504180611576885
0.004494817461818457,0.004494817461818457,0.0013020833721384406,0.0013020833721384406,0.005796900833956897,0.75,279.0,196.0,128.0,0.3684210526315789,0.0,0.94140625,0.0015936989657348022,9.185832391312642e-07,-4.385411739349365e-05,2.0,0.798799991607666,0.8832117319107056,0.798799991607666,1.220357894897461,350,38.96329897409305
0.002775450353510678,0.002775450353510678,0.001953125,0.001953125,0.004728575353510678,0.5,232.0,182.75,128.0,0.36947368421052634,0.0,0.859375,0.0009972336702048779,9.181304860063639e-07,0.0010261088609695435,2.0,0.34297502040863037,1.4224159717559814,0.34297502040863037,1.193581223487854,351,37.481869026785716
0.0050228312611579895,0.0050228312611579895,0.002874864963814616,0.002874864963814616,0.007897696224972606,0.5,578.0,371.75,292.0,0.3705263157894737,0.0,0.451171875,0.0008532497013220564,9.176765897286811e-07,0.0004307404160499573,3.75,0.9241999983787537,1.237224817276001,0.9241999983787537,1.818572759628296,352,69.56309919292107
0.0007496252073906362,0.0007496252073906362,0.0058275057235732675,0.0058275057235732675,0.006577130930963904,0.5,667.0,308.25,165.0,0.37157894736842106,0.0,0.462890625,0.0018899057758972049,9.172215515391509e-07,-0.0003605559468269348,3.0,1.811787486076355,0.760511040687561,1.811787486076355,1.1276918649673462,353,65.37781383143738
0.0026426621479913592,0.0026426621479913592,0.0,0.0,0.0026426621479913592,0.75,527.0,325.5,199.0,0.3726315789473684,0.0,0.65625,0.001595247333170846,9.167653726818304e-07,0.001221492886543274,3.5,1.544320821762085,1.1378467082977295,1.544320821762085,1.2813043594360352,354,60.51474216300994
0.003937007859349251,0.003937007859349251,0.0,0.0,0.003937007859349251,0.75,290.0,215.5,128.0,0.3736842105263158,0.0,0.8984375,0.0012548724189400673,9.163080544038952e-07,0.0017557591199874878,2.25,0.8860750198364258,1.007096767425537,0.8860750198364258,1.315384030342102,355,39.362158206058666
0.0,0.0,0.0011261261533945799,0.0011261261533945799,0.0011261261533945799,1.0,222.0,151.5,128.0,0.37473684210526315,0.5,0.65234375,0.0014839965151622891,9.158495979556358e-07,-0.0009313778718933463,1.25,-1.0378124713897705,0.05347495153546333,-1.0378124713897705,0.075624980032444,356,25.68944894010201
0.0,0.0,0.00390625,0.00390625,0.00390625,0.75,241.0,192.75,128.0,0.3757894736842105,0.0,0.78125,0.0015620994527125731,9.153900045904548e-07,0.00011165440082550049,2.0,0.38011252880096436,0.29152247309684753,0.38011252880096436,1.167354702949524,357,39.13202247302979
0.0011961722047999501,0.0011961722047999501,0.0,0.0,0.0011961722047999501,1.0,276.0,234.0,187.0,0.37684210526315787,0.0,0.7265625,0.0010487732070032507,9.14929275564863e-07,3.3661723136901855e-05,2.5,1.0671000480651855,0.6449520587921143,1.0671000480651855,0.8124832510948181,358,49.90866128378548
0.0015060240402817726,0.0015060240402817726,0.0020408162381500006,0.0020408162381500006,0.003546840278431773,0.5,403.0,300.25,166.0,0.3778947368421053,0.0,0.84765625,0.001383442257065326,9.144674121384756e-07,0.00220315158367157,3.25,0.9000083208084106,1.2705883979797363,0.9000083208084106,1.1431999206542969,359,56.15252038696781
0.006252879276871681,0.006252879276871681,0.0015060240402817726,0.0015060240402817726,0.007758903317153454,0.75,425.0,323.0,128.0,0.37894736842105264,0.0,0.765625,0.0018657348991837353,9.1400441557401e-07,-0.00035518407821655273,3.5,0.2942541837692261,0.6086363196372986,0.2942541837692261,1.763064980506897,360,179.66156780719757
0.002277716062963009,0.002277716062963009,0.001953125,0.001953125,0.004230841062963009,0.5,552.0,291.25,128.0,0.38,0.0,0.83984375,0.0020460640953388065,9.135402871372808e-07,0.001705557107925415,3.0,0.342787504196167,0.23873692750930786,0.342787504196167,1.3767672777175903,361,176.0242961810436
0.00493967067450285,0.00493967067450285,0.0025622923858463764,0.0025622923858463764,0.007501963060349226,0.75,445.0,343.0,209.0,0.38105263157894737,0.0,0.80859375,0.0014024216507095844,9.130750280971977e-07,-0.0006984174251556396,3.5,1.8856749534606934,0.6189658641815186,1.8856749534606934,0.5751558542251587,362,63.603393318131566
0.004629629664123058,0.004629629664123058,0.0023310023825615644,0.0023310023825615644,0.006960632046684623,0.75,429.0,249.25,162.0,0.3821052631578947,0.0,0.9921875,0.0013674245856236666,9.126086397257611e-07,8.428096771240234e-05,2.75,0.7281291484832764,0.9845695495605469,0.7281291484832764,1.3609845638275146,363,47.627416090806946
0.001149425283074379,0.001149425283074379,0.0,0.0,0.001149425283074379,0.75,435.0,205.5,70.0,0.3831578947368421,0.0,1.1953125,0.01059656152210664,9.121411232980587e-07,0.0017082542181015015,2.25,-0.3068625032901764,0.9802443981170654,-0.3068625032901764,1.1215335130691528,364,40.81651232810691
0.0004816955770365894,0.0004816955770365894,0.0,0.0,0.0004816955770365894,0.5,523.0,324.5,128.0,0.38421052631578945,0.5,0.337890625,0.001690909281023778,9.116724800922629e-07,-2.5232242478523403e-05,3.25,0.9742374420166016,0.38938605785369873,0.9742374420166016,2.323570489883423,365,62.27441187691875
0.0020536667434498668,0.0020536667434498668,0.0007621950935572386,0.0007621950935572386,0.0028158618370071054,0.5,499.0,367.0,187.0,0.38526315789473686,0.0,0.60546875,0.0009356947557535022,9.112027113896261e-07,0.0006112009286880493,4.0,2.2487499713897705,0.7774993181228638,2.2487499713897705,0.7947887182235718,366,70.49573802412488
0.0031645570416003466,0.0031645570416003466,0.001054852269589901,0.001054852269589901,0.0042194093111902475,0.75,632.0,281.25,128.0,0.3863157894736842,0.5,0.45703125,0.0013132036838214844,9.107318184744781e-07,2.2619962692260742e-05,2.75,-0.1547749936580658,0.6130616068840027,-0.1547749936580658,1.2056809663772583,367,51.90455299685709
0.004799107147846371,0.004799107147846371,0.0,0.0,0.004799107147846371,1.0,441.0,292.75,128.0,0.3873684210526316,0.0,0.875,0.0012908304925076663,9.102598026342222e-07,0.0005551278591156006,3.0,-0.0011500120162963867,0.6368557810783386,-0.0011500120162963867,2.0816333293914795,368,171.44440232519992
0.002702227793633938,0.002702227793633938,0.005859375,0.005859375,0.008561602793633938,0.75,465.0,328.25,128.0,0.38842105263157894,0.0,0.88671875,0.001456565223634243,9.097866651593315e-07,0.0009388625621795654,3.75,1.0523124933242798,0.9943159222602844,1.0523124933242798,1.5912891626358032,369,60.52262700628489
0.0007309941574931145,0.0007309941574931145,0.0,0.0,0.0007309941574931145,0.5,342.0,231.0,128.0,0.3894736842105263,0.0,0.95703125,0.0014397287741303444,9.093124073433462e-07,0.0018926113843917847,3.0,0.7700083255767822,0.8427062630653381,0.7700083255767822,1.4504541158676147,370,43.09552333899774
0.0035556891234591603,0.0035556891234591603,0.001953125,0.001953125,0.00550881412345916,1.0,312.0,203.75,128.0,0.39052631578947367,0.0,0.7265625,0.0009465549665037543,9.088370304828686e-07,0.0009065866470336914,1.75,-0.8321499824523926,0.34474989771842957,-0.8321499824523926,0.4427582025527954,371,36.366676278878
0.0035556891234591603,0.0035556891234591603,0.0024541685124859214,0.0024541685124859214,0.006009857635945082,0.5,468.0,269.75,128.0,0.391578947368421,0.0,0.9140625,0.0018393354548607022,9.083605358775611e-07,0.00021001696586608887,3.0,0.1744125485420227,0.8484398126602173,0.1744125485420227,2.1628577709198,372,53.23982079490088
0.002411575522273779,0.002411575522273779,0.0014749262481927872,0.0014749262481927872,0.003886501770466566,0.75,339.0,214.25,79.0,0.39263157894736844,0.5,0.447265625,0.0011612289818003774,9.078829248301416e-07,-6.183214281918481e-05,2.25,0.06990832090377808,0.3950134217739105,0.06990832090377808,1.3169355392456055,373,161.03193056141026
0.002043596701696515,0.002043596701696515,0.0,0.0,0.002043596701696515,0.75,367.0,214.5,128.0,0.3936842105263158,0.5,0.37109375,0.00085743262025062,9.074041986463808e-07,-0.00034406414488330483,2.0,-0.5634250044822693,0.00014141848077997565,-0.5634250044822693,0.5041134357452393,374,42.70464663114399
0.0031250000465661287,0.0031250000465661287,0.0,0.0,0.0031250000465661287,1.0,400.0,232.5,128.0,0.39473684210526316,0.0,1.078125,0.0016118474377435632,9.069243586350975e-07,-0.0003075599670410156,2.5,1.0241999626159668,1.3431493043899536,1.0241999626159668,1.5574109554290771,375,42.67781996051781
0.0,0.0,0.0037878789007663727,0.0037878789007663727,0.0037878789007663727,0.5,134.0,130.5,128.0,0.3957894736842105,0.5,0.9921875,0.001434241101378575,9.064434061081561e-07,0.00031310797203332186,1.5,0.12451249361038208,0.0705515518784523,0.12451249361038208,1.3010281324386597,376,32.34823401994072
0.002475247485563159,0.002475247485563159,0.0015479875728487968,0.0015479875728487968,0.004023235058411956,1.0,323.0,195.25,128.0,0.3968421052631579,0.0,0.859375,0.0010356796847190708,9.059613423804622e-07,-0.0007259547710418701,1.75,-0.7130874991416931,1.2542836666107178,-0.7130874991416931,1.485730528831482,377,158.75244011706673
0.002188235754147172,0.002188235754147172,0.0017752100829966366,0.0017752100829966366,0.003963445837143809,0.75,504.0,347.25,200.0,0.39789473684210525,0.0,0.65625,0.0008730149929760955,9.0547816876996e-07,0.0006517618894577026,3.75,0.8240125179290771,1.9449502229690552,0.8240125179290771,2.3254647254943848,378,64.0983772391919
0.0046830696519464254,0.0046830696519464254,0.004598627565428615,0.004598627565428615,0.00928169721737504,0.75,277.0,206.75,128.0,0.3989473684210526,0.0,1.09375,0.0010944731038762257,9.049938865976275e-07,-0.00017221271991729736,2.25,0.9864124655723572,1.148288369178772,0.9864124655723572,1.3435561656951904,379,41.54727833205834
0.002884615445509553,0.002884615445509553,0.00146484375,0.00146484375,0.004349459195509553,0.75,512.0,275.25,128.0,0.4,0.0,0.7890625,0.0017601311701582745,9.045084971874737e-07,3.765523433685303e-05,3.0,0.49500834941864014,1.3482286930084229,0.49500834941864014,1.1891379356384277,380,58.6370886482764
0.005131740239448845,0.005131740239448845,0.0010416667209938169,0.0010416667209938169,0.006173406960442662,1.0,240.0,193.5,128.0,0.4010526315789474,0.0,0.77734375,0.0024559415614930913,9.040220018665346e-07,0.0009398609399795532,1.75,0.08637499809265137,0.12459219992160797,0.08637499809265137,1.3455761671066284,381,156.42508545564488
0.0037385643227025867,0.0037385643227025867,0.0011467889416962862,0.0011467889416962862,0.004885353264398873,0.75,436.0,289.75,128.0,0.40210526315789474,0.0,0.81640625,0.0009863068262347952,9.0353440196487e-07,-0.0003944188356399536,3.5,0.16226249933242798,2.668992042541504,0.16226249933242798,2.329493284225464,382,177.74086836422794
0.0011520737316459417,0.0011520737316459417,0.005465949885547161,0.005465949885547161,0.006618023617193103,0.5,558.0,263.75,90.0,0.4031578947368421,0.0,1.0,0.01767808521981351,9.030456988155595e-07,0.0008738338947296143,2.75,-0.019649982452392578,1.9344321489334106,-0.019649982452392578,1.6108349561691284,383,182.22682889993303
0.0040465607307851315,0.0040465607307851315,0.0,0.0,0.0040465607307851315,0.5,401.0,239.5,161.0,0.40421052631578946,0.0,0.7890625,0.0015083093603607267,9.025558937546987e-07,-0.0003030449151992798,2.75,1.6603624820709229,0.4429139792919159,1.6603624820709229,0.6252922415733337,384,50.00961848907173
0.002439024392515421,0.002439024392515421,0.002459936833474785,0.002459936833474785,0.004898961225990206,0.75,378.0,288.0,205.0,0.4052631578947368,0.0,0.6484375,0.0016993958706734702,9.020649881213958e-07,0.00015419721603393555,3.0,0.7632083296775818,1.0753915309906006,0.7632083296775818,0.9419644474983215,385,51.023695438867435
0.0012953367549926043,0.0012953367549926043,0.00041186160524375737,0.00041186160524375737,0.0017071983602363616,1.0,607.0,282.75,128.0,0.4063157894736842,0.0,0.7265625,0.0009381237905472517,9.015729832577681e-07,0.00012445449829101562,2.75,0.3665125072002411,1.2478491067886353,0.3665125072002411,1.095908522605896,386,56.42974985181354
0.002151191933080554,0.002151191933080554,0.0016021021292544901,0.0016021021292544901,0.003753294062335044,0.75,418.0,337.5,249.0,0.4073684210526316,0.0,0.62890625,0.0013679221010534093,9.010798805089384e-07,0.0011789500713348389,4.0,0.4549250602722168,0.7156274318695068,0.4549250602722168,1.780012845993042,387,183.22047478030436
0.005049348808825016,0.005049348808825016,0.0,0.0,0.005049348808825016,1.0,208.0,179.5,128.0,0.40842105263157896,0.0,0.8828125,0.0010270893690176308,9.005856812230304e-07,0.0013322532176971436,1.75,0.6612499952316284,0.8303908705711365,0.6612499952316284,1.1115068197250366,388,33.59602041891776
0.0012048193020746112,0.0012048193020746112,0.0005060728872194886,0.0005060728872194886,0.0017108921892940998,0.75,494.0,291.25,128.0,0.4094736842105263,0.5,0.40234375,0.0013731760700466111,9.000903867511664e-07,0.0004534721374511719,2.75,-0.5126875042915344,1.6084026098251343,-0.5126875042915344,1.940595269203186,389,54.26156243099831
0.004073471762239933,0.004073471762239933,0.0,0.0,0.004073471762239933,0.75,285.0,241.5,190.0,0.4105263157894737,0.0,0.82421875,0.0012183186772745103,8.995939984474623e-07,0.0008158832788467407,2.5,-0.026037514209747314,0.5651727914810181,-0.026037514209747314,1.9651919603347778,390,168.54683612613007
0.007313895039260387,0.007313895039260387,0.0,0.0,0.007313895039260387,0.5,361.0,302.75,253.0,0.41157894736842104,0.0,0.75390625,0.0018545232596807182,8.99096517669025e-07,0.0010404586791992188,3.25,1.6986749172210693,0.1414920687675476,1.6986749172210693,0.14714542031288147,391,57.50546970474534
0.004317560058552772,0.004317560058552772,0.0,0.0,0.004317560058552772,1.0,285.0,225.25,196.0,0.4126315789473684,0.0,0.703125,0.0012396294041536748,8.98597945775948e-07,0.0004661977291107178,2.25,1.3988749980926514,0.17645849287509918,1.3988749980926514,0.21201437711715698,392,48.52166670700535
0.004654204822145402,0.004654204822145402,0.0025906735099852085,0.0025906735099852085,0.007244878332130611,0.75,473.0,268.0,128.0,0.41368421052631577,0.0,0.875,0.0011276741133769974,8.980982841313074e-07,0.000666394829750061,3.25,1.2242374420166016,1.5901594161987305,1.2242374420166016,1.5791890621185303,393,48.46310262591578
0.0028256219811737537,0.0028256219811737537,0.0012820513220503926,0.0012820513220503926,0.004107673303224146,0.75,658.0,397.5,195.0,0.4147368421052632,0.0,0.65625,0.0010747883497970179,8.975975341011595e-07,-0.00024271011352539062,4.0,2.3862500190734863,1.5731710195541382,2.3862500190734863,1.2859306335449219,394,80.07208495517261
0.0023843818344175816,0.0023843818344175816,0.0013440860202535987,0.0013440860202535987,0.0037284678546711802,0.75,456.0,277.0,128.0,0.41578947368421054,0.0,1.421875,0.001512298324087169,8.970956970545355e-07,0.0017341971397399902,3.25,0.8700459003448486,1.089857816696167,0.8700459003448486,1.6293818950653076,395,77.34224620903842
0.004439897369593382,0.004439897369593382,0.0,0.0,0.004439897369593382,0.75,553.0,289.25,128.0,0.4168421052631579,0.0,0.99609375,0.0017043947154888883,8.965927743634389e-07,8.04215669631958e-05,3.0,0.7053250074386597,1.7937177419662476,0.7053250074386597,1.6348679065704346,396,62.40620059403591
0.007564758183434606,0.007564758183434606,0.0014389907591976225,0.0014389907591976225,0.009003748942632228,0.5,445.0,271.0,145.0,0.41789473684210526,0.0,0.79296875,0.001569210784509778,8.96088767402841e-07,-0.0004394799470901489,3.0,0.4357374906539917,1.2911946773529053,0.4357374906539917,1.0922534465789795,397,68.04718255670741
0.005568841239437461,0.005568841239437461,0.001369318983051926,0.001369318983051926,0.006938160222489387,0.5,508.0,334.25,193.0,0.4189473684210526,0.0,0.5625,0.0010117639249074273,8.955836775506775e-07,0.0008603334426879883,3.75,1.0783041715621948,0.7361983060836792,1.0783041715621948,1.0084753036499023,398,82.27080446993932
0.005106799770146608,0.005106799770146608,0.000961538462433964,0.000961538462433964,0.006068338232580572,1.0,453.0,289.0,213.0,0.42,0.0,0.66796875,0.0012146999943070114,8.950775061878452e-07,-0.0019234269857406616,3.0,1.3043625354766846,1.0865225791931152,1.3043625354766846,1.255751371383667,399,64.98110994207673
0.0017321016639471054,0.0017321016639471054,0.001953125,0.001953125,0.0036852266639471054,0.75,433.0,204.25,128.0,0.42105263157894735,0.5,0.734375,0.0018398721877019852,8.945702546981968e-07,-0.0006075501441955566,2.25,-0.10000002384185791,1.2727922201156616,-0.10000002384185791,1.7999999523162842,400,38.82498586503789
0.0026455025654286146,0.0026455025654286146,0.00390625,0.00390625,0.006551752565428615,0.5,272.0,180.75,64.0,0.42210526315789476,0.0,1.703125,0.021176741109229624,8.940619244685387e-07,0.0010664761066436768,2.0,0.8490999937057495,0.9545588493347168,0.8490999937057495,1.2727879285812378,401,38.012387718074024
0.0019607844296842813,0.0019607844296842813,0.001552795059978962,0.001552795059978962,0.0035135794896632433,0.75,322.0,240.25,128.0,0.4231578947368421,0.0,1.0078125,0.0027766561397584155,8.935525168886262e-07,0.000894591212272644,2.5,0.6449083089828491,1.2428343296051025,0.6449083089828491,1.200616478919983,402,42.14619272691198
0.0027784715639427304,0.0027784715639427304,0.001953125,0.001953125,0.00473159656394273,0.5,546.0,283.0,128.0,0.4242105263157895,0.0,0.83203125,0.0011104051809525117,8.930420333511606e-07,0.0016925930976867676,3.0,0.91816246509552,1.0519450902938843,0.91816246509552,1.9771819114685059,403,60.5101543799974
0.004753593704663217,0.004753593704663217,0.0013227512827143073,0.0013227512827143073,0.006076344987377524,1.0,378.0,264.75,128.0,0.42526315789473684,0.0,1.1796875,0.0010491366701899096,8.925304752517839e-07,0.0019355565309524536,2.75,0.30247917771339417,0.9011191725730896,0.30247917771339417,0.9736033082008362,404,52.17701361211948
0.0013227512827143073,0.0013227512827143073,0.004504336102399975,0.004504336102399975,0.005827087385114282,0.5,418.0,296.5,128.0,0.4263157894736842,0.0,0.671875,0.0010041372443083674,8.920178439890764e-07,0.0007092803716659546,3.25,-1.375599980354309,1.1658776998519897,-1.375599980354309,2.288576126098633,405,48.34122749697417
0.004808429162949324,0.004808429162949324,0.0,0.0,0.004808429162949324,0.5,290.0,192.75,128.0,0.42736842105263156,0.0,1.0625,0.0033029389451257885,8.91504140964553e-07,0.0012068897485733032,2.0,-0.11939999461174011,1.2453564405441284,-0.11939999461174011,1.2729412317276,406,35.33411534316838
0.006393812131136656,0.006393812131136656,0.0006249999860301614,0.0006249999860301614,0.007018812117166817,1.0,400.0,274.25,128.0,0.4284210526315789,0.0,0.890625,0.001058627647580579,8.909893675826574e-07,-0.0011769086122512817,2.5,-0.31757915019989014,0.6958696842193604,-0.31757915019989014,1.562666654586792,407,168.96102738985792
0.0007911392604000866,0.0007911392604000866,0.002617801073938608,0.002617801073938608,0.003408940334338695,1.0,316.0,209.5,128.0,0.42947368421052634,0.0,0.84765625,0.0011081267875852063,8.904735252507609e-07,0.0007146298885345459,2.0,0.799262523651123,1.0251810550689697,0.799262523651123,1.2506146430969238,408,37.920642578043044
0.004831112513784319,0.004831112513784319,0.001953125,0.001953125,0.006784237513784319,1.0,297.0,199.75,128.0,0.4305263157894737,0.0,0.7265625,0.001523015700513497,8.899566153791565e-07,-0.0007512569427490234,2.0,0.8494125008583069,1.0956089496612549,0.8494125008583069,1.2731131315231323,409,40.938959144987166
0.0024404703290201724,0.0024404703290201724,0.001623376621864736,0.001623376621864736,0.0040638469508849084,0.5,349.0,268.75,128.0,0.43157894736842106,0.0,0.7109375,0.0009861720027402043,8.894386393810562e-07,-0.0010492950677871704,3.0,0.34558749198913574,1.2853964567184448,0.34558749198913574,1.1794124841690063,410,50.993748943088576
0.0018642505747266114,0.0018642505747266114,0.003193322685547173,0.003193322685547173,0.005057573260273784,1.0,407.0,299.0,191.0,0.4326315789473684,0.0,0.67578125,0.0009700590162537992,8.889195986725863e-07,0.00020591914653778076,3.0,1.3196083307266235,0.6773611307144165,1.3196083307266235,0.7102572917938232,411,55.10701033216901
0.0044964030385017395,0.0044964030385017395,0.0036772629246115685,0.0036772629246115685,0.008173665963113308,0.75,290.0,221.75,128.0,0.4336842105263158,0.0,0.9453125,0.0016212355258176103,8.883994946727847e-07,0.0006978809833526611,2.25,0.8852499723434448,0.9005358219146729,0.8852499723434448,1.2649409770965576,412,41.761913547990844
0.0018501271842978895,0.0018501271842978895,0.002952346723759547,0.002952346723759547,0.004802473908057436,0.5,561.0,366.25,178.0,0.43473684210526314,0.0,0.71484375,0.0012833023502025753,8.878783288035957e-07,0.0005382150411605835,4.0,1.7145624160766602,0.8975483179092407,1.7145624160766602,1.0332719087600708,413,70.48485077708028
0.0025316455867141485,0.0025316455867141485,0.0,0.0,0.0025316455867141485,1.0,395.0,194.75,128.0,0.4357894736842105,0.5,0.75,0.0020483483385760337,8.873561024898667e-07,0.000585279893130064,1.75,-0.18787497282028198,1.1485182046890259,-0.18787497282028198,1.624250054359436,414,37.58927379362285
0.006371209165081382,0.006371209165081382,0.0016025641234591603,0.0016025641234591603,0.007973773288540542,0.5,312.0,195.75,79.0,0.4368421052631579,0.0,1.0625,0.001269955770112574,8.868328171593446e-07,-0.0005012750625610352,2.25,0.507308304309845,1.1898367404937744,0.507308304309845,1.1133203506469727,415,39.28466258011758
0.0005411255406215787,0.0005411255406215787,0.0028575522592291236,0.0028575522592291236,0.0033986777998507023,0.75,462.0,284.0,151.0,0.4378947368421053,0.0,0.734375,0.000998529139906168,8.863084742426718e-07,3.586709499359131e-05,3.0,1.7102124691009521,0.618311882019043,1.7102124691009521,0.5641797184944153,416,52.56096573732793
0.0,0.0,0.0016025641234591603,0.0016025641234591603,0.0016025641234591603,0.5,358.0,239.5,156.0,0.43894736842105264,0.0,0.71484375,0.001586420024977997,8.857830751733814e-07,0.0015937387943267822,3.0,1.648787498474121,0.17679435014724731,1.648787498474121,0.40233907103538513,417,44.66463617794216
0.005056957365013659,0.005056957365013659,0.0,0.0,0.005056957365013659,0.5,202.0,191.5,186.0,0.44,0.0,0.765625,0.001305191224673763,8.852566213878946e-07,0.0011963099241256714,2.0,1.3105125427246094,0.05336887016892433,1.3105125427246094,0.0751757100224495,418,41.357412178767845
0.0036100526340305805,0.0036100526340305805,0.004000000189989805,0.004000000189989805,0.007610052824020386,0.25,511.0,227.25,83.0,0.44105263157894736,0.0,1.2578125,0.0015698018833063543,8.847291143255158e-07,0.002614259719848633,2.75,1.0493249893188477,1.3786814212799072,1.0493249893188477,1.5301222801208496,419,52.64483021106571
0.002961082849651575,0.002961082849651575,0.0,0.0,0.002961082849651575,1.0,591.0,286.5,128.0,0.4421052631578947,0.5,0.57421875,0.001099977918784134,8.842005554284295e-07,0.0004335939884185791,2.75,0.7606500387191772,0.5829742550849915,0.7606500387191772,2.1415717601776123,420,52.62112433509901
0.002233839360997081,0.002233839360997081,0.002113630122039467,0.002113630122039467,0.004347469483036548,0.75,529.0,304.0,194.0,0.4431578947368421,0.0,0.6640625,0.0014375559403561056,8.836709461416951e-07,-0.00016731023788452148,3.25,1.761275053024292,0.5487855672836304,1.761275053024292,0.8136317133903503,421,59.82278755004518
0.005347593687474728,0.005347593687474728,0.0,0.0,0.005347593687474728,1.0,214.0,185.0,128.0,0.4442105263157895,0.0,0.75390625,0.0009810000992729329,8.831402879132445e-07,5.2168965339660645e-05,1.75,0.7614375352859497,0.8303024768829346,0.7614375352859497,1.174291729927063,422,36.09372935909778
0.004416979500092566,0.004416979500092566,0.002628800692036748,0.002628800692036748,0.007045780192129314,1.0,370.0,234.25,128.0,0.44526315789473686,0.0,0.84765625,0.001355901978968177,8.826085821938769e-07,-0.0008483231067657471,2.25,-0.5720458030700684,0.9125860929489136,-0.5720458030700684,1.2925249338150024,423,165.6921278790105
0.0038759689778089523,0.0038759689778089523,0.0004646840097848326,0.0004646840097848326,0.004340652987593785,0.75,538.0,313.25,128.0,0.4463157894736842,0.0,0.77734375,0.001239923876710236,8.820758304372555e-07,-0.0003878474235534668,3.25,0.058375000953674316,1.2681959867477417,0.058375000953674316,1.0557326078414917,424,58.77446635090746
0.0029968542512506247,0.0029968542512506247,0.0,0.0,0.0029968542512506247,0.75,430.0,291.25,207.0,0.4473684210526316,0.0,0.5859375,0.0015249119751388207,8.815420340999033e-07,-0.0005125328898429871,3.25,1.9366250038146973,0.05289159715175629,1.9366250038146973,0.6817535758018494,425,59.53227442596108
0.002577319508418441,0.002577319508418441,0.0,0.0,0.002577319508418441,1.0,246.0,174.0,128.0,0.44842105263157894,0.5,0.5390625,0.001629029487958178,8.810071946411988e-07,0.0008155517280101776,1.5,0.17407500743865967,0.0004242501745466143,0.17407500743865967,1.3557051420211792,426,33.33970657829195
0.0007183908019214869,0.0007183908019214869,0.0,0.0,0.0007183908019214869,0.5,366.0,282.5,128.0,0.4494736842105263,0.0,1.0546875,0.0012714102485915646,8.80471313523373e-07,0.002651408314704895,3.0,0.4034541845321655,0.3124645948410034,0.4034541845321655,1.832478642463684,427,53.514885393437
0.0017158330301754177,0.0017158330301754177,0.0012479200959205627,0.0012479200959205627,0.0029637531260959804,0.75,636.0,418.25,189.0,0.45052631578947366,0.0,0.6328125,0.0010265774762956426,8.799343922115043e-07,0.0002512633800506592,4.25,0.637737512588501,2.4198784828186035,0.637737512588501,2.212263584136963,428,202.72113884193823
0.005836575757712126,0.005836575757712126,0.0,0.0,0.005836575757712126,0.75,257.0,160.25,128.0,0.4515789473684211,0.5,0.5390625,0.0021335617639124393,8.79396432173515e-07,-0.0007234066724777222,1.5,-0.37529999017715454,0.8834592700004578,-0.37529999017715454,1.249400019645691,429,28.323315952904522
0.0009451796067878604,0.0009451796067878604,0.001231527072377503,0.001231527072377503,0.0021767066791653633,0.5,529.0,291.0,128.0,0.45263157894736844,0.0,0.91015625,0.0011715152795659378,8.788574348801674e-07,0.0031987279653549194,3.5,1.3742125034332275,1.44940984249115,1.3742125034332275,1.6420713663101196,430,54.200198761885986
0.0018479613936506212,0.0018479613936506212,0.002312447177246213,0.002312447177246213,0.004160408570896834,0.25,597.0,447.5,339.0,0.4536842105263158,0.0,0.59765625,0.0016453908028779551,8.783174018050593e-07,0.0016764998435974121,4.5,2.076462507247925,0.6328782439231873,2.076462507247925,0.566353976726532,431,78.54471468739212
0.006723375990986824,0.006723375990986824,0.00119331746827811,0.00119331746827811,0.007916693459264934,1.0,419.0,258.5,128.0,0.45473684210526316,0.0,0.90234375,0.0019792301900452003,8.777763344246208e-07,0.0008777827024459839,2.5,0.16454166173934937,1.9193824529647827,0.16454166173934937,1.5813733339309692,432,47.99274746212177
0.0,0.0,0.0010416667209938169,0.0010416667209938169,0.0010416667209938169,0.5,480.0,244.75,94.0,0.4557894736842105,0.0,2.046875,0.002651932940352708,8.772342342181094e-07,0.003837287425994873,3.0,0.9034500122070312,0.6293603777885437,0.9034500122070312,0.7631557583808899,433,50.37537383008748
0.0055952382972463965,0.0055952382972463965,0.004190947918687016,0.004190947918687016,0.009786186215933412,0.5,600.0,364.0,210.0,0.4568421052631579,0.0,0.5703125,0.002168986786273308,8.766911026676063e-07,-0.0014965534210205078,4.0,1.7195583581924438,0.7840282917022705,1.7195583581924438,1.250125527381897,434,69.87345473910682
0.003246753243729472,0.003246753243729472,0.0,0.0,0.003246753243729472,0.25,451.0,248.25,83.0,0.45789473684210524,0.0,0.953125,0.009075880632735789,8.761469412580124e-07,-0.0017789751291275024,3.0,1.3362125158309937,1.7845077514648438,1.3362125158309937,1.8531380891799927,435,50.001286377198994
0.0009310987079516053,0.0009310987079516053,0.00390625,0.00390625,0.004837348707951605,0.75,537.0,230.25,128.0,0.4589473684210526,0.5,0.66796875,0.0018841502605937421,8.756017514770442e-07,-0.00017574429512023926,2.25,-0.4541666805744171,0.7719249129295349,-0.4541666805744171,1.0916666984558105,436,45.721306261839345
0.0012820513220503926,0.0012820513220503926,0.001168224262073636,0.001168224262073636,0.0024502755841240287,0.75,214.0,166.25,128.0,0.46,0.5,0.62890625,0.0012874107342213392,8.750555348152298e-07,-9.891818626783788e-05,1.75,-0.28203749656677246,0.5391512513160706,-0.28203749656677246,1.0367605686187744,437,29.63473087712191
0.0026195961982011795,0.0026195961982011795,0.0,0.0,0.0026195961982011795,0.75,392.0,215.5,80.0,0.4610526315789474,0.0,1.125,0.008436175907263532,8.745082927659046e-07,0.0020074695348739624,2.5,1.0232875347137451,1.2014981508255005,1.0232875347137451,1.493630051612854,438,44.78675627987832
0.0016339869471266866,0.0016339869471266866,0.004996052943170071,0.004996052943170071,0.006630039890296757,1.0,339.0,299.5,269.0,0.46210526315789474,0.0,0.78125,0.001203633815748617,8.739600268252076e-07,-0.00031082332134246826,3.0,1.292199969291687,0.8574377298355103,1.292199969291687,0.964431881904602,439,63.90242495806888
0.0012254902394488454,0.0012254902394488454,0.005859375,0.005859375,0.007084865239448845,0.25,415.0,301.25,128.0,0.4631578947368421,0.0,0.75390625,0.002156496047973633,8.734107384920769e-07,0.00023889541625976562,4.0,1.1080083847045898,1.7201669216156006,1.1080083847045898,1.6197162866592407,440,61.25452553993091
0.003961657756008208,0.003961657756008208,0.0014124293811619282,0.0014124293811619282,0.005374087137170136,1.0,444.0,294.5,188.0,0.46421052631578946,0.0,0.703125,0.0008989003981696442,8.728604292682458e-07,0.0009922385215759277,3.25,1.0848333835601807,0.3728809654712677,1.0848333835601807,0.44049161672592163,441,58.74044342478737
0.0025183510151691735,0.0025183510151691735,0.0018741259118542075,0.0018741259118542075,0.004392476927023381,0.75,538.0,386.5,250.0,0.4652631578947368,0.0,0.60546875,0.001197476522065699,8.723091006582388e-07,0.0015303343534469604,4.0,1.9484374523162842,0.6005988121032715,1.9484374523162842,0.5302188396453857,442,70.09299393626861
0.003304285986814648,0.003304285986814648,0.0023420359939336777,0.0023420359939336777,0.005646321980748326,1.0,546.0,375.5,212.0,0.4663157894736842,0.0,0.71484375,0.0011944766156375408,8.717567541693671e-07,-0.0006301552057266235,3.75,0.8473625183105469,0.688987135887146,0.8473625183105469,1.5454257726669312,443,72.38409864180721
0.0037499999161809683,0.0037499999161809683,0.002770083025097847,0.002770083025097847,0.006520082941278815,0.5,361.0,214.5,128.0,0.4673684210526316,0.0,0.71484375,0.0016781276935944334,8.712033913117249e-07,0.00010408461093902588,2.75,-0.33848756551742554,0.7248374819755554,-0.33848756551742554,2.1196341514587402,444,49.31627586274408
0.0013513513840734959,0.0013513513840734959,0.0037313431967049837,0.0037313431967049837,0.00508269458077848,0.5,201.0,161.5,67.0,0.46842105263157896,0.0,1.3671875,0.01709003173164092,8.706490135981855e-07,0.0017032772302627563,2.25,0.3114374876022339,1.9624866247177124,0.3114374876022339,1.6288913488388062,445,52.345390972914174
0.0038369251415133476,0.0038369251415133476,0.0009596928721293807,0.0009596928721293807,0.004796618013642728,0.5,521.0,375.75,128.0,0.4694736842105263,0.0,0.78125,0.0015025695465737954,8.700936225443958e-07,9.34898853302002e-05,4.25,-0.7835624814033508,2.4274091720581055,-0.7835624814033508,2.565291404724121,446,64.86873280629516
0.0,0.0,0.0012499999720603228,0.0012499999720603228,0.0012499999720603228,0.75,287.0,185.75,128.0,0.4705263157894737,0.5,0.8125,0.0019048476533498615,8.695372196687742e-07,0.0008091561030596495,1.75,0.26191246509552,0.26567766070365906,0.26191246509552,1.48907470703125,447,35.298884487943724
0.003956641303375363,0.003956641303375363,0.0009803922148421407,0.0009803922148421407,0.004937033518217504,0.75,501.0,321.5,208.0,0.47157894736842104,0.0,0.703125,0.0021690198918804526,8.689798064925048e-07,3.170967102050781e-05,3.25,0.5609375238418579,1.5022659301757812,0.5609375238418579,1.2551831007003784,448,62.23796894168481
0.0006944444612599909,0.0006944444612599909,0.0007812500116415322,0.0007812500116415322,0.0014756944729015231,0.75,360.0,302.25,254.0,0.4726315789473684,0.0,0.6171875,0.003379483852768317,8.684213845395338e-07,0.00028623640537261963,3.25,1.7855749130249023,0.26601359248161316,1.7855749130249023,0.32267382740974426,449,53.41931687598117
0.008335541235283017,0.008335541235283017,0.00070821528788656,0.00070821528788656,0.009043756523169577,0.75,353.0,233.75,128.0,0.47368421052631576,0.0,0.9765625,0.0012046814517816529,8.678619553365658e-07,-0.0003263801336288452,2.5,0.11353331804275513,0.5980590581893921,0.11353331804275513,0.9214960336685181,450,43.72547618183307
0.00444486306514591,0.00444486306514591,0.0012755101779475808,0.0012755101779475808,0.005720373243093491,0.5,370.0,278.25,196.0,0.4747368421052632,0.0,0.90625,0.001232572365552187,8.673015204130585e-07,0.0022533833980560303,3.5,1.8242000341415405,0.5310017466545105,1.8242000341415405,0.6595191359519958,451,60.43993585486896
0.0,0.0,0.0012953367549926043,0.0012953367549926043,0.0012953367549926043,0.75,284.0,180.75,118.0,0.47578947368421054,0.5,0.59765625,0.002377806362346746,8.667400813012199e-07,0.001178785227239132,1.75,0.21181249618530273,0.19436600804328918,0.21181249618530273,1.4171650409698486,452,33.623256410006434
0.0013227512827143073,0.0013227512827143073,0.0006265664123930037,0.0006265664123930037,0.001949317695107311,1.0,399.0,277.25,128.0,0.4768421052631579,0.0,0.80859375,0.001690058401436545,8.661776395360028e-07,0.0004252195358276367,2.75,0.2655666768550873,2.168001174926758,0.2655666768550873,1.8210229873657227,453,50.544082244159654
0.0036349139409139752,0.0036349139409139752,0.0,0.0,0.0036349139409139752,0.5,412.0,218.75,128.0,0.47789473684210526,0.0,0.79296875,0.0007373870175797492,8.656141966551018e-07,0.0008217841386795044,2.5,0.5370999574661255,2.1737875938415527,0.5370999574661255,1.871209740638733,454,39.813975318102166
0.0032383418874815106,0.0032383418874815106,0.0023837025510147214,0.0023837025510147214,0.005622044438496232,1.0,446.0,305.75,193.0,0.4789473684210526,0.0,0.322265625,0.0010228259634459391,8.650497541989481e-07,-0.0002887248992919922,3.0,0.9653041362762451,0.0002298056788276881,0.9653041362762451,0.4425918757915497,455,178.10303674498573
0.0028151939623057842,0.0028151939623057842,0.0,0.0,0.0028151939623057842,0.75,549.0,273.75,128.0,0.48,0.0,0.875,0.001164435176178813,8.644843137107057e-07,0.00037419795989990234,2.75,-1.5315625667572021,1.369577407836914,-1.5315625667572021,1.696388840675354,456,48.980581960175186
0.0013157895300537348,0.0013157895300537348,0.004185267956927419,0.004185267956927419,0.0055010574869811535,1.0,288.0,207.5,128.0,0.48105263157894734,0.0,0.70703125,0.0011796940671047196,8.639178767362674e-07,0.00018770992755889893,2.0,0.8240749835968018,0.9191327095031738,0.8240749835968018,1.2217495441436768,457,40.966079488163814
0.0,0.0,0.0013643601560033858,0.0013643601560033858,0.0013643601560033858,0.5,628.0,357.5,128.0,0.48210526315789476,0.0,0.94140625,0.0015121379983611405,8.633504448242504e-07,0.000616416335105896,3.75,-1.5132999420166016,1.3084303140640259,-1.5132999420166016,1.6970432996749878,458,61.90406434983015
0.0037002352764829993,0.0037002352764829993,0.0015690376749262214,0.0015690376749262214,0.005269272951409221,0.5,478.0,277.75,128.0,0.4831578947368421,0.0,0.78125,0.0013982309319544584,8.627820195259917e-07,0.0005346089601516724,3.0,-0.3423791527748108,1.849255084991455,-0.3423791527748108,1.6307730674743652,459,170.0513673541136
0.0013392857508733869,0.0013392857508733869,0.00242571480339393,0.00242571480339393,0.003765000554267317,1.0,560.0,370.25,128.0,0.4842105263157895,0.0,0.98046875,0.0019702728604897857,8.622126023955445e-07,0.0009936094284057617,4.0,-0.7917374968528748,1.7440965175628662,-0.7917374968528748,1.7527093887329102,460,304.70258862595074
0.003809565503615886,0.003809565503615886,0.0,0.0,0.003809565503615886,0.5,522.0,271.5,104.0,0.48526315789473684,0.0,0.72265625,0.0013069360866211355,8.616421949896733e-07,-0.0019740313291549683,3.0,1.3116374015808105,1.608473539352417,1.3116374015808105,1.6871494054794312,461,49.45871720276773
0.0027573530096560717,0.0027573530096560717,0.0011737089371308684,0.0011737089371308684,0.00393106194678694,0.5,352.0,220.0,128.0,0.4863157894736842,0.0,0.90625,0.001375213440041989,8.610707988678503e-07,0.002313286066055298,2.75,1.0361624956130981,1.0780726671218872,1.0361624956130981,1.4114242792129517,462,42.90641908813268
0.0028445947100408375,0.0028445947100408375,0.0,0.0,0.0028445947100408375,0.5,375.0,250.5,128.0,0.48736842105263156,0.0,0.88671875,0.001464950037188828,8.604984155922505e-07,0.0008687824010848999,3.0,1.2237749099731445,1.484994888305664,1.2237749099731445,1.5756421089172363,463,52.23812828282826
0.004439398646354675,0.004439398646354675,0.00167037860956043,0.00167037860956043,0.006109777255915105,0.5,449.0,289.5,193.0,0.4884210526315789,0.0,0.66015625,0.0013652911875396967,8.599250467277483e-07,0.0003422349691390991,3.5,1.4757750034332275,0.2090207189321518,1.4757750034332275,0.4016285240650177,464,60.925391626311466
0.001805054140277207,0.001805054140277207,0.001623376621864736,0.001623376621864736,0.003428430762141943,0.5,532.0,363.75,184.0,0.48947368421052634,0.0,0.69921875,0.0010308446799172089,8.593506938419119e-07,0.00012446939945220947,4.0,1.5892000198364258,0.7565335035324097,1.5892000198364258,0.7484012246131897,465,72.29172947304323
0.005235602147877216,0.005235602147877216,0.0,0.0,0.005235602147877216,1.0,268.0,193.5,128.0,0.4905263157894737,0.0,0.68359375,0.0007893639776739292,8.587753585050004e-07,-0.00016193091869354248,2.0,0.8485499620437622,0.9540991187095642,0.8485499620437622,1.2433842420578003,466,38.63005450065248
0.005424477509222925,0.005424477509222925,0.0019155462505295873,0.0019155462505295873,0.007340023759752512,0.25,390.0,322.25,219.0,0.49157894736842106,0.0,0.61328125,0.00119819249084685,8.581990422899585e-07,0.00044642388820648193,4.25,1.2535916566848755,1.7266604900360107,1.2535916566848755,1.7739722728729248,467,65.80234513268806
0.003761031082831323,0.003761031082831323,0.001243781065568328,0.001243781065568328,0.005004812148399651,0.75,402.0,301.5,207.0,0.4926315789473684,0.0,0.83203125,0.0017373266600770876,8.576217467724127e-07,0.0021829605102539062,3.5,1.130025029182434,1.334628701210022,1.130025029182434,1.4773176908493042,468,68.1237266343087
0.002439024392515421,0.002439024392515421,0.0,0.0,0.002439024392515421,1.0,205.0,147.25,128.0,0.4936842105263158,0.5,0.63671875,0.0013308764318935573,8.57043473530667e-07,-0.0013725459575653076,1.25,-0.4128875136375427,0.8303024768829346,-0.4128875136375427,1.1742249727249146,469,29.801700165960938
0.0009057971183210611,0.0009057971183210611,0.0,0.0,0.0009057971183210611,0.75,276.0,183.75,128.0,0.49473684210526314,0.5,0.70703125,0.00159762758994475,8.564642241456986e-07,-1.413906466041226e-05,2.0,0.3117750287055969,0.3007325232028961,0.3117750287055969,1.5540028810501099,470,39.01477560820058
0.0019607844296842813,0.0019607844296842813,0.001953125,0.001953125,0.003913909429684281,0.75,291.0,191.25,91.0,0.4957894736842105,0.0,1.0,0.0026398757472634315,8.558840002011527e-07,0.0006177723407745361,1.75,-0.20678749680519104,1.1217718124389648,-0.20678749680519104,1.107494592666626,471,35.686698192032054
0.0010162601247429848,0.0010162601247429848,0.0010917030740529299,0.0010917030740529299,0.0021079631987959146,0.5,492.0,287.0,148.0,0.4968421052631579,0.0,0.8046875,0.001852804547525011,8.553028032833396e-07,-6.882846355438232e-05,3.0,1.8484874963760376,0.7074779868125916,1.8484874963760376,0.7843320965766907,472,63.62244349275716
0.0010204081190750003,0.0010204081190750003,0.0,0.0,0.0010204081190750003,1.0,245.0,174.75,128.0,0.4978947368421053,0.5,0.625,0.0011796743638115004,8.547206349812297e-07,0.00062580406665802,1.5,0.13655000925064087,0.05342188850045204,0.13655000925064087,1.3138236999511719,473,30.275151991983876
0.0008992805960588157,0.0008992805960588157,0.0,0.0,0.0008992805960588157,0.75,278.0,164.0,122.0,0.49894736842105264,0.5,0.74609375,0.0027623108471743762,8.541374968864485e-07,8.913874626159668e-05,1.5,-0.2753874957561493,1.0247567892074585,-0.2753874957561493,1.4492249488830566,474,30.040729902219027
0.002157710667233914,0.002157710667233914,0.0030487803742289543,0.0030487803742289543,0.0052064910414628685,0.75,328.0,231.25,128.0,0.5,0.0,0.80859375,0.0013535674224840477,8.535533905932737e-07,0.001211121678352356,2.25,0.517662525177002,1.5646328926086426,0.517662525177002,1.339891791343689,475,47.8267109929584
0.00282231776509434,0.00282231776509434,0.0007598784286528826,0.0007598784286528826,0.0035821961937472224,1.0,553.0,410.25,329.0,0.5010526315789474,0.0,0.58203125,0.0013936534815002233,8.529683176986295e-07,0.00015006959438323975,4.0,0.2650541067123413,0.7303057909011841,0.2650541067123413,2.4528491497039795,476,71.7314818392042
0.0028735632076859474,0.0028735632076859474,0.0025000624591484666,0.0025000624591484666,0.005373625666834414,0.75,398.0,308.75,201.0,0.5021052631578947,0.0,0.7421875,0.0018699256324907765,8.523822798020826e-07,0.0006168186664581299,4.0,-0.09833753108978271,1.8418186902999878,-0.09833753108978271,2.6210405826568604,477,62.13167292019352
0.0023390896385535598,0.0023390896385535598,0.001953125,0.001953125,0.00429221463855356,0.5,506.0,254.25,112.0,0.5031578947368421,0.0,1.1328125,0.002209772646892816,8.517952785058384e-07,0.0015870779752731323,2.75,0.6120749711990356,2.279818534851074,0.6120749711990356,1.8803812265396118,478,53.03450005990453
0.0065140563528984785,0.0065140563528984785,0.0006738544325344265,0.0006738544325344265,0.007187910785432905,0.5,498.0,328.5,195.0,0.5042105263157894,0.0,1.171875,0.0009415528475074098,8.512073154147361e-07,0.0012873411178588867,3.75,1.6944208145141602,1.0319576263427734,1.6944208145141602,0.9961856603622437,479,187.90056515065953
0.0055046058259904385,0.0055046058259904385,0.001179245300590992,0.001179245300590992,0.0066838511265814304,0.75,273.0,211.25,88.0,0.5052631578947369,0.0,1.234375,0.0032725940691307187,8.506183921362442e-07,0.00030268728733062744,2.25,0.9865750074386597,1.1487658023834229,0.9865750074386597,1.3437905311584473,480,41.369567905087024
0.0011415524641051888,0.0011415524641051888,0.0016646708245389163,0.0016646708245389163,0.002806223288644105,0.5,476.0,396.25,264.0,0.5063157894736842,0.0,0.6171875,0.001161319756647572,8.500285102804567e-07,0.0009841769933700562,4.75,1.149549961090088,1.6269114017486572,1.149549961090088,2.4286787509918213,481,73.9334982431028
0.0027675277087837458,0.0027675277087837458,0.0,0.0,0.0027675277087837458,1.0,271.0,179.75,128.0,0.5073684210526316,0.5,0.478515625,0.001533559465315193,8.494376714600877e-07,0.000917583703994751,1.75,0.2612749934196472,0.1236376166343689,0.2612749934196472,1.463375449180603,482,35.102323240134865
0.003968254197388887,0.003968254197388887,0.0012626262614503503,0.0012626262614503503,0.005230880458839238,1.0,315.0,192.25,128.0,0.508421052631579,0.5,0.53515625,0.0012203458900330588,8.488458772904684e-07,-0.0004955271142534912,1.75,0.2618750333786011,0.12342549115419388,0.2618750333786011,1.4640412330627441,483,34.40660357219167
0.003699830500409007,0.003699830500409007,0.0018382353009656072,0.0018382353009656072,0.005538065801374614,1.0,284.0,251.25,183.0,0.5094736842105263,0.0,0.8125,0.0011021550453733653,8.48253129389541e-07,-0.0009630024433135986,2.75,1.6612374782562256,0.19443672895431519,1.6612374782562256,0.22845247387886047,484,51.45596913713962
0.004563233465887606,0.004563233465887606,0.001953125,0.001953125,0.006516358465887606,0.5,413.0,302.25,128.0,0.5105263157894737,0.0,0.76171875,0.0012659915664698929,8.47659429377856e-07,3.781914710998535e-05,3.25,1.2865999937057495,1.219228744506836,1.2865999937057495,1.5505664348602295,485,52.20972803956829
0.0011848341673612595,0.0011848341673612595,0.005859375,0.005859375,0.0070442091673612595,1.0,211.0,148.75,128.0,0.511578947368421,0.5,0.50390625,0.0025148528220597655,8.470647788785664e-07,-0.0011129184858873487,1.25,-0.41290000081062317,0.830284833908081,-0.41290000081062317,1.1742000579833984,486,28.60776777099818
0.002084571693558246,0.002084571693558246,0.002214502193965018,0.002214502193965018,0.004299073887523264,0.75,491.0,301.25,196.0,0.5126315789473684,0.0,0.61328125,0.0016936978790909052,8.464691795174239e-07,0.001179724931716919,3.25,-0.2970582842826843,0.2531324028968811,-0.2970582842826843,1.9223262071609497,487,54.21491989004426
0.0021834061481058598,0.0021834061481058598,0.0035850286367349327,0.0035850286367349327,0.005768434784840792,0.5,458.0,335.75,128.0,0.5136842105263157,0.0,0.77734375,0.0024353235494345427,8.458726329227747e-07,0.00113658607006073,4.0,-0.555066704750061,0.9205116033554077,-0.555066704750061,1.1776916980743408,488,63.22687890799716
0.0015337422955781221,0.0015337422955781221,0.0008896797080524266,0.0008896797080524266,0.0024234220036305487,0.75,326.0,215.75,128.0,0.5147368421052632,0.5,0.423828125,0.0009260963124688715,8.45275140725554e-07,-0.00030187706579454243,2.25,0.3872874975204468,0.053333550691604614,0.3872874975204468,1.603084921836853,489,37.53431618050672
0.006112616742029786,0.006112616742029786,0.0,0.0,0.006112616742029786,0.75,405.0,246.75,71.0,0.5157894736842106,0.0,1.1484375,0.0028183475078549236,8.446767045592829e-07,0.0021553635597229004,2.5,1.0740749835968018,0.883742094039917,1.0740749835968018,1.4151009321212769,490,50.83541077096015
0.0030795041820965707,0.0030795041820965707,0.0032094063935801387,0.0032094063935801387,0.006288910575676709,0.75,356.0,235.0,128.0,0.5168421052631579,0.0,1.1484375,0.001404030859703198,8.44077326060063e-07,0.0008106976747512817,2.75,0.7522249817848206,0.8173093199729919,0.7522249817848206,1.2572662830352783,491,50.202922551194206
0.0036585365887731314,0.0036585365887731314,0.0025906735099852085,0.0025906735099852085,0.00624921009875834,1.0,205.0,163.5,128.0,0.5178947368421053,0.5,0.48046875,0.0017518115637358278,8.434770068665722e-07,-0.00018903151794802397,1.5,0.17397499084472656,0.0002474862849339843,0.17397499084472656,1.3555896282196045,492,31.748156965710223
0.002328805741854012,0.002328805741854012,0.0,0.0,0.002328805741854012,1.0,446.0,243.75,128.0,0.5189473684210526,0.0,0.828125,0.0009689966536825523,8.428757486200603e-07,0.0012070238590240479,2.25,0.9863499402999878,1.2894799709320068,0.9863499402999878,1.4421629905700684,493,47.643021488329396
0.0,0.0,0.002656210446730256,0.002656210446730256,0.002656210446730256,0.5,605.0,300.5,177.0,0.52,0.0,1.09375,0.0014063629496376961,8.422735529643443e-07,0.0010083764791488647,3.0,1.6613374948501587,0.5477779507637024,1.6613374948501587,0.7291810512542725,494,57.652487366693094
0.0035816619638353586,0.0035816619638353586,0.0015756302746012807,0.0015756302746012807,0.005157292238436639,0.5,476.0,303.5,186.0,0.5210526315789473,0.0,0.75390625,0.004522016301052645,8.416704215458042e-07,0.0008968710899353027,3.5,1.140987515449524,0.9301812648773193,1.140987515449524,1.0262633562088013,495,58.59753368375823
0.0008620689623057842,0.0008620689623057842,0.00141643057577312,0.00141643057577312,0.002278499538078904,0.5,580.0,332.5,125.0,0.5221052631578947,0.0,0.625,0.0008265800279332325,8.410663560133783e-07,0.0013659149408340454,3.75,1.7199208736419678,0.8552868962287903,1.7199208736419678,1.3481109142303467,496,67.67374773463234
0.005604079575277865,0.005604079575277865,0.0026455025654286146,0.0026455025654286146,0.00824958214070648,0.25,434.0,294.75,189.0,0.5231578947368422,0.0,0.65234375,0.00217931205406785,8.404613580185584e-07,-0.0001976490020751953,3.5,1.9732251167297363,0.3889440894126892,1.9732251167297363,0.4573429822921753,497,65.03431454417296
0.0025445292703807354,0.0025445292703807354,0.0,0.0,0.0025445292703807354,0.5,393.0,279.5,195.0,0.5242105263157895,0.0,0.67578125,0.0012643653608392924,8.398554292153865e-07,0.00035034120082855225,3.5,0.977816641330719,1.4792791604995728,0.977816641330719,1.726793885231018,498,173.49232067191042
0.00544259010348469,0.00544259010348469,0.0013204225106164813,0.0013204225106164813,0.0067630126141011715,0.25,568.0,344.0,128.0,0.5252631578947369,0.0,0.95703125,0.0019119926582789049,8.392485712604482e-07,0.0015166252851486206,4.0,0.9306625127792358,2.5005593299865723,0.9306625127792358,2.1477372646331787,499,69.02971607469954
0.004128700005821884,0.004128700005821884,0.004583756788633764,0.004583756788633764,0.008712456794455647,0.75,457.0,288.75,128.0,0.5263157894736842,0.0,0.82421875,0.0017099268734455109,8.386407858128706e-07,-0.00048106908798217773,3.25,0.8200583457946777,1.5969533920288086,0.8200583457946777,1.5029733180999756,500,53.03441310394555
0.003979202709160745,0.003979202709160745,0.0023809524718672037,0.0023809524718672037,0.006360155181027949,1.0,533.0,316.25,210.0,0.5273684210526316,0.0,0.625,0.0017453180917073041,9.999993165095462e-07,-0.0011479854583740234,3.25,1.9856500625610352,0.9006065130233765,1.9856500625610352,0.9436846971511841,501,52.13999611209147
0.0021614234428852797,0.0021614234428852797,0.0011798643972724676,0.0011798643972724676,0.0033412878401577473,0.25,509.0,388.25,249.0,0.5284210526315789,0.0,0.60546875,0.0019267461320850998,9.999972660400534e-07,0.00034868717193603516,4.75,1.0640958547592163,0.8221707344055176,1.0640958547592163,0.7073403000831604,502,58.11543085402809
0.002884615445509553,0.002884615445509553,0.00047801146865822375,0.00047801146865822375,0.0033626269141677767,0.5,523.0,312.25,78.0,0.5294736842105263,0.5,0.375,0.0017593516531633213,9.999938485971278e-07,7.73159772506915e-05,3.5,1.0621249675750732,0.2649528682231903,1.0621249675750732,2.4007108211517334,503,47.500458266353235
0.003949307021684945,0.003949307021684945,0.004361295432318002,0.004361295432318002,0.008310602454002947,0.75,526.0,324.5,187.0,0.5305263157894737,0.0,0.76171875,0.001667782365984749,9.999890641901124e-07,0.0020074546337127686,3.25,1.1302250623703003,1.0870707035064697,1.1302250623703003,1.2805119752883911,504,54.10021777404472
0.0,0.0,0.0029798190807923675,0.0029798190807923675,0.0029798190807923675,0.5,487.0,228.25,105.0,0.531578947368421,0.0,1.0625,0.007566746382508427,9.999829128320873e-07,0.0015765726566314697,2.5,-0.8877625465393066,1.5022306442260742,-0.8877625465393066,1.7394613027572632,505,399.445275841048
0.0021692942827939987,0.0021692942827939987,0.003228635177947581,0.003228635177947581,0.0053979294607415795,0.75,477.0,311.75,128.0,0.5326315789473685,0.0,0.69921875,0.0014503177953884006,9.999753945398703e-07,0.00021955370903015137,3.0,1.2354999780654907,1.6077840328216553,1.2354999780654907,1.605747938156128,506,58.56402918184176
0.0037151413271203637,0.0037151413271203637,0.0019161633681505919,0.0019161633681505919,0.0056313046952709556,0.75,411.0,284.75,195.0,0.5336842105263158,0.0,0.63671875,0.0009381465060869232,9.999665093340163e-07,-0.00040644407272338867,3.25,1.836400032043457,0.4427548944950104,1.836400032043457,0.7605771422386169,507,45.12648512329906
0.0006613756413571537,0.0006613756413571537,0.0014124293811619282,0.0014124293811619282,0.002073805022519082,0.5,378.0,202.75,128.0,0.5347368421052632,0.5,0.6328125,0.002169842613511719,9.99956257238817e-07,0.001123681664466858,2.0,0.44944995641708374,0.388979434967041,0.44944995641708374,1.7329013347625732,508,34.848477566149086
0.0016501650679856539,0.0016501650679856539,0.001176470541395247,0.001176470541395247,0.002826635609380901,1.0,425.0,280.5,128.0,0.5357894736842105,0.0,1.03125,0.0019791607483057305,9.999446382823011e-07,0.0008587837219238281,3.0,0.5051375031471252,1.8288432359695435,0.5051375031471252,1.5054469108581543,509,166.0086728374008
0.004870897391811013,0.004870897391811013,0.00273209874285385,0.00273209874285385,0.007602996134664863,0.75,521.0,316.0,194.0,0.5368421052631579,0.0,0.59765625,0.0009953131957445294,9.999316524962345e-07,-0.0005578547716140747,3.25,0.6923249959945679,1.1751761436462402,0.6923249959945679,1.5536688566207886,510,51.26059579337016
0.0008143322193063796,0.0008143322193063796,0.0008361203945241868,0.0008361203945241868,0.0016504526138305664,0.75,307.0,287.75,262.0,0.5378947368421053,0.0,0.53125,0.0016830827225930989,9.999172999161198e-07,0.000606980174779892,3.0,-0.12632499635219574,1.4317498207092285,-0.12632499635219574,1.653221845626831,511,63.405092681990936
0.000735294132027775,0.000735294132027775,0.0026315790601074696,0.0026315790601074696,0.0033668731921352446,0.75,371.0,315.25,190.0,0.5389473684210526,0.0,0.734375,0.0024449340999126434,9.999015805811963e-07,0.0009153783321380615,3.25,1.4192333221435547,0.6425008177757263,1.4192333221435547,0.6272502541542053,512,53.956213045166805
0.004316511913202703,0.004316511913202703,0.0027624310459941626,0.0027624310459941626,0.0070789429591968656,0.5,301.0,239.25,181.0,0.54,0.0,0.6953125,0.0011417477653594688,9.998844945344403e-07,-0.00032944977283477783,2.5,1.5733749866485596,0.31894052028656006,1.5733749866485596,0.272889643907547,513,41.70422994205728
0.005204554181545973,0.005204554181545973,0.0012755101779475808,0.0012755101779475808,0.006480064359493554,0.5,461.0,361.5,196.0,0.5410526315789473,0.0,0.62109375,0.0016339749854523689,9.998660418225644e-07,-0.00020805001258850098,4.75,0.35800835490226746,1.1789708137512207,0.35800835490226746,1.7810531854629517,514,62.07995283580385
0.0012562813935801387,0.0012562813935801387,0.002889344235882163,0.002889344235882163,0.004145625629462302,1.0,440.0,286.0,199.0,0.5421052631578948,0.0,0.53515625,0.00113107494689757,9.998462224960173e-07,-0.000751882791519165,3.0,1.6737250089645386,0.318339467048645,1.6737250089645386,0.660296618938446,515,44.72043238510378
0.003086419776082039,0.003086419776082039,0.0,0.0,0.003086419776082039,0.5,275.0,173.5,63.0,0.5431578947368421,0.5,0.58984375,0.012178741410025395,9.998250366089846e-07,0.00035361945629119873,1.75,-0.26980000734329224,0.5211023688316345,-0.26980000734329224,1.0358505249023438,516,27.572156333830208
0.00521890603704378,0.00521890603704378,0.0015723269898444414,0.0015723269898444414,0.0067912330268882215,0.75,318.0,240.75,128.0,0.5442105263157895,0.0,0.69140625,0.0017230600933544338,9.998024842193875e-07,-0.0006705969572067261,2.5,0.5429250001907349,0.3796809911727905,0.5429250001907349,1.328503131866455,517,43.879395813914016
0.002289979049237445,0.002289979049237445,0.0014177693519741297,0.0014177693519741297,0.0037077484012115747,0.5,559.0,456.5,331.0,0.5452631578947369,0.0,0.498046875,0.0012104577908758074,9.997785653888834e-07,0.0003131181001663208,5.0,-0.06470417976379395,2.5024569034576416,-0.06470417976379395,2.760903835296631,518,66.92539503588341
0.0013227512827143073,0.0013227512827143073,0.004289573524147272,0.004289573524147272,0.005612324806861579,1.0,214.0,180.0,128.0,0.5463157894736842,0.0,0.78515625,0.0016135003243107349,9.997532801828658e-07,-0.0001705661416053772,1.75,0.7114750146865845,0.7594680786132812,0.7114750146865845,1.1449207067489624,519,35.119151186197996
0.0033112582750618458,0.0033112582750618458,0.0055939017329365015,0.0055939017329365015,0.008905160007998347,0.75,206.0,167.0,128.0,0.5473684210526316,0.0,0.84765625,0.0016721473366487771,9.99726628670463e-07,-0.00044992566108703613,1.75,0.6861499547958374,0.8300725817680359,0.6861499547958374,1.1262754201889038,520,27.971777341794223
0.0017636683769524097,0.0017636683769524097,0.0,0.0,0.0017636683769524097,0.75,567.0,237.75,128.0,0.5484210526315789,0.5,0.73046875,0.001661324466113001,9.996986109245394e-07,0.0008618533611297607,2.25,-0.0625,1.3258252143859863,-0.0625,1.875,521,39.481808946002275
0.0012254902394488454,0.0012254902394488454,0.0,0.0,0.0012254902394488454,1.0,204.0,196.5,186.0,0.5494736842105263,0.0,0.67578125,0.001226676264195703,9.996692270216946e-07,0.00048545002937316895,2.0,1.3113750219345093,0.053457293659448624,1.3113750219345093,0.07485198974609375,522,38.23077588388696
0.003682977636344731,0.003682977636344731,0.0031808590283617377,0.0031808590283617377,0.006863836664706469,1.0,340.0,270.5,212.0,0.5505263157894736,0.0,0.625,0.0008442553225904703,9.996384770422628e-07,-0.0011986345052719116,3.0,1.6479125022888184,0.31885218620300293,1.6479125022888184,0.30326056480407715,523,49.30679531977512
0.0010729613713920116,0.0010729613713920116,0.0,0.0,0.0010729613713920116,0.75,466.0,281.0,128.0,0.5515789473684211,0.0,0.734375,0.0009681786905275658,9.996063610703135e-07,-0.00012114644050598145,3.0,0.7237749695777893,0.2473459392786026,0.7237749695777893,2.0906782150268555,524,44.970324244815856
0.0011312217684462667,0.0011312217684462667,0.0031105324160307646,0.0031105324160307646,0.004241754184477031,0.5,432.0,245.25,128.0,0.5526315789473685,0.0,1.1875,0.0020532025228021666,9.995728791936505e-07,0.0034081190824508667,2.75,0.7513624429702759,1.0911540985107422,0.7513624429702759,1.205958604812622,525,43.82407122338191
0.00585115235298872,0.00585115235298872,0.0012274959590286016,0.0012274959590286016,0.007078648312017322,0.75,650.0,502.5,195.0,0.5536842105263158,0.0,0.5078125,0.0009655699541326612,9.995380315038117e-07,0.000154837965965271,5.0,0.9837249517440796,0.8845551609992981,0.9837249517440796,1.7197462320327759,526,199.35823490726762
0.0015690376749262214,0.0015690376749262214,0.0,0.0,0.0015690376749262214,0.5,478.0,243.25,113.0,0.5547368421052632,0.0,1.0078125,0.0018317162321181968,9.9950181809607e-07,-0.0005252063274383545,2.75,1.6614999771118164,0.7248905301094055,1.6614999771118164,0.8966790437698364,527,42.1894705160521
0.0012820513220503926,0.0012820513220503926,0.0,0.0,0.0012820513220503926,1.0,207.0,164.5,128.0,0.5557894736842105,0.5,0.52734375,0.0011997493566013873,9.994642390694308e-07,0.0012037009000778198,1.5,0.17406249046325684,0.0001591043546795845,0.17406249046325684,1.355690598487854,528,30.184774480061606
0.0009057971183210611,0.0009057971183210611,0.0,0.0,0.0009057971183210611,0.75,563.0,273.75,128.0,0.5568421052631579,0.5,0.37109375,0.0011115145025542006,9.99425294526634e-07,-0.00015019244165159762,2.75,-0.15444165468215942,0.5711891055107117,-0.15444165468215942,1.1782619953155518,529,47.30088321515359
0.0006345177534967661,0.0006345177534967661,0.0008389261784031987,0.0008389261784031987,0.0014734439318999648,0.5,394.0,299.0,195.0,0.5578947368421052,0.0,0.66796875,0.001903878481243737,9.993849845741523e-07,0.0005267858505249023,3.25,1.2798373699188232,1.0869115591049194,1.2798373699188232,1.156226634979248,530,51.55811790400185
0.0019382255268283188,0.0019382255268283188,0.005859375,0.005859375,0.007797600526828319,1.0,360.0,204.25,128.0,0.5589473684210526,0.0,0.94921875,0.0026421734655741602,9.993433093221918e-07,7.62641429901123e-05,2.0,-0.01714165508747101,1.3899716138839722,-0.01714165508747101,1.1773513555526733,531,35.05288244294934
0.010177514515817165,0.010177514515817165,0.001108647440560162,0.001108647440560162,0.011286161956377327,0.75,451.0,299.75,150.0,0.56,0.0,0.69921875,0.0017057486111298203,9.993002688846912e-07,-0.0017683953046798706,3.25,0.5612250566482544,1.6438816785812378,0.5612250566482544,2.2902448177337646,532,166.33348283101805
0.002423049823846668,0.002423049823846668,0.001918022462632507,0.001918022462632507,0.004341072286479175,0.75,532.0,365.25,128.0,0.5610526315789474,0.0,0.734375,0.0011403318931115791,9.99255863379321e-07,0.0020135343074798584,3.5,0.7156791687011719,0.4014185965061188,0.7156791687011719,2.3422505855560303,533,62.06501001003198
0.004729009349830449,0.004729009349830449,0.0028301887214183807,0.0028301887214183807,0.007559198071248829,0.75,268.0,264.75,259.0,0.5621052631578948,0.0,0.7578125,0.0013332493108464405,9.992100929274846e-07,-0.0003060847520828247,3.0,1.292062520980835,0.7516368627548218,1.292062520980835,0.9831110835075378,534,47.702807520050555
0.00390625,0.00390625,0.0,0.0,0.00390625,1.0,360.0,186.0,128.0,0.5631578947368421,0.5,0.55859375,0.0015558379236608744,9.991629576543163e-07,0.00011345617531333119,1.75,-1.0836708545684814,0.11832841485738754,-1.0836708545684814,0.1673416644334793,535,31.9189289258793
0.003816793905571103,0.003816793905571103,0.0010638297535479069,0.0010638297535479069,0.00488062365911901,0.0,470.0,371.75,210.0,0.5642105263157895,0.0,0.62109375,0.001639225854887627,9.991144576886822e-07,-0.0008170753717422485,4.25,1.0299500226974487,1.9708480834960938,1.0299500226974487,2.131293296813965,536,62.88071248005144
0.0007002801285125315,0.0007002801285125315,0.001783750718459487,0.001783750718459487,0.0024840308469720185,0.5,494.0,344.25,202.0,0.5652631578947368,0.0,0.7421875,0.001851791559602134,9.990645931631795e-07,-0.0004461705684661865,4.0,0.7991124391555786,1.9438894987106323,0.7991124391555786,2.6562209129333496,537,61.20862775994465
0.004601273511070758,0.004601273511070758,0.008028572425246239,0.008028572425246239,0.012629845936316997,1.0,461.0,280.75,128.0,0.5663157894736842,0.0,0.8984375,0.0030472372891381383,9.990133642141357e-07,0.0013343095779418945,2.5,-0.2908458411693573,1.2758269309997559,-0.2908458411693573,1.213402271270752,538,43.43800002196804
0.004453663364984095,0.004453663364984095,0.0033783784601837397,0.0033783784601837397,0.007832041825167835,0.25,483.0,299.0,74.0,0.5673684210526316,0.0,0.92578125,0.0017931906622834504,9.98960770981609e-07,-3.819167613983154e-05,3.75,0.4286166727542877,1.755875825881958,0.4286166727542877,1.4419645071029663,539,175.18010495998897
0.005868388339877129,0.005868388339877129,0.0,0.0,0.005868388339877129,1.0,438.0,297.5,216.0,0.5684210526315789,0.0,0.703125,0.001378378801746294,9.989068136093872e-07,-0.0006732791662216187,3.0,0.5741750597953796,1.484323263168335,0.5741750597953796,1.9335689544677734,540,170.06853105989285
0.0012755101779475808,0.0012755101779475808,0.001953125,0.001953125,0.003228635177947581,1.0,319.0,239.0,128.0,0.5694736842105264,0.0,0.546875,0.00141161736974027,9.988514922449879e-07,0.00013937056064605713,2.25,0.9862499833106995,0.9018086194992065,0.9862499833106995,1.3435499668121338,541,39.04665398900397
0.0004940711660310626,0.0004940711660310626,0.0006112469709478319,0.0006112469709478319,0.0011053181369788945,1.0,506.0,307.0,128.0,0.5705263157894737,0.0,0.796875,0.0012225668033352122,9.98794807039657e-07,0.0021897852420806885,3.0,-0.1644917130470276,0.20540273189544678,-0.1644917130470276,1.0686604976654053,542,165.55059275683016
0.00500147114507854,0.00500147114507854,0.001953125,0.001953125,0.00695459614507854,0.75,344.0,202.5,128.0,0.5715789473684211,0.0,0.94921875,0.0024390600592596456,9.987367581483703e-07,0.001745268702507019,2.25,0.4950833320617676,1.1015899181365967,0.4950833320617676,1.0745527744293213,543,41.31655540596694
0.0018941839807666838,0.0018941839807666838,0.002367392531596124,0.002367392531596124,0.004261576512362808,0.25,534.0,354.5,225.0,0.5726315789473684,0.0,0.765625,0.0017163646407425404,9.98677345729831e-07,0.001633867621421814,4.5,0.35302916169166565,2.745312452316284,0.35302916169166565,2.585923194885254,544,74.36311222496442
0.0026909722946584225,0.0026909722946584225,0.002475247485563159,0.002475247485563159,0.0051662197802215815,0.5,384.0,242.0,180.0,0.5736842105263158,0.0,0.80078125,0.0015927293279673904,9.986165699464705e-07,0.0009643733501434326,2.5,1.53621244430542,0.37131941318511963,1.53621244430542,0.4802071750164032,545,46.06813906505704
0.004545454401522875,0.004545454401522875,0.0,0.0,0.004545454401522875,0.5,275.0,204.0,128.0,0.5747368421052632,0.0,1.1328125,0.002483284944901243,9.985544309644473e-07,-0.0006266385316848755,2.25,1.0367250442504883,1.2195470333099365,1.0367250442504883,1.3823777437210083,546,34.60198698891327
0.00200803205370903,0.00200803205370903,0.0009578543831594288,0.0009578543831594288,0.002965886436868459,0.5,261.0,191.5,128.0,0.5757894736842105,0.5,0.4609375,0.0015776593063492328,9.984909289536473e-07,0.0009560417965985835,2.25,-0.01739165186882019,0.5185096263885498,-0.01739165186882019,1.2828985452651978,547,43.21871893317439
0.005348496604710817,0.005348496604710817,0.00224276352673769,0.00224276352673769,0.007591260131448507,0.5,553.0,303.75,166.0,0.5768421052631579,0.0,0.76171875,0.005077139154309407,9.98426064087682e-07,0.0015789121389389038,3.0,-0.5823249816894531,0.9280422329902649,-0.5823249816894531,1.5520542860031128,548,45.68902498809621
0.0013020833721384406,0.0013020833721384406,0.0013020833721384406,0.0013020833721384406,0.0026041667442768812,0.75,192.0,142.0,56.0,0.5778947368421052,0.5,0.56640625,0.0017285842186538503,9.9835983654389e-07,0.00013907320681028068,1.5,0.12386250495910645,0.0709051638841629,0.12386250495910645,1.3003047704696655,549,25.548365977127105
0.0046178087359294295,0.0046178087359294295,0.00390625,0.00390625,0.00852405873592943,0.75,337.0,238.5,128.0,0.5789473684210527,0.0,0.81640625,0.002551790064899251,9.982922465033348e-07,-0.0012064725160598755,2.5,0.6072334051132202,0.6124723553657532,0.6072334051132202,1.2073373794555664,550,42.277958209160715
0.002808988792821765,0.002808988792821765,0.0015168493264354765,0.0015168493264354765,0.0043258381192572415,1.0,480.0,299.5,200.0,0.58,0.0,0.6796875,0.0021596826845780015,9.98223294150805e-07,0.0007332414388656616,3.25,0.9578750133514404,0.9419369697570801,0.9578750133514404,0.8881416916847229,551,50.331960302079096
0.0,0.0,0.0015822785208001733,0.0015822785208001733,0.0015822785208001733,0.75,316.0,199.0,70.0,0.5810526315789474,0.0,1.109375,0.0010479081684025005,9.981529796748134e-07,0.0003045797348022461,2.0,0.3424999713897705,1.421850323677063,0.3424999713897705,1.1931177377700806,552,36.319499698933214
0.0037714593927375972,0.0037714593927375972,0.001953125,0.001953125,0.005724584392737597,0.5,493.0,260.75,79.0,0.5821052631578948,0.0,1.265625,0.0021892028162255883,9.980813032675973e-07,-0.0021360069513320923,2.75,0.6615500450134277,2.3497867584228516,0.6615500450134277,1.9317487478256226,553,43.0817588577047
0.00367751345038414,0.00367751345038414,0.010136301279999316,0.010136301279999316,0.013813814730383456,0.25,519.0,301.0,84.0,0.5831578947368421,0.0,0.76171875,0.00408431890537031,9.980082651251174e-07,-0.0017746984958648682,3.75,1.1228041648864746,1.3407156467437744,1.1228041648864746,1.5434733629226685,554,54.42477095476352
0.0,0.0,0.0010964912362396717,0.0010964912362396717,0.0010964912362396717,1.0,535.0,324.25,204.0,0.5842105263157895,0.0,0.80078125,0.0008245677017839625,9.979338654470567e-07,0.0004658997058868408,3.0,1.7109249830245972,0.6182587742805481,1.7109249830245972,0.548055112361908,555,59.58718592207879
0.0025841346941888332,0.0025841346941888332,0.005010002758353949,0.005010002758353949,0.007594137452542782,0.75,453.0,242.0,128.0,0.5852631578947368,0.0,0.88671875,0.0022942079231142998,9.978581044368217e-07,-0.0007357895374298096,2.75,0.7345166802406311,0.8678792715072632,0.7345166802406311,1.1574345827102661,556,48.8178265329916
0.0015306122368201613,0.0015306122368201613,0.001953125,0.001953125,0.0034837372368201613,1.0,490.0,218.5,128.0,0.5863157894736842,0.5,0.77734375,0.0020375990425236523,9.9778098230154e-07,0.0002602582680992782,2.0,-0.9194375276565552,0.11393257975578308,-0.9194375276565552,0.16112500429153442,557,32.53614407079294
0.0,0.0,0.0,0.0,0.0,0.75,290.0,231.0,172.0,0.5873684210526315,0.0,0.515625,0.0015212679718388245,9.977024992520601e-07,0.00039036571979522705,2.25,0.979912519454956,0.5217917561531067,0.979912519454956,0.737708330154419,558,42.629496961133555
0.003346080193296075,0.003346080193296075,0.0,0.0,0.003346080193296075,0.25,523.0,195.0,50.0,0.588421052631579,0.5,1.2265625,0.00806496775476262,9.976226555029522e-07,0.0024411678314208984,2.25,-0.49166667461395264,0.7188918590545654,-0.49166667461395264,1.0166666507720947,559,37.01801941427402
0.004122346173971891,0.004122346173971891,0.002577319508418441,0.002577319508418441,0.006699665682390332,0.5,452.0,290.25,109.0,0.5894736842105263,0.0,1.1484375,0.002647438319399953,9.975414512725056e-07,0.002246469259262085,3.5,1.4858624935150146,1.8553245067596436,1.4858624935150146,1.8002375364303589,560,56.34085640613921
0.0012135922443121672,0.0012135922443121672,0.0015060240402817726,0.0015060240402817726,0.0027196162845939398,0.5,412.0,250.0,128.0,0.5905263157894737,0.5,0.44921875,0.0016255838563665748,9.9745888678273e-07,-3.1477262382395566e-05,3.0,0.712475061416626,0.26520034670829773,0.712475061416626,2.000967264175415,561,50.17189516010694
0.0033470378257334232,0.0033470378257334232,0.0050799589371308684,0.0050799589371308684,0.008426996762864292,1.0,426.0,284.75,128.0,0.5915789473684211,0.0,0.69140625,0.002142486075172201,9.973749622593532e-07,-0.0021945536136627197,2.75,0.24039170145988464,1.9557631015777588,0.24039170145988464,1.6043890714645386,562,47.80720822373405
0.0007598784286528826,0.0007598784286528826,0.0,0.0,0.0007598784286528826,0.5,329.0,177.0,123.0,0.5926315789473684,0.5,0.7890625,0.001948430683114566,9.97289677931822e-07,0.0006201929063536227,2.25,-0.06251251697540283,1.3258074522018433,-0.06251251697540283,1.8749748468399048,563,29.28293618070893
0.0006024096510373056,0.0006024096510373056,0.002314814832061529,0.002314814832061529,0.0029172244830988348,0.5,415.0,209.25,78.0,0.5936842105263158,0.5,0.486328125,0.003969750483520329,9.972030340333e-07,-0.00010902770736720413,2.5,0.524787425994873,0.4952752888202667,0.524787425994873,1.8512245416641235,564,40.59279479295947
0.003411608806345612,0.003411608806345612,0.0044632661156356335,0.0044632661156356335,0.007874874921981245,0.5,426.0,335.5,185.0,0.5947368421052631,0.0,0.5703125,0.0014203418249962851,9.971150308006687e-07,0.00028298795223236084,3.75,-0.05920827388763428,0.5885838866233826,-0.05920827388763428,2.0876352787017822,565,173.46788054495119
0.0018939394503831863,0.0018939394503831863,0.0008264485513791442,0.0008264485513791442,0.0027203880017623305,0.75,606.0,472.25,283.0,0.5957894736842105,0.0,0.498046875,0.0009090034000109881,9.970256684745255e-07,0.0005250424146652222,4.75,1.2812625169754028,1.120675802230835,1.2812625169754028,1.0967013835906982,566,82.0334221739322
0.008296953747048974,0.008296953747048974,0.0025518154725432396,0.0025518154725432396,0.010848769219592214,0.75,284.0,224.5,186.0,0.5968421052631578,0.0,0.84765625,0.0017975042574107647,9.969349472991836e-07,-0.00017061829566955566,2.5,1.5233875513076782,0.3892092704772949,1.5233875513076782,0.33821001648902893,567,38.59036635118537
0.0020405197865329683,0.0020405197865329683,0.0010729613713920116,0.0010729613713920116,0.00311348115792498,1.0,466.0,348.0,202.0,0.5978947368421053,0.0,0.6484375,0.0014159905404085293,9.968428675226713e-07,0.001224324107170105,3.75,0.8582124710083008,0.8441264629364014,0.8582124710083008,1.18097722530365,568,61.95168374129571
0.0010000000474974513,0.0010000000474974513,0.0048319919151254,0.0048319919151254,0.005831991962622851,0.5,523.0,366.75,250.0,0.5989473684210527,0.0,0.60546875,0.0011195423285244033,9.96749429396731e-07,0.00046378374099731445,4.25,0.8533833026885986,0.6181998252868652,0.8533833026885986,1.003069519996643,569,59.860612136079
0.0027390262112021446,0.0027390262112021446,0.0013157895300537348,0.0013157895300537348,0.004054815741255879,0.75,342.0,227.25,128.0,0.6,0.0,0.7890625,0.0015248501294991001,9.966546331768192e-07,-0.0018810182809829712,2.25,1.0364375114440918,1.2197061777114868,1.0364375114440918,1.4533765316009521,570,41.42326973984018
0.003478097962215543,0.003478097962215543,0.0,0.0,0.003478097962215543,0.25,461.0,201.25,71.0,0.6010526315789474,0.0,1.234375,0.0023935945937409997,9.965584791221046e-07,0.0002190917730331421,2.25,0.436412513256073,2.0313940048217773,0.436412513256073,1.712944507598877,571,38.38136722613126
0.001678154687397182,0.001678154687397182,0.0007485030218958855,0.0007485030218958855,0.0024266577092930675,0.75,334.0,283.75,205.0,0.6021052631578947,0.0,0.7265625,0.001035318840877153,9.964609674954695e-07,0.00029234588146209717,3.25,1.9360873699188232,0.19489629566669464,1.9360873699188232,0.4252367913722992,572,57.3242223339621
0.0,0.0,0.0027948758215643466,0.0027948758215643466,0.0027948758215643466,0.75,297.0,185.25,128.0,0.6031578947368421,0.0,1.0078125,0.0018340584938414395,9.963620985635063e-07,-0.0008992403745651245,1.75,-0.7129374742507935,1.2544958591461182,-0.7129374742507935,1.486007809638977,573,31.30127738392912
0.0011061946861445904,0.0011061946861445904,0.0,0.0,0.0011061946861445904,1.0,226.0,175.0,128.0,0.6042105263157894,0.5,0.7109375,0.001373887062072754,9.962618725965194e-07,0.0009106993675231934,1.5,0.17387497425079346,0.0005303337820805609,0.17387497425079346,1.3554742336273193,574,28.23175879684277
0.0024587984662503004,0.0024587984662503004,0.0010964912362396717,0.0010964912362396717,0.003555289702489972,0.75,456.0,332.0,209.0,0.6052631578947368,0.0,0.56640625,0.0014811056316830218,9.961602898685223e-07,0.000402793288230896,3.5,1.21750009059906,0.9635037183761597,1.21750009059906,1.3121219873428345,575,57.019888585899025
0.0024915089597925544,0.0024915089597925544,0.0007716049440205097,0.0007716049440205097,0.003263113903813064,0.5,324.0,218.5,148.0,0.6063157894736843,0.0,0.69921875,0.0011866596178151667,9.960573506572389e-07,-0.0001493990421295166,2.5,1.0444583892822266,0.28908881545066833,1.0444583892822266,0.3547360897064209,576,35.23497004620731
0.0026223775930702686,0.0026223775930702686,0.002665375708602369,0.002665375708602369,0.0052877533016726375,0.75,449.0,303.5,128.0,0.6073684210526316,0.0,0.95703125,0.0013480694615282118,9.959530552441004e-07,0.0007982701063156128,3.5,0.9552750587463379,0.36203867197036743,0.9552750587463379,1.8156111240386963,577,51.00295292609371
0.0012468828354030848,0.0012468828354030848,0.0,0.0,0.0012468828354030848,1.0,401.0,196.25,128.0,0.608421052631579,0.5,0.703125,0.0016718089173082262,9.958474039142469e-07,0.0004905760288238525,1.75,-0.18771249055862427,1.1487480401992798,-0.18771249055862427,1.6245750188827515,578,31.492440874222666
0.0045560242724604905,0.0045560242724604905,0.001299465831834823,0.001299465831834823,0.005855490104295313,0.5,527.0,326.25,207.0,0.6094736842105263,0.0,1.203125,0.0013742154551437125,9.95740396956525e-07,0.00014187395572662354,3.75,0.5740499496459961,1.3432199954986572,0.5740499496459961,1.379149317741394,579,53.62924856971949
0.0009505703346803784,0.0009505703346803784,0.006242698524147272,0.006242698524147272,0.0071932688588276505,1.0,314.0,229.75,128.0,0.6105263157894737,0.0,0.8984375,0.0026488660951144993,9.956320346634875e-07,-0.0007372200489044189,2.25,0.9862500429153442,1.148942470550537,0.9862500429153442,1.3436391353607178,580,39.72668353281915
0.005119660054333508,0.005119660054333508,0.004762414377182722,0.004762414377182722,0.00988207443151623,0.75,302.0,238.75,128.0,0.611578947368421,0.0,0.66015625,0.0012648034607991576,9.95522317331393e-07,0.0004965364933013916,2.75,0.644920825958252,0.524137020111084,0.644920825958252,1.2554887533187866,581,44.08242164202966
0.002439024392515421,0.002439024392515421,0.0,0.0,0.002439024392515421,0.75,305.0,187.5,112.0,0.6126315789473684,0.0,0.95703125,0.0013699073460884392,9.954112452602043e-07,0.0016734302043914795,2.0,0.7614875435829163,0.9718299508094788,0.7614875435829163,1.2003086805343628,582,35.72026925487444
0.005984848598018289,0.005984848598018289,0.0,0.0,0.005984848598018289,1.0,400.0,324.0,251.0,0.6136842105263158,0.0,0.71875,0.0015147001249715686,9.952988187535885e-07,0.0013867318630218506,3.25,1.4069082736968994,0.6596835255622864,1.4069082736968994,0.7037902474403381,583,60.56162454630248
0.0011061946861445904,0.0011061946861445904,0.0,0.0,0.0011061946861445904,0.5,452.0,206.5,118.0,0.6147368421052631,0.5,0.7578125,0.003029161540325731,9.95185038118915e-07,-0.00042901933193206787,2.0,-0.000599980354309082,1.4133650064468384,-0.000599980354309082,1.9988000392913818,584,37.50111304805614
0.000939849647693336,0.000939849647693336,0.0,0.0,0.000939849647693336,0.75,532.0,213.0,64.0,0.6157894736842106,0.5,1.265625,0.005475331767229363,9.95069903667256e-07,0.0011967323953285813,2.0,-0.15043747425079346,1.2014628648757935,-0.15043747425079346,1.699125051498413,585,35.01748265232891
0.002544003538787365,0.002544003538787365,0.002045294619165361,0.002045294619165361,0.004589298157952726,0.75,502.0,340.0,189.0,0.6168421052631579,0.0,0.734375,0.0015780869143782184,9.949534157133844e-07,0.0021767467260360718,3.5,1.6439082622528076,0.9950288534164429,1.6439082622528076,0.9520381093025208,586,53.48552225809544
0.003958008601330221,0.003958008601330221,0.0024577294243499637,0.0024577294243499637,0.006415738025680184,1.0,459.0,286.75,200.0,0.6178947368421053,0.0,0.66796875,0.0015180848713498563,9.948355745757739e-07,0.0015207380056381226,3.0,1.7982749938964844,0.6367142796516418,1.7982749938964844,0.5932231545448303,587,60.50576595100574
0.0025336104445159435,0.0025336104445159435,0.0,0.0,0.0025336104445159435,0.75,413.0,282.0,128.0,0.6189473684210526,0.0,1.1328125,0.0025671338953543454,9.947163805765979e-07,0.0009887218475341797,3.5,0.518012523651123,2.0584053993225098,0.518012523651123,1.7573599815368652,588,56.290584210073575
0.0013157895300537348,0.0013157895300537348,0.0024271844886243343,0.0024271844886243343,0.003742974018678069,0.75,529.0,323.25,190.0,0.62,0.0,0.66015625,0.0010415377910248935,9.945958340417281e-07,5.291402339935303e-05,3.75,0.3947083652019501,1.596635341644287,0.3947083652019501,1.5739079713821411,589,60.35446458612569
0.0012376237427815795,0.0012376237427815795,0.0032852565636858344,0.0032852565636858344,0.004522880306467414,1.0,240.0,215.5,202.0,0.6210526315789474,0.0,0.6640625,0.0014349532721098512,9.944739353007341e-07,-7.003545761108398e-07,2.0,1.3482624292373657,0.0006894381367601454,1.3482624292373657,0.0009784266585484147,590,40.48047051252797
0.003521265520248562,0.003521265520248562,0.00272479560226202,0.00272479560226202,0.006246061122510582,0.75,367.0,282.25,209.0,0.6221052631578947,0.0,0.9375,0.0027074285899288952,9.943506846868825e-07,0.00200846791267395,3.5,1.140541672706604,1.5684452056884766,1.140541672706604,1.7313042879104614,591,52.45900552114472
0.0,0.0,0.003504672786220908,0.003504672786220908,0.003504672786220908,1.0,248.0,179.5,128.0,0.6231578947368421,0.5,0.5078125,0.001721891894703731,9.942260825371357e-07,0.0003834068775177002,1.75,0.2619374990463257,0.12372603267431259,0.2619374990463257,1.4641468524932861,592,29.706484236987308
0.0012376237427815795,0.0012376237427815795,0.0037158442428335547,0.0037158442428335547,0.004953467985615134,0.75,202.0,174.5,103.0,0.6242105263157894,0.0,0.9375,0.01529608502460178,9.941001291921512e-07,0.0015558749437332153,1.75,0.7613874673843384,0.83040851354599,0.7613874673843384,1.1742582321166992,593,29.31653644796461
0.003260640543885529,0.003260640543885529,0.0,0.0,0.003260640543885529,0.5,339.0,268.25,198.0,0.6252631578947369,0.0,0.76171875,0.0009246118788723834,9.939728249962806e-07,-0.0003515779972076416,3.0,1.7489625215530396,0.5664808750152588,1.7489625215530396,0.4696211516857147,594,49.1924451040104
0.0012447130866348743,0.0012447130866348743,0.0065378290601074696,0.0065378290601074696,0.007782542146742344,0.75,413.0,280.5,128.0,0.6263157894736842,0.0,0.76953125,0.0014090925105847418,9.938441702975689e-07,-0.00012953579425811768,2.75,1.21132493019104,1.4672112464904785,1.21132493019104,1.5429612398147583,595,50.74652285804041
0.0030084504978731275,0.0030084504978731275,0.0012254902394488454,0.0012254902394488454,0.004233940737321973,1.0,409.0,322.0,204.0,0.6273684210526316,0.0,0.72265625,0.001023147429805249,9.937141654477528e-07,0.0005698502063751221,3.25,0.48415419459342957,0.8167731761932373,0.48415419459342957,1.5533092021942139,596,51.32241916889325
0.004809832025784999,0.004809832025784999,0.001979759894311428,0.001979759894311428,0.006789591920096427,0.75,445.0,332.75,273.0,0.628421052631579,0.0,0.640625,0.0016890393744688481,9.93582810802261e-07,-0.0005970299243927002,3.5,1.569470763206482,0.6068449020385742,1.569470763206482,0.7431480288505554,597,63.86664824211039
0.0037128713447600603,0.0037128713447600603,0.00390625,0.00390625,0.00761912134476006,0.75,203.0,165.25,128.0,0.6294736842105263,0.0,1.0234375,0.0012180620979052037,9.934501067202117e-07,0.0002336651086807251,1.75,-0.19430002570152283,1.1394318342208862,-0.19430002570152283,1.1083704233169556,598,31.119353434769437
0.005749118863604963,0.005749118863604963,0.0,0.0,0.005749118863604963,0.5,457.0,318.25,191.0,0.6305263157894737,0.0,0.609375,0.001288027604459785,9.93316053564413e-07,-0.0007432401180267334,4.0,2.19884991645813,1.3438210487365723,2.19884991645813,1.1365807056427002,599,57.285472510848194
0.0039037049864418805,0.0039037049864418805,0.002884615445509553,0.002884615445509553,0.006788320431951433,0.25,531.0,351.25,192.0,0.631578947368421,0.0,0.734375,0.0019868864328600466,9.931806517013612e-07,-0.0009557455778121948,4.25,2.2357001304626465,0.7599983811378479,2.2357001304626465,0.6835611462593079,600,65.84908761503175
0.002566926646977663,0.002566926646977663,0.002358490601181984,0.002358490601181984,0.004925417248159647,0.5,301.0,219.75,106.0,0.6326315789473684,0.0,0.7265625,0.0026147889002459124,9.930439015012395e-07,-0.0006883144378662109,2.5,1.411275029182434,0.19417157769203186,1.411275029182434,0.1749991625547409,601,37.10467616445385
0.0028735632076859474,0.0028735632076859474,0.0009009009227156639,0.0009009009227156639,0.0037744641304016113,0.75,555.0,351.75,128.0,0.6336842105263157,0.0,1.1171875,0.0026242724270559847,9.929058033379181e-07,0.00038091838359832764,3.5,-0.2658250331878662,1.7604483366012573,-0.2658250331878662,1.5072649717330933,602,292.2119630170055
0.006155561888590455,0.006155561888590455,0.0023886650742497295,0.0023886650742497295,0.008544226962840185,0.5,574.0,292.5,128.0,0.6347368421052632,0.0,0.875,0.0011566455650608987,9.92766357588952e-07,0.0009280294179916382,3.25,0.43031251430511475,1.6868915557861328,0.43031251430511475,1.4088833332061768,603,50.816400416661054
0.0015960698365233839,0.0015960698365233839,0.0024944812757894397,0.0024944812757894397,0.0040905511123128235,0.75,531.0,378.75,300.0,0.6357894736842106,0.0,1.34375,0.0017000646621454507,9.926255646355803e-07,0.0005739033222198486,4.0,2.4360623359680176,0.7602635622024536,2.4360623359680176,0.754423201084137,604,68.72326254379004
0.0,0.0,0.0030120480805635452,0.0030120480805635452,0.0030120480805635452,0.5,351.0,218.5,83.0,0.6368421052631579,0.0,0.95703125,0.015273330704076216,9.924834248627258e-07,0.000973135232925415,2.5,0.5696333646774292,0.5592979192733765,0.5696333646774292,1.1635875701904297,605,42.994766778778285
0.00663555390201509,0.00663555390201509,0.0004789271915797144,0.0004789271915797144,0.007114481093594804,0.5,523.0,388.25,128.0,0.6378947368421053,0.0,1.0546875,0.0021256704058032483,9.923399386589932e-07,0.0002155900001525879,4.0,1.2525500059127808,1.6223504543304443,1.2525500059127808,1.62820303440094,606,63.1922229481861
0.008653949946165085,0.008653949946165085,0.0022388058714568615,0.0022388058714568615,0.010892755817621946,0.75,335.0,254.25,128.0,0.6389473684210526,0.0,0.8125,0.0021830598852830008,9.921951064166683e-07,-0.0013488233089447021,2.5,-0.2779333293437958,1.2223520278930664,-0.2779333293437958,1.182093858718872,607,46.34146826295182
0.004021879052743316,0.004021879052743316,0.0035188577603548765,0.0035188577603548765,0.007540736813098192,0.25,444.0,325.0,259.0,0.64,0.0,0.7421875,0.00168511806987226,9.92048928531717e-07,-0.0007463544607162476,4.25,2.0362250804901123,0.3712310194969177,2.0362250804901123,0.37029197812080383,608,58.6546858001966
0.0035633963998407125,0.0035633963998407125,0.0013914656592532992,0.0013914656592532992,0.004954862059094012,0.75,539.0,372.75,128.0,0.6410526315789473,0.0,1.1875,0.0015261167282005772,9.919014054037835e-07,0.00261572003364563,4.0,1.648787498474121,1.0943007469177246,1.648787498474121,1.7989418506622314,609,59.02192181395367
0.0020439467625692487,0.0020439467625692487,0.0004911591531708837,0.0004911591531708837,0.0025351059157401323,0.5,509.0,290.5,128.0,0.6421052631578947,0.0,1.171875,0.0028394549735821784,9.917525374361911e-07,0.00243261456489563,3.25,-0.8151333332061768,0.9155147075653076,-0.8151333332061768,1.3626341819763184,610,167.0363496199716
0.0024628450628370047,0.0024628450628370047,0.0020920501556247473,0.0020920501556247473,0.004554895218461752,0.75,314.0,247.5,150.0,0.6431578947368422,0.0,0.85546875,0.0016928707482293248,9.916023250359388e-07,0.00028261542320251465,2.5,1.0546000003814697,0.6627004742622375,1.0546000003814697,0.8372024297714233,611,43.367386006051674
0.00390625,0.00390625,0.0007062146905809641,0.0007062146905809641,0.004612464690580964,1.0,354.0,184.5,128.0,0.6442105263157895,0.5,0.68359375,0.002324042667169124,9.914507686137017e-07,-0.0006242229719646275,1.75,-1.4500000476837158,0.6363961100578308,-1.4500000476837158,0.8999999761581421,612,267.65404890314676
0.0006281406967900693,0.0006281406967900693,0.002362949075177312,0.002362949075177312,0.0029910897719673812,0.75,529.0,316.25,128.0,0.6452631578947369,0.0,0.84765625,0.0013919416669523343,9.912978685838294e-07,0.0009095072746276855,3.25,0.9390500783920288,1.0738123655319214,0.9390500783920288,1.3336350917816162,613,51.76763094495982
0.0004835590079892427,0.0004835590079892427,0.0,0.0,0.0004835590079892427,0.75,517.0,212.25,76.0,0.6463157894736842,0.5,0.77734375,0.002828543249052018,9.911436253643443e-07,0.0003057081485167146,2.0,-0.15053749084472656,1.2013213634490967,-0.15053749084472656,1.6989250183105469,614,32.9695886047557
0.0018656715983524919,0.0018656715983524919,0.0,0.0,0.0018656715983524919,0.75,268.0,183.75,128.0,0.6473684210526316,0.5,0.546875,0.0015831050113774836,9.909880393769418e-07,-0.0002678810269571841,1.75,0.22416245937347412,0.0707283541560173,0.22416245937347412,1.4158984422683716,615,29.29812815715559
0.002817468950524926,0.002817468950524926,0.0,0.0,0.002817468950524926,1.0,613.0,360.75,207.0,0.6484210526315789,0.0,0.76171875,0.0025587435229681432,9.90831111046988e-07,-0.001022934913635254,3.5,2.06107497215271,1.0074857473373413,2.06107497215271,1.0134483575820923,616,58.98214865196496
0.003498593461699784,0.003498593461699784,0.0011961722047999501,0.0011961722047999501,0.004694765666499734,0.75,237.0,205.0,180.0,0.6494736842105263,0.0,0.65234375,0.0030308096029330045,9.906728408035188e-07,0.0011342912912368774,2.25,1.3856874704360962,0.052979979664087296,1.3856874704360962,0.07464244216680527,617,39.6451012857724
0.006350811221636832,0.006350811221636832,0.0,0.0,0.006350811221636832,0.75,564.0,344.75,194.0,0.6505263157894737,0.0,0.61328125,0.0015444235177710652,9.905132290792392e-07,0.00042529404163360596,3.75,1.4696333408355713,0.5709415674209595,1.4696333408355713,0.6367675065994263,618,59.451745996950194
0.001953125,0.001953125,0.0018867924809455872,0.0018867924809455872,0.003839917480945587,0.75,530.0,228.5,128.0,0.651578947368421,0.5,0.5,0.0015867823385633528,9.903522763105216e-07,-0.00045755505561828613,2.25,-1.21875,0.30935922265052795,-1.21875,0.4375,619,38.26515803835355
0.0025380710139870644,0.0025380710139870644,0.004166666883975267,0.004166666883975267,0.006704737897962332,0.5,197.0,125.75,60.0,0.6526315789473685,0.5,1.1796875,0.04465501105005387,9.901899829374047e-07,0.0010821521282196045,1.25,-0.46274998784065247,0.7597863078117371,-0.46274998784065247,1.0745000839233398,620,22.107586747035384
0.0011904762359336019,0.0011904762359336019,0.0,0.0,0.0011904762359336019,1.0,420.0,215.5,128.0,0.6536842105263158,0.0,1.09375,0.0019831347453873605,9.900263494035922e-07,0.003333047032356262,2.0,0.44917500019073486,2.049443006515503,0.44917500019073486,1.732467770576477,621,36.12500816001557
0.002847380470484495,0.002847380470484495,0.0005827505956403911,0.0005827505956403911,0.0034301310661248863,0.75,439.0,317.25,188.0,0.6547368421052632,0.0,0.62890625,0.0013174117775633931,9.89861376156452e-07,-0.0007317960262298584,3.5,0.35233330726623535,0.8673843145370483,0.35233330726623535,1.5254782438278198,622,178.0695061078295
0.001369863050058484,0.001369863050058484,0.0012254902394488454,0.0012254902394488454,0.0025953532895073295,1.0,365.0,268.25,194.0,0.6557894736842105,0.0,0.75390625,0.0010989743168465793,9.896950636470146e-07,0.00023140013217926025,2.75,1.610587477684021,0.5115740895271301,1.610587477684021,0.48116129636764526,623,44.94681701506488
0.0004302925954107195,0.0004302925954107195,0.0012953367549926043,0.0012953367549926043,0.0017256293504033238,1.0,581.0,257.5,128.0,0.6568421052631579,0.5,0.423828125,0.002170612395275384,9.895274123299722e-07,-0.0004092603921890259,2.5,0.4738500118255615,0.565437912940979,0.4738500118255615,1.8228014707565308,624,40.01216189190745
0.008725229185074568,0.008725229185074568,0.0,0.0,0.008725229185074568,1.0,594.0,281.25,128.0,0.6578947368421053,0.0,0.8203125,0.0019960422214353457,9.893584226636772e-07,0.00017756223678588867,2.75,0.2791624963283539,1.4072661399841309,0.2791624963283539,1.1737991571426392,625,53.49405108578503
0.004051373107358813,0.004051373107358813,0.0017605633474886417,0.0017605633474886417,0.005811936454847455,0.5,305.0,201.5,142.0,0.6589473684210526,0.0,1.1484375,0.0013222479174146429,9.891880951101407e-07,0.001173645257949829,2.25,1.4860249757766724,0.19519680738449097,1.4860249757766724,0.2752841114997864,626,37.29213630082086
0.004641297040507197,0.004641297040507197,0.0013298761914484203,0.0013298761914484203,0.005971173231955618,0.75,490.0,300.5,128.0,0.66,0.0,0.90625,0.0017192615632666275,9.890164301350317e-07,-0.0002943575382232666,3.0,-0.12229996919631958,0.6671906113624573,-0.12229996919631958,1.797261118888855,627,167.4369614571333
0.0,0.0,0.002367424312978983,0.002367424312978983,0.002367424312978983,0.5,528.0,241.5,69.0,0.6610526315789473,0.0,1.0390625,0.017132379100075923,9.888434282076757e-07,0.004125475883483887,2.5,0.7143374681472778,0.8963462114334106,0.7143374681472778,1.1462899446487427,628,46.17570288176648
0.0020223684841766953,0.0020223684841766953,0.0028365172329358757,0.0028365172329358757,0.004858885717112571,0.75,625.0,335.0,128.0,0.6621052631578948,0.0,0.8671875,0.0014776234747841954,9.886690898010534e-07,0.0006160140037536621,3.5,1.1053249835968018,0.8211984634399414,1.1053249835968018,2.0466811656951904,629,62.417535015847534
0.002439024392515421,0.002439024392515421,0.001953125,0.001953125,0.004392149392515421,0.75,338.0,218.0,128.0,0.6631578947368421,0.0,0.85546875,0.003949254343751818,9.884934153917996e-07,0.0012670010328292847,2.25,0.8368250131607056,1.0780550241470337,0.8368250131607056,1.2594493627548218,630,37.350335931871086
0.001953125,0.001953125,0.0,0.0,0.001953125,1.0,382.0,244.0,128.0,0.6642105263157895,0.0,0.79296875,0.0014536976959789172,9.88316405460201e-07,0.0005288422107696533,2.25,-0.038375020027160645,0.5477956533432007,-0.038375020027160645,1.874009132385254,631,164.23376969294623
0.0012886597542092204,0.0012886597542092204,0.000735294132027775,0.000735294132027775,0.0020239538862369955,1.0,350.0,305.25,194.0,0.6652631578947369,0.0,0.78125,0.002142854529665783,9.881380604901963e-07,-0.00033642351627349854,3.25,0.48372915387153625,0.5032302141189575,0.48372915387153625,0.6199248433113098,632,59.10028179897927
0.006481436197645962,0.006481436197645962,0.0006053269025869668,0.0006053269025869668,0.007086763100232929,1.0,515.0,360.75,199.0,0.6663157894736842,0.0,0.55859375,0.0012351159675745293,9.879583809693736e-07,-0.00034373998641967773,3.5,1.5544624328613281,0.7337470054626465,1.5544624328613281,1.3001744747161865,633,60.3987059132196
0.0016025641234591603,0.0016025641234591603,0.0012820513220503926,0.0012820513220503926,0.002884615445509553,0.75,390.0,200.5,128.0,0.6673684210526316,0.5,0.58203125,0.001271757937502116,9.8777736738897e-07,0.0005413591861724854,2.25,-0.010212510824203491,0.11895303428173065,-0.010212510824203491,1.1511322259902954,634,162.48134701303206
0.008158225566148758,0.008158225566148758,0.005441628280095756,0.005441628280095756,0.013599853846244514,0.5,435.0,270.0,128.0,0.6684210526315789,0.0,0.93359375,0.002353122370550409,9.8759502024387e-07,0.0005188286304473877,2.75,0.13671249151229858,0.795406699180603,0.13671249151229858,2.108369827270508,635,43.54742090823129
0.0022389013320207596,0.0022389013320207596,0.0028556520701386034,0.0028556520701386034,0.005094553402159363,1.0,519.0,280.0,128.0,0.6694736842105263,0.0,0.9921875,0.002455260429996997,9.87411340032603e-07,9.78708267211914e-05,2.75,1.0237500667572021,0.9538163542747498,1.0237500667572021,1.4095805883407593,636,45.893929270794615
0.00199111714027822,0.00199111714027822,0.0017857142956927419,0.0017857142956927419,0.003776831435970962,0.5,360.0,257.25,140.0,0.6705263157894736,0.0,0.890625,0.0023412145528709516,9.872263272573442e-07,0.0015285015106201172,2.75,1.1317334175109863,0.553652822971344,1.1317334175109863,0.5799390077590942,637,44.56351217604242
0.0004708097840193659,0.0004708097840193659,0.0012583892093971372,0.0012583892093971372,0.001729198993416503,0.75,596.0,345.75,128.0,0.671578947368421,0.5,0.326171875,0.0013730379869230092,9.870399824239114e-07,0.0009294599294662476,3.25,0.24202501773834229,1.0713728666305542,0.24202501773834229,1.8940136432647705,638,63.56669342704117
0.0030410990002565086,0.0030410990002565086,0.003728143055923283,0.003728143055923283,0.006769242056179792,0.75,523.0,424.25,288.0,0.6726315789473685,0.0,0.5234375,0.0018206113309133798,9.868523060417645e-07,-0.00041803717613220215,4.5,2.0642874240875244,0.7555258274078369,2.0642874240875244,0.8206440806388855,639,74.1588682141155
0.004950494971126318,0.004950494971126318,0.0013440860202535987,0.0013440860202535987,0.006294580991379917,0.75,202.0,177.0,128.0,0.6736842105263158,0.0,0.765625,0.001582493059686385,9.866632986240029e-07,0.0008449554443359375,1.75,0.09907495975494385,0.10617208480834961,0.09907495975494385,1.3590501546859741,640,30.366329707205296
0.0024038462433964014,0.0024038462433964014,0.0009765625,0.0009765625,0.0033804087433964014,1.0,256.0,199.75,128.0,0.6747368421052632,0.0,0.64453125,0.0012603598152054474,9.864729606873661e-07,0.0002545863389968872,1.75,0.13626247644424438,0.053474996238946915,0.13626247644424438,1.4006991386413574,641,153.67543022800237
0.001792114693671465,0.001792114693671465,0.002487562131136656,0.002487562131136656,0.004279676824808121,0.75,279.0,197.5,128.0,0.6757894736842105,0.0,0.765625,0.0022099543712101877,9.862812927522308e-07,-0.0003549158573150635,2.0,0.7737874984741211,0.9547886252403259,0.7737874984741211,1.2059134244918823,642,35.787366814212874
0.002411575522273779,0.002411575522273779,0.0014124293811619282,0.0014124293811619282,0.003824004903435707,0.75,430.0,285.5,177.0,0.6768421052631579,0.0,0.7109375,0.0024379950773436576,9.860882953426098e-07,0.0004718899726867676,2.75,1.2817208766937256,0.4832073450088501,1.2817208766937256,0.5632291436195374,643,57.05034263757989
0.001945032854564488,0.001945032854564488,0.006834933999925852,0.006834933999925852,0.00877996685449034,0.5,393.0,222.5,121.0,0.6778947368421052,0.0,0.84765625,0.008296887739561498,9.858939689861506e-07,-0.0019557029008865356,2.25,0.8364499807357788,0.9362093210220337,0.8364499807357788,1.2591203451156616,644,38.8922751606442
0.0026881720405071974,0.0026881720405071974,0.002314814832061529,0.002314814832061529,0.0050029868725687265,0.5,186.0,137.5,108.0,0.6789473684210526,0.5,1.0546875,0.0021804014686495066,9.856983142141337e-07,0.0002847015857696533,1.25,-0.4129124879837036,0.8302671313285828,-0.4129124879837036,1.1741750240325928,645,27.358032451942563
0.0010373444529250264,0.0010373444529250264,0.0018581874901428819,0.0018581874901428819,0.0028955319430679083,0.25,482.0,362.25,128.0,0.68,0.0,0.64453125,0.0013624310231534764,9.855013315614725e-07,-3.394484519958496e-05,4.25,-0.20678746700286865,0.3006440997123718,-0.20678746700286865,1.4161323308944702,646,77.57316822302528
0.004247391829267144,0.004247391829267144,0.0007485030218958855,0.0007485030218958855,0.00499589485116303,0.75,495.0,285.0,128.0,0.6810526315789474,0.0,0.921875,0.0020209490903653204,9.853030215667093e-07,0.00016425549983978271,3.5,0.12278750538825989,1.0053467750549316,0.12278750538825989,1.3313491344451904,647,67.7027807419654
0.0025678853853605688,0.0025678853853605688,0.0016181230312213302,0.0016181230312213302,0.004186008416581899,0.5,551.0,405.25,288.0,0.6821052631578948,0.0,0.5859375,0.00163487161626108,9.851033847720164e-07,0.0001320093870162964,4.5,1.9926624298095703,1.742258071899414,1.9926624298095703,1.6308691501617432,648,84.8290831563063
0.0010080644860863686,0.0010080644860863686,0.0003906250058207661,0.0003906250058207661,0.0013986894919071347,0.75,640.0,322.25,193.0,0.6831578947368421,0.0,0.640625,0.0015922158636385575,9.849024217231934e-07,0.0010207891464233398,3.5,1.1910624504089355,0.7178371548652649,1.1910624504089355,0.8484811782836914,649,56.49395781918429
0.0021810276666656137,0.0021810276666656137,0.002325706882402301,0.002325706882402301,0.0045067345490679145,0.75,459.0,337.0,205.0,0.6842105263157895,0.0,0.796875,0.002275678387377411,9.847001329696652e-07,0.0005802363157272339,3.75,0.9769375324249268,1.278183937072754,0.9769375324249268,1.7340471744537354,650,59.38880469696596
0.0038686039624735713,0.0038686039624735713,0.0009057971183210611,0.0009057971183210611,0.0047744010807946324,0.75,307.0,246.5,183.0,0.6852631578947368,0.0,0.64453125,0.0017768860270734876,9.844965190644817e-07,-0.00013206899166107178,2.75,0.6006083488464355,0.8098376393318176,0.6006083488464355,0.6821664571762085,651,50.303167378064245
0.004469897015951574,0.004469897015951574,0.0012499999720603228,0.0012499999720603228,0.005719896988011897,1.0,306.0,229.0,200.0,0.6863157894736842,0.0,0.82421875,0.0009217390979756601,9.842915805643156e-07,0.0005453526973724365,2.25,1.3863874673843384,0.19461344182491302,1.3863874673843384,0.22887705266475677,652,42.477488497970626
0.001308900536969304,0.001308900536969304,0.0012135922443121672,0.0012135922443121672,0.0025224927812814713,1.0,206.0,163.25,128.0,0.6873684210526316,0.5,0.29296875,0.0016167315698112361,9.840853180294608e-07,-1.8328428268432617e-05,1.5,0.09955000877380371,0.00021212508727330714,0.09955000877380371,1.2696510553359985,653,27.046493403846398
0.0029832934960722923,0.0029832934960722923,0.000798722030594945,0.000798722030594945,0.0037820155266672373,1.0,419.0,247.0,128.0,0.6884210526315789,0.5,0.337890625,0.0007957357593113557,9.838777320238312e-07,-0.00010217726230621338,2.25,0.5372124910354614,0.12369067221879959,0.5372124910354614,1.7807570695877075,654,38.78668933920562
0.0026455025654286146,0.0026455025654286146,0.0004006410308647901,0.0004006410308647901,0.0030461435962934047,0.75,624.0,281.25,128.0,0.6894736842105263,0.0,0.5859375,0.001461082836613059,9.836688231149592e-07,0.0012017637491226196,2.75,0.1679375171661377,0.008856486529111862,0.1679375171661377,1.3630900382995605,655,47.391929037170485
0.0024271844886243343,0.0024271844886243343,0.0,0.0,0.0024271844886243343,1.0,309.0,202.75,128.0,0.6905263157894737,0.0,0.9140625,0.0018385139119345695,9.834585918739934e-07,0.0008145719766616821,2.0,0.898574948310852,1.0247037410736084,0.898574948310852,1.2919917106628418,656,40.0031034196727
0.005334967514500022,0.005334967514500022,0.0009881423320621252,0.0009881423320621252,0.006323109846562147,0.75,306.0,237.25,190.0,0.6915789473684211,0.0,0.671875,0.001880474155768752,9.832470388756986e-07,0.00019535422325134277,2.75,1.5238375663757324,0.3537125289440155,1.5238375663757324,0.455584853887558,657,43.934257086599246
0.005029697902500629,0.005029697902500629,0.0005353318993002176,0.0005353318993002176,0.005565029801800847,0.75,467.0,268.5,193.0,0.6926315789473684,0.0,0.83203125,0.0034858619910664856,9.83034164698452e-07,-0.0005859732627868652,3.0,0.879937469959259,0.6627181172370911,0.879937469959259,0.9366251230239868,658,47.69286268297583
0.0029778064927086234,0.0029778064927086234,0.0,0.0,0.0029778064927086234,0.5,310.0,223.5,94.0,0.6936842105263158,0.0,1.21875,0.005649949380313046,9.828199699242439e-07,0.0009369403123855591,2.5,-0.2783583402633667,1.2217155694961548,-0.2783583402633667,1.1812983751296997,659,39.27952984999865
0.0028040516190230846,0.0028040516190230846,0.0032046164851635695,0.0032046164851635695,0.006008668104186654,0.5,511.0,410.25,216.0,0.6947368421052632,0.0,0.578125,0.0026418455818202347,9.826044551386742e-07,0.00017182528972625732,4.5,1.0458624362945557,1.2420861721038818,1.0458624362945557,1.3123059272766113,660,68.7712340077851
0.004365619039162993,0.004365619039162993,0.0,0.0,0.004365619039162993,0.5,718.0,381.25,189.0,0.6957894736842105,0.0,0.7265625,0.002277074207086116,9.823876209309526e-07,0.00032792985439300537,4.0,1.1452875137329102,0.7554198503494263,1.1452875137329102,1.1156587600708008,661,60.197574068792164
0.0006561679765582085,0.0006561679765582085,0.0012499999720603228,0.0012499999720603228,0.0019061679486185312,1.0,381.0,257.5,128.0,0.6968421052631579,0.0,0.8828125,0.0018816050724126399,9.821694678938952e-07,-0.0003515779972076416,2.5,0.5945583581924438,0.5951482057571411,0.5945583581924438,1.2108267545700073,662,55.42277072905563
0.0027777778450399637,0.0027777778450399637,0.0,0.0,0.0027777778450399637,1.0,270.0,163.5,128.0,0.6978947368421052,0.5,0.69921875,0.001987140509299934,9.819499966239242e-07,-0.0010781974997371435,1.5,-0.831475019454956,0.23833034932613373,-0.831475019454956,0.33705002069473267,663,26.13173483684659
0.0016286644386127591,0.0016286644386127591,0.0011061946861445904,0.0011061946861445904,0.0027348591247573495,0.75,452.0,270.75,128.0,0.6989473684210527,0.0,0.73828125,0.0020517998782452196,9.817292077210656e-07,0.000865250825881958,2.75,-0.1007625162601471,1.0069023370742798,-0.1007625162601471,1.0305595397949219,664,45.24186082696542
0.0019754180684685707,0.0019754180684685707,0.0012953367549926043,0.0012953367549926043,0.003270754823461175,0.5,560.0,339.25,193.0,0.7,0.0,0.77734375,0.0027439759578555822,9.81507101788948e-07,0.001012355089187622,3.5,1.6841541528701782,0.47606557607650757,1.6841541528701782,0.43137988448143005,665,177.8290051750373
0.0038959822559263557,0.0038959822559263557,0.0015479875728487968,0.0015479875728487968,0.0054439698287751526,0.5,579.0,383.0,197.0,0.7010526315789474,0.0,0.6875,0.0020378334156703204,9.812836794348002e-07,-3.0487775802612305e-05,4.0,1.8509749174118042,0.21605649590492249,1.8509749174118042,0.39102718234062195,666,66.02236282476224
0.004694835748523474,0.004694835748523474,0.0034722222480922937,0.0034722222480922937,0.008167057996615767,0.5,213.0,122.75,72.0,0.7021052631578948,0.5,1.25,0.00207608230994083,9.81058941269451e-07,0.00103342579677701,1.25,-0.4127500057220459,0.8304969072341919,-0.4127500057220459,1.1744999885559082,667,22.349059583153576
0.0026048969011753798,0.0026048969011753798,0.0008445946150459349,0.0008445946150459349,0.0034494915162213147,0.5,329.0,241.0,68.0,0.7031578947368421,0.0,0.921875,0.0029299407760845497,9.808328879073251e-07,-0.00049610435962677,3.0,0.7427874803543091,0.41526609659194946,0.7427874803543091,1.6590251922607422,668,46.659459952963516
0.002990490524098277,0.002990490524098277,0.0034541984205134213,0.0034541984205134213,0.006444688944611698,0.75,370.0,237.0,100.0,0.7042105263157895,0.0,1.0703125,0.004009666765341535,9.806055199664445e-07,0.0006403475999832153,2.5,1.0362374782562256,0.9361210465431213,1.0362374782562256,1.38736093044281,669,44.78400538000278
0.00391954299993813,0.00391954299993813,0.001377798558678478,0.001377798558678478,0.005297341558616608,0.75,577.0,434.25,187.0,0.7052631578947368,0.0,0.6171875,0.0018628771358635277,9.803768380684242e-07,0.0001118779182434082,4.5,0.24843335151672363,1.4591383934020996,0.24843335151672363,1.719307541847229,670,312.8609346537851
0.0009842519648373127,0.0009842519648373127,0.0,0.0,0.0009842519648373127,0.75,254.0,205.0,128.0,0.7063157894736842,0.0,0.703125,0.0013995306217111647,9.801468428384716e-07,0.00013555586338043213,2.0,0.8989999890327454,1.0249866247177124,0.8989999890327454,1.292259931564331,671,32.58992071682587
0.0034269867464900017,0.0034269867464900017,0.004428372485563159,0.004428372485563159,0.00785535923205316,0.5,422.0,218.5,101.0,0.7073684210526315,0.0,1.15625,0.002167663915315643,9.79915534905385e-07,-0.00021408498287200928,2.75,1.1116000413894653,1.3254363536834717,1.1116000413894653,1.5551172494888306,672,39.252742670010775
0.0016949152341112494,0.0016949152341112494,0.0013157895300537348,0.0013157895300537348,0.0030107047641649842,0.5,295.0,236.5,190.0,0.708421052631579,0.0,0.82421875,0.0021914866811130196,9.796829149015516e-07,-0.00034703314304351807,2.75,1.167562484741211,0.6446162462234497,1.167562484741211,1.0223149061203003,673,164.13174762111157
0.0048568203346803784,0.0048568203346803784,0.0011709601385518909,0.0011709601385518909,0.006027780473232269,0.75,526.0,320.75,128.0,0.7094736842105264,0.0,0.9921875,0.0015968169900588691,9.794489834629454e-07,-0.0002630501985549927,3.25,0.1746625304222107,1.273269534111023,0.1746625304222107,2.6114702224731445,674,172.94674278516322
0.004968076595105231,0.004968076595105231,0.0012626262614503503,0.0012626262614503503,0.006230702856555581,1.0,404.0,292.5,198.0,0.7105263157894737,0.0,0.625,0.0012740681413561106,9.792137412291263e-07,-0.0025364160537719727,3.0,1.2192833423614502,0.5357276797294617,1.2192833423614502,0.544448971748352,675,46.781578694004565
0.0031053663697093725,0.0031053663697093725,0.0025765664177015424,0.0025765664177015424,0.005681932787410915,0.5,508.0,331.0,128.0,0.7115789473684211,0.0,0.87890625,0.0015308697475120425,9.789771888432373e-07,0.0013001561164855957,3.5,-0.5330499410629272,1.933159351348877,-0.5330499410629272,1.9462915658950806,676,59.5417595889885
0.001762643049005419,0.001762643049005419,0.0,0.0,0.001762643049005419,0.75,516.0,344.0,202.0,0.7126315789473684,0.0,0.66796875,0.0013237990060588345,9.787393269520038e-07,0.0008562803268432617,3.75,1.330162525177002,0.6935244798660278,1.330162525177002,0.6273617148399353,677,60.27371569303796
0.006721679819747806,0.006721679819747806,0.0,0.0,0.006721679819747806,0.5,478.0,334.75,238.0,0.7136842105263158,0.0,0.6875,0.0013211396581027657,9.78500156205731e-07,-0.0009343922138214111,4.25,2.324512481689453,0.7775875926017761,2.324512481689453,0.8858073353767395,678,62.362522771116346
0.0025252525229007006,0.0025252525229007006,0.001742160296998918,0.001742160296998918,0.004267412819899619,0.75,305.0,247.25,100.0,0.7147368421052631,0.0,0.9296875,0.010569671838311478,9.782596772583025e-07,-0.00017614662647247314,2.5,-0.36988750100135803,0.3087051212787628,-0.36988750100135803,0.4207186996936798,679,163.18769123591483
0.0,0.0,0.00390625,0.00390625,0.00390625,0.5,640.0,260.75,79.0,0.7157894736842105,0.0,1.1953125,0.002970496949274093,9.780178907671788e-07,0.0003025233745574951,2.5,0.7121250033378601,2.4213104248046875,0.7121250033378601,2.163328170776367,680,48.66858139890246
0.00223652453860268,0.00223652453860268,0.002075199445243925,0.002075199445243925,0.004311723983846605,0.75,565.0,386.0,274.0,0.716842105263158,0.0,0.546875,0.0015060453733894974,9.777747973933946e-07,0.0002601891756057739,4.0,1.8195958137512207,1.1380589008331299,1.8195958137512207,1.2349693775177002,681,65.49565703701228
0.0013297871919348836,0.0013297871919348836,0.0,0.0,0.0013297871919348836,1.0,201.0,161.25,128.0,0.7178947368421053,0.5,0.384765625,0.00122503332386259,9.775303978015585e-07,0.0003536641597747803,1.5,0.09950000047683716,0.000141444819746539,0.09950000047683716,1.2695931196212769,682,26.724666001740843
0.0,0.0,0.000621890532784164,0.000621890532784164,0.000621890532784164,0.5,426.0,318.25,115.0,0.7189473684210527,0.0,0.9609375,0.0017156870162580162,9.77284692659849e-07,0.0019569844007492065,3.25,0.17422503232955933,1.0259058475494385,0.17422503232955933,2.545355796813965,683,409.9584302532021
0.0012254902394488454,0.0012254902394488454,0.0,0.0,0.0012254902394488454,1.0,414.0,218.5,128.0,0.72,0.5,0.416015625,0.0012540254974737763,9.77037682640015e-07,5.979677371215075e-05,2.0,-0.01754164695739746,0.2709161639213562,-0.01754164695739746,1.1767865419387817,684,43.518778055673465
0.0011061946861445904,0.0011061946861445904,0.0010162601247429848,0.0010162601247429848,0.002122454810887575,0.5,492.0,300.0,128.0,0.7210526315789474,0.5,0.33203125,0.0016309345228364691,9.76789368417372e-07,0.00011335311864968389,3.5,0.9500000476837158,0.21213208138942719,0.9500000476837158,2.2649505138397217,685,50.886453398969024
0.0011363636003807187,0.0011363636003807187,0.0021645021624863148,0.0021645021624863148,0.0033008657628670335,0.5,231.0,207.5,186.0,0.7221052631578947,0.0,0.63671875,0.0013470460689859465,9.76539750670802e-07,0.0006045922636985779,2.75,1.1818833351135254,0.4829774796962738,1.1818833351135254,0.5898513197898865,686,47.23392186779529
0.004411250818520784,0.004411250818520784,0.0010683761211112142,0.0010683761211112142,0.0054796269396319985,0.25,477.0,382.75,262.0,0.7231578947368421,0.0,0.66015625,0.0016738399281166494,9.762888300827505e-07,0.0008486062288284302,4.75,1.7817459106445312,0.8718686103820801,1.7817459106445312,0.8280253410339355,687,73.99346913979389
0.0015957446303218603,0.0015957446303218603,0.0024509804788976908,0.0024509804788976908,0.004046725109219551,0.5,517.0,412.25,204.0,0.7242105263157895,0.0,0.96484375,0.0011014233605237678,9.760366073392244e-07,0.0024205446243286133,4.75,1.8347415924072266,0.8336907029151917,1.8347415924072266,0.6935797333717346,688,64.55655967607163
0.00578653730917722,0.00578653730917722,0.0008802816737443209,0.0008802816737443209,0.006666818982921541,0.25,463.0,304.5,120.0,0.7252631578947368,0.0,0.8984375,0.0016747233748901635,9.757830831297913e-07,-0.0015618503093719482,3.5,0.5784916281700134,0.5961028337478638,0.5784916281700134,2.1183319091796875,689,56.56439375109039
0.003445290378294885,0.003445290378294885,0.004063569358550012,0.004063569358550012,0.007508859736844897,1.0,299.0,268.75,232.0,0.7263157894736842,0.0,0.6796875,0.0018246308027300984,9.755282581475767e-07,0.0007078051567077637,2.75,1.6611374616622925,0.19383558630943298,1.6611374616622925,0.22821570932865143,690,48.34836271801032
0.0038975500501692295,0.0038975500501692295,0.0019607844296842813,0.0019607844296842813,0.005858334479853511,0.75,449.0,304.5,255.0,0.7273684210526316,0.0,0.7109375,0.0012739570229314268,9.752721330892623e-07,0.001190289855003357,3.75,1.9103749990463257,0.44229525327682495,1.9103749990463257,0.5662914514541626,691,61.133764774072915
0.0038716814015060663,0.0038716814015060663,0.0,0.0,0.0038716814015060663,0.75,452.0,243.25,111.0,0.728421052631579,0.0,1.0390625,0.0040203064563684165,9.750147086550842e-07,0.0018482804298400879,2.75,0.46484997868537903,0.693636417388916,0.46484997868537903,1.1248277425765991,692,41.457373252371326
0.001858429575804621,0.001858429575804621,0.00205204714438878,0.00205204714438878,0.003910476720193401,0.25,598.0,405.5,153.0,0.7294736842105263,0.0,0.828125,0.0012934216356370598,9.747559855488313e-07,0.0011416822671890259,4.75,2.0763750076293945,0.880560040473938,2.0763750076293945,0.8639034032821655,693,77.61420100787655
0.0017985611921176314,0.0017985611921176314,0.0006127451197244227,0.0006127451197244227,0.002411306311842054,0.75,556.0,305.0,128.0,0.7305263157894737,0.5,0.390625,0.0015186856326181442,9.744959644778421e-07,9.130957187153399e-05,3.25,0.8367749452590942,0.19452506303787231,0.8367749452590942,2.1327860355377197,694,48.603870393009856
0.004273849597666413,0.004273849597666413,0.0,0.0,0.004273849597666413,1.0,299.0,221.25,128.0,0.7315789473684211,0.0,0.85546875,0.0015313825861085206,9.742346461530047e-07,-0.0011122077703475952,2.25,0.2976999878883362,1.978590726852417,0.2976999878883362,1.6176316738128662,695,35.47064487892203
0.0024271844886243343,0.0024271844886243343,0.0006702413083985448,0.0006702413083985448,0.003097425797022879,0.5,470.0,359.0,206.0,0.7326315789473684,0.0,0.57421875,0.0009012824593810365,9.739720312887533e-07,0.0003437548875808716,4.0,1.403825044631958,0.5587204694747925,1.403825044631958,1.169666051864624,696,60.21666839835234
0.0011904762359336019,0.0011904762359336019,0.001207729452289641,0.001207729452289641,0.0023982056882232428,0.75,210.0,153.75,70.0,0.7336842105263158,0.5,0.4609375,0.0022053995489841327,9.73708120603067e-07,-0.0005005090497434139,1.5,0.17397499084472656,0.000671736488584429,0.17397499084472656,1.355589747428894,697,30.228535488713533
0.002096218173392117,0.002096218173392117,0.0012820513220503926,0.0012820513220503926,0.0033782694954425097,0.75,271.0,230.25,195.0,0.7347368421052631,0.0,0.6875,0.001964482886251062,9.734429148174674e-07,-0.00016455352306365967,2.25,0.1737750768661499,0.14191636443138123,0.1737750768661499,1.5962269306182861,698,39.55161674018018
0.0009259259095415473,0.0009259259095415473,0.0,0.0,0.0009259259095415473,0.25,540.0,333.25,154.0,0.7357894736842105,0.0,0.58203125,0.001702158187981695,9.731764146570173e-07,0.0013062506914138794,4.0,-0.6005749702453613,0.3890501856803894,-0.6005749702453613,2.069375991821289,699,58.841006458736956
0.003054869594052434,0.003054869594052434,0.001987832540180534,0.001987832540180534,0.005042702134232968,0.75,372.0,259.75,190.0,0.7368421052631579,0.0,0.60546875,0.0014805605314904824,9.729086208503173e-07,-0.0013868361711502075,3.0,1.2639249563217163,0.40195488929748535,1.2639249563217163,0.4699759781360626,700,48.489512593019754
0.002046178327873349,0.002046178327873349,0.0004921259824186563,0.0004921259824186563,0.0025383043102920055,0.75,508.0,331.5,200.0,0.7378947368421053,0.0,0.76171875,0.0016773844545241445,9.726395341295061e-07,0.0009979456663131714,3.75,1.1943333148956299,0.7122215628623962,1.1943333148956299,0.9539902210235596,701,56.553376567782834
0.0014880952658131719,0.0014880952658131719,0.00390625,0.00390625,0.005394345265813172,0.5,168.0,122.75,67.0,0.7389473684210527,0.5,0.7890625,0.00952987393247895,9.723691552302562e-07,-7.440175068040844e-06,1.25,-0.4128875136375427,0.8303024768829346,-0.4128875136375427,1.1742249727249146,702,24.482377578038722
0.0007716049440205097,0.0007716049440205097,0.001805054140277207,0.001805054140277207,0.0025766590842977166,0.75,324.0,214.25,128.0,0.74,0.5,0.625,0.0041635682573542,9.720974848917734e-07,0.0009484213660471141,2.25,-0.41095417737960815,0.2507341802120209,-0.41095417737960815,0.7392271757125854,703,41.310477264923975
0.0026427461998537183,0.0026427461998537183,0.001953125,0.001953125,0.004595871199853718,0.75,526.0,355.0,128.0,0.7410526315789474,0.0,0.65625,0.002090183552354574,9.718245238567938e-07,-3.394484519958496e-05,3.5,0.23672500252723694,2.31467866897583,0.23672500252723694,1.9180493354797363,704,297.1102620093152
0.0,0.0,0.0036764706019312143,0.0036764706019312143,0.0036764706019312143,0.75,263.0,146.75,68.0,0.7421052631578947,0.5,0.7421875,0.038325782130414154,9.715502728715825e-07,0.00192299485206604,1.5,-0.2751624882221222,1.025075078010559,-0.2751624882221222,1.4496750831604004,705,25.626285520382226
0.003909186227247119,0.003909186227247119,0.005091728875413537,0.005091728875413537,0.009000915102660656,1.0,547.0,284.25,192.0,0.7431578947368421,0.0,0.73828125,0.004844477021833882,9.712747326859315e-07,0.0006657987833023071,3.0,1.7863249778747559,0.7605993747711182,1.7863249778747559,1.1460531949996948,706,49.7201331150718
0.0038132310146465898,0.0038132310146465898,0.0012376237427815795,0.0012376237427815795,0.005050854757428169,1.0,302.0,225.25,188.0,0.7442105263157894,0.0,0.70703125,0.002636510384036228,9.709979040531567e-07,0.0016324669122695923,2.25,1.3861875534057617,0.19475485384464264,1.3861875534057617,0.22872403264045715,707,37.059290933888406
0.0009765625,0.0009765625,0.0032552083721384406,0.0032552083721384406,0.004231770872138441,1.0,323.0,224.75,128.0,0.7452631578947368,0.0,0.703125,0.003309775551315397,9.707197877300973e-07,0.0005531609058380127,2.0,0.8987749814987183,1.025375485420227,0.8987749814987183,1.2922337055206299,708,40.83201611577533
0.004100529127754271,0.004100529127754271,0.0018238305347040296,0.0018238305347040296,0.005924359662458301,0.75,420.0,297.25,216.0,0.7463157894736843,0.0,0.82421875,0.0026788907998707145,9.704403844771127e-07,-8.940696716308594e-05,3.25,1.2986000776290894,1.3439626693725586,1.2986000776290894,1.7348337173461914,709,50.96686627622694
0.002754820976406336,0.002754820976406336,0.004571059253066778,0.004571059253066778,0.007325880229473114,0.75,637.0,352.5,189.0,0.7473684210526316,0.0,0.7109375,0.0019926036620745435,9.701596950580807e-07,3.306567668914795e-05,3.5,-0.8176541924476624,2.4860401153564453,-0.8176541924476624,2.363067150115967,710,415.8395543859806
0.0016869211103767157,0.0016869211103767157,0.00513306469656527,0.00513306469656527,0.006819985806941986,0.75,302.0,245.75,189.0,0.748421052631579,0.0,0.81640625,0.0016134945035446435,9.698777202403952e-07,0.0009157955646514893,2.5,1.5734124183654785,0.31768545508384705,1.5734124183654785,0.2718878984451294,711,49.30642279214226
0.0013227512827143073,0.0013227512827143073,0.0,0.0,0.0013227512827143073,1.0,319.0,226.0,189.0,0.7494736842105263,0.0,0.734375,0.002324248373042792,9.695944607949648e-07,-0.000650450587272644,2.25,0.9299125075340271,0.5923256874084473,0.9299125075340271,0.7104742527008057,712,42.77991450438276
0.00134821335086599,0.00134821335086599,0.0011574074160307646,0.0011574074160307646,0.0025056207668967545,0.75,473.0,297.0,194.0,0.7505263157894737,0.0,0.73828125,0.0025696215452626348,9.693099174962102e-07,0.0007729828357696533,3.25,1.8354874849319458,0.6899771690368652,1.8354874849319458,0.6615654230117798,713,55.382003873819485
0.0035379864275455475,0.0035379864275455475,0.0031565657118335366,0.0031565657118335366,0.006694552139379084,1.0,528.0,323.0,198.0,0.751578947368421,0.0,0.5703125,0.001595338893821463,9.690240911220617e-07,-0.0009063929319381714,3.5,0.6611875295639038,1.3602436780929565,0.6611875295639038,1.7486330270767212,714,176.13895469973795
0.006774095818400383,0.006774095818400383,0.0,0.0,0.006774095818400383,1.0,245.0,208.25,189.0,0.7526315789473684,0.0,0.82421875,0.0011825399997178465,9.687369824539576e-07,-0.00012470781803131104,2.25,1.3359999656677246,0.1234608069062233,1.3359999656677246,0.14299367368221283,715,49.84663433791138
0.002944758685771376,0.002944758685771376,0.0025906735099852085,0.0025906735099852085,0.005535432195756584,1.0,344.0,263.5,190.0,0.7536842105263157,0.0,0.8984375,0.0025758998235687613,9.684485922768421e-07,0.0010273754596710205,2.75,1.5608874559402466,0.29983097314834595,1.5608874559402466,0.252583384513855,716,54.45443530473858
0.008841103641316295,0.008841103641316295,0.00443642376922071,0.00443642376922071,0.013277527410537004,0.75,201.0,181.0,143.0,0.7547368421052632,0.0,0.8671875,0.0020304748613853008,9.681589213791631e-07,-0.00012037158012390137,2.0,1.2485499382019043,0.14163348078727722,1.2485499382019043,0.11564501374959946,717,35.73955843388103
0.0007462686626240611,0.0007462686626240611,0.0,0.0,0.0007462686626240611,0.75,335.0,212.5,72.0,0.7557894736842106,0.0,1.328125,0.004023035857244395,9.678679705528698e-07,0.00199754536151886,2.5,1.0736500024795532,1.0246330499649048,1.0736500024795532,1.4313441514968872,718,38.88754294300452
0.0013266998576000333,0.0013266998576000333,0.0013440860202535987,0.0013440860202535987,0.002670785877853632,0.75,469.0,289.5,186.0,0.7568421052631579,0.0,0.8515625,0.0016611353785265237,9.675757405934103e-07,-0.00027871131896972656,3.75,2.1109375953674316,1.0781787633895874,2.1109375953674316,0.8861485123634338,719,57.981955722905695
0.0015923567116260529,0.0015923567116260529,0.00193050189409405,0.00193050189409405,0.003522858605720103,0.75,412.0,295.0,195.0,0.7578947368421053,0.0,0.63671875,0.0010051708231912926,9.672822322997304e-07,0.00035774707794189453,3.25,1.9608625173568726,0.5827797651290894,1.9608625173568726,0.5070589780807495,720,52.559228407684714
0.0023809524718672037,0.0023809524718672037,0.002577319508418441,0.002577319508418441,0.0049582719802856445,1.0,210.0,165.0,128.0,0.7589473684210526,0.5,0.13671875,0.0019281025743111968,9.669874464742705e-07,-0.0005036145448684692,1.5,0.17438745498657227,1.7659529476077296e-05,0.17438745498657227,1.3560658693313599,721,30.89389366307296
0.0,0.0,0.00390625,0.00390625,0.00390625,0.25,480.0,243.5,128.0,0.76,0.0,1.0546875,0.0028378311544656754,9.666913839229637e-07,0.0013190656900405884,2.75,1.162137508392334,1.3966596126556396,1.162137508392334,1.6269943714141846,722,44.39401426282711
0.005637696944177151,0.005637696944177151,0.004311615601181984,0.004311615601181984,0.009949312545359135,1.0,244.0,198.25,128.0,0.7610526315789473,0.0,0.91796875,0.0021708264539483935,9.663940454552341e-07,0.00016079843044281006,1.75,0.7234624624252319,0.8833354115486145,0.7234624624252319,1.1511597633361816,723,35.099990971852094
0.0029758827295154333,0.0029758827295154333,0.0011952361674048007,0.0011952361674048007,0.004171118896920234,0.75,433.0,367.75,201.0,0.7621052631578947,0.0,0.70703125,0.001635645137866959,9.660954318839932e-07,0.0021920055150985718,4.25,0.9113999605178833,1.4674233198165894,0.9113999605178833,2.196937084197998,724,427.79168568900786
0.0034739969996735454,0.0034739969996735454,0.0029620854184031487,0.0029620854184031487,0.006436082418076694,0.75,546.0,379.5,206.0,0.7631578947368421,0.0,1.0234375,0.002602411957923323,9.657955440256395e-07,2.8431415557861328e-05,3.75,1.631433367729187,0.9780583381652832,1.631433367729187,0.9318472743034363,725,66.79544926877134
0.003215041011571884,0.003215041011571884,0.006253801751881838,0.006253801751881838,0.009468842763453722,1.0,388.0,262.25,192.0,0.7642105263157895,0.0,0.62890625,0.001941514783538878,9.654943827000546e-07,0.0010172873735427856,2.75,1.1545624732971191,0.804104208946228,1.1545624732971191,0.9548580646514893,726,48.694740494014695
0.004793115193024278,0.004793115193024278,0.0048943015281111,0.0048943015281111,0.009687416721135378,0.75,317.0,184.0,85.0,0.7652631578947369,0.0,1.15625,0.03037542980746366,9.651919487306024e-07,-0.00019969046115875244,1.75,-0.2076999843120575,1.1204813718795776,-0.2076999843120575,1.106611967086792,727,33.014803612139076
0.0023496674257330596,0.0023496674257330596,0.002890914853196591,0.002890914853196591,0.005240582278929651,0.25,598.0,440.0,315.0,0.7663157894736842,0.0,0.5625,0.002353144154767506,9.648882429441256e-07,-0.0008369684219360352,4.75,0.2555749714374542,0.46856433153152466,0.2555749714374542,1.4238831996917725,728,203.14686230826192
0.004080784507095814,0.004080784507095814,0.0021186440717428923,0.0021186440717428923,0.006199428578838706,0.5,472.0,240.75,128.0,0.7673684210526316,0.0,1.1171875,0.004197500296868384,9.645832661709443e-07,0.0010020583868026733,3.0,-0.475225031375885,1.4138953685760498,-0.475225031375885,1.7414511442184448,729,39.53831193991937
0.0033003613352775574,0.0033003613352775574,0.0004604051646310836,0.0004604051646310836,0.003760766499908641,0.5,543.0,369.75,128.0,0.7684210526315789,0.0,1.21875,0.00234143651323393,9.642770192448535e-07,0.0018679499626159668,3.75,1.226912498474121,1.7274088859558105,1.226912498474121,1.664381980895996,730,56.466316144913435
0.0,0.0,0.0,0.0,0.0,0.75,128.0,122.0,104.0,0.7694736842105263,1.0,0.018310546875,0.0024913563393056393,9.639695030031203e-07,9.965425851987675e-05,1.0,-1.0,0.0,-1.0,0.0,731,20.452032844768837
0.000830564764328301,0.000830564764328301,0.0,0.0,0.000830564764328301,0.5,602.0,347.5,198.0,0.7705263157894737,0.0,0.66015625,0.0016187234868993983,9.636607182864826e-07,0.0021056383848190308,4.0,-0.6154708862304688,1.004733920097351,-0.6154708862304688,2.5614521503448486,732,537.2241920980159
0.0012626262614503503,0.0012626262614503503,0.0011312217684462667,0.0011312217684462667,0.002393848029896617,1.0,241.0,197.0,128.0,0.771578947368421,0.0,0.80078125,0.0025187095161527395,9.63350665939146e-07,3.9324164390563965e-05,1.75,0.13644999265670776,0.05419975146651268,0.13644999265670776,1.4010049104690552,733,33.35325304674916
0.003080111346207559,0.003080111346207559,0.002439024392515421,0.002439024392515421,0.00551913573872298,0.75,513.0,326.25,205.0,0.7726315789473684,0.0,0.59375,0.001229787289048545,9.630393468087817e-07,-0.00017862021923065186,3.5,1.4396916627883911,1.2068779468536377,1.4396916627883911,1.2639861106872559,734,58.07071599201299
0.0026315790601074696,0.0026315790601074696,0.0005376344197429717,0.0005376344197429717,0.0031692134798504412,0.5,465.0,237.75,95.0,0.7736842105263158,0.0,1.078125,0.0014072222984395921,9.627267617465243e-07,0.0021075010299682617,2.75,-1.0756499767303467,2.0143351554870605,-1.0756499767303467,2.3275935649871826,735,760.4417985791806
0.004478196438867599,0.004478196438867599,0.0014403618406504393,0.0014403618406504393,0.005918558279518038,0.5,562.0,502.5,418.0,0.7747368421052632,0.0,0.5546875,0.0016548422281630337,9.624129116069694e-07,6.70403242111206e-05,5.5,2.4974417686462402,0.4265385866165161,2.4974417686462402,0.7265745997428894,736,92.43843241687864
0.0010940919164568186,0.0010940919164568186,0.0019607844296842813,0.0019607844296842813,0.0030548763461411,1.0,457.0,242.0,128.0,0.7757894736842105,0.5,0.392578125,0.0012172349379397929,9.620977972481714e-07,-0.00016444921493530273,2.75,-1.045300006866455,0.7844642996788025,-1.045300006866455,0.907330334186554,737,281.43336322298273
0.002525316784158349,0.002525316784158349,0.004941050428897142,0.004941050428897142,0.0074663672130554914,0.5,373.0,242.5,75.0,0.7768421052631579,0.0,0.76171875,0.0011519443505676463,9.61781419531641e-07,-0.00021032989025115967,2.75,0.654712438583374,1.757920503616333,0.654712438583374,1.541146993637085,738,43.01636585104279
0.0030832067131996155,0.0030832067131996155,0.003124085138551891,0.003124085138551891,0.006207291851751506,0.75,596.0,356.25,128.0,0.7778947368421053,0.0,0.78125,0.001008554158033803,9.614637793223424e-07,-0.0003025829792022705,3.5,0.6679625511169434,1.2758268117904663,0.6679625511169434,1.2163689136505127,739,54.352366651874036
0.003132370300590992,0.003132370300590992,0.0,0.0,0.003132370300590992,1.0,378.0,228.5,128.0,0.7789473684210526,0.0,0.69140625,0.001536519019282423,9.611448774886923e-07,-0.000714614987373352,2.0,-0.17556250095367432,0.4947803020477295,-0.17556250095367432,1.7181364297866821,740,155.42847048817202
0.0006738544325344265,0.0006738544325344265,0.001953125,0.001953125,0.0026269794325344265,1.0,383.0,285.75,128.0,0.78,0.0,0.66796875,0.0020643944444600493,9.608247149025558e-07,-0.00042551010847091675,3.0,1.3488374948501587,1.0249335765838623,1.3488374948501587,1.5745266675949097,741,50.8398372088559
0.0026247436180710793,0.0026247436180710793,0.0008090615156106651,0.0008090615156106651,0.0034338051336817443,1.0,350.0,249.0,128.0,0.7810526315789473,0.0,0.9765625,0.0014833899040240794,9.605032924392455e-07,0.002461478114128113,2.5,1.0234124660491943,0.9539400935173035,1.0234124660491943,1.3787448406219482,742,46.62534659006633
0.0050226455787196755,0.0050226455787196755,0.0005387931014411151,0.0005387931014411151,0.005561438680160791,0.75,464.0,331.75,218.0,0.7821052631578947,0.0,0.63671875,0.002139371310477145,9.601806109775178e-07,0.0006813853979110718,3.5,0.6993249654769897,1.3079707622528076,0.6993249654769897,2.0149037837982178,743,58.966899413149804
0.004329550778493285,0.004329550778493285,0.0004816955770365894,0.0004816955770365894,0.0048112463555298746,0.5,526.0,346.5,128.0,0.783157894736842,0.0,0.78125,0.00291679659858346,9.598566713995717e-07,-0.001198306679725647,3.75,0.424000084400177,0.9189913272857666,0.424000084400177,2.2543768882751465,744,180.9398747892119
0.004371393704786897,0.004371393704786897,0.0,0.0,0.004371393704786897,0.75,532.0,342.25,209.0,0.7842105263157895,0.0,0.546875,0.0017147682083304971,9.595314745910455e-07,-0.0005236268043518066,3.5,1.6969166994094849,0.1036854162812233,1.6969166994094849,0.2619223892688751,745,180.66861600382254
0.003840154386125505,0.003840154386125505,0.0020799014600925148,0.0020799014600925148,0.00592005584621802,0.75,299.0,222.25,192.0,0.7852631578947369,0.0,0.625,0.001299577605095692,9.59205021441015e-07,0.00031626224517822266,2.75,0.6926375031471252,0.7867093682289124,0.6926375031471252,1.0498875379562378,746,39.09321306901984
0.0046085858484730124,0.0046085858484730124,0.002373730472754687,0.002373730472754687,0.0069823163212276995,0.75,529.0,343.0,220.0,0.7863157894736842,0.0,0.59375,0.001248843560460955,9.588773128419905e-07,-0.0006931126117706299,4.0,0.947350025177002,1.4509477615356445,0.947350025177002,1.2927272319793701,747,179.70177639112808
0.001953125,0.001953125,0.0007042253273539245,0.0007042253273539245,0.0026573503273539245,1.0,355.0,184.75,128.0,0.7873684210526316,0.5,0.58203125,0.0017592718941159546,9.585483496899149e-07,0.0005068539758212864,1.75,-1.1089082956314087,0.15401963889598846,-1.1089082956314087,0.21781663596630096,748,271.5281949942
0.004267009673640132,0.004267009673640132,0.001953125,0.001953125,0.006220134673640132,0.5,455.0,301.25,128.0,0.7884210526315789,0.0,0.921875,0.0018333935586269945,9.58218132884161e-07,-0.0007730275392532349,3.75,1.6119375228881836,1.6444652080535889,1.6119375228881836,1.8156801462173462,749,61.660342326853424
0.001953125,0.001953125,0.000735294132027775,0.000735294132027775,0.002688419132027775,1.0,340.0,181.0,128.0,0.7894736842105263,0.5,0.5546875,0.0012058544962201267,9.578866633275286e-07,3.933906555175781e-05,1.5,-1.2999999523162842,0.4242640733718872,-1.2999999523162842,0.6000000238418579,750,30.925896238768473
0.001243781065568328,0.001243781065568328,0.0016786271007731557,0.0016786271007731557,0.0029224081663414836,0.75,535.0,323.25,201.0,0.7905263157894736,0.0,0.6953125,0.0018068587232846767,9.575539419262433e-07,0.0011306554079055786,3.25,0.7261208295822144,0.7387557029724121,0.7261208295822144,0.771045446395874,751,64.54674466117285
0.0010552723542787135,0.0010552723542787135,0.002161383396014571,0.002161383396014571,0.0032166557502932847,0.5,516.0,374.75,198.0,0.791578947368421,0.0,0.83203125,0.0018109708908014,9.572199695899521e-07,-0.00011067092418670654,3.75,1.92312490940094,0.8130667209625244,1.92312490940094,0.7183025479316711,752,68.29064504709095
0.0024832396302372217,0.0024832396302372217,0.004452101537026465,0.004452101537026465,0.006935341167263687,1.0,458.0,296.25,128.0,0.7926315789473685,0.0,1.0625,0.003037763759493828,9.568847472317232e-07,0.001273229718208313,2.75,0.7068707942962646,1.3308868408203125,0.7068707942962646,1.3065941333770752,753,48.76196146430448
0.0013440860202535987,0.0013440860202535987,0.0019795866683125496,0.0019795866683125496,0.0033236726885661483,1.0,483.0,350.5,205.0,0.7936842105263158,0.0,0.6171875,0.0014760471967747435,9.565482757680414e-07,-9.015202522277832e-05,3.75,1.6017625331878662,0.2791834771633148,1.6017625331878662,0.5642716288566589,754,58.52288155769929
0.0026041667442768812,0.0026041667442768812,0.001953125,0.001953125,0.004557291744276881,1.0,192.0,144.0,128.0,0.7947368421052632,0.5,0.7421875,0.0026132671628147364,9.562105561188068e-07,0.0007872912101447582,1.25,-0.4629000127315521,0.7595740556716919,-0.4629000127315521,1.074199914932251,755,25.83301663491875
0.0,0.0,0.0010729613713920116,0.0010729613713920116,0.0010729613713920116,0.75,466.0,212.5,128.0,0.7957894736842105,0.5,0.72265625,0.0029195380629971623,9.558715892073323e-07,-0.0008728998363949358,2.25,-1.256250023841858,0.36239224672317505,-1.256250023841858,0.5125000476837158,756,34.08766575809568
0.0007042253273539245,0.0007042253273539245,0.0,0.0,0.0007042253273539245,0.75,355.0,205.5,128.0,0.7968421052631579,0.5,0.6171875,0.002666334039531648,9.555313759603401e-07,0.0018391174962744117,2.5,0.524512529373169,0.4950277507305145,0.524512529373169,1.8508343696594238,757,49.900171882938594
0.0058598690666258335,0.0058598690666258335,0.001476377947255969,0.001476377947255969,0.0073362470138818026,0.75,508.0,313.25,141.0,0.7978947368421052,0.0,0.76171875,0.001563535101013258,9.551899173079606e-07,0.0005142092704772949,3.25,1.0172125101089478,0.9632738828659058,1.0172125101089478,1.1527719497680664,758,54.414124879054725
0.002557113184593618,0.002557113184593618,0.001953125,0.001953125,0.004510238184593618,1.0,360.0,226.5,128.0,0.7989473684210526,0.0,0.796875,0.002219551330199465,9.548472141837285e-07,0.00023268163204193115,2.25,0.9992374777793884,1.1667791604995728,0.9992374777793884,1.405975580215454,759,41.974694412900135
0.004127864725887775,0.004127864725887775,0.0012690355069935322,0.0012690355069935322,0.005396900232881308,0.75,412.0,257.75,128.0,0.8,0.0,0.8203125,0.0013022144266869873,9.545032675245813e-07,0.0005016028881072998,3.0,1.2493624687194824,1.6619659662246704,1.2493624687194824,1.6717417240142822,760,49.94766283291392
0.00194562814431265,0.00194562814431265,0.001977379957679659,0.001977379957679659,0.003923008101992309,0.5,538.0,447.75,246.0,0.8010526315789473,0.0,0.482421875,0.0016306684265146032,9.541580782708556e-07,0.00017318129539489746,4.75,-0.48612910509109497,1.487640619277954,-0.48612910509109497,1.3973466157913208,761,193.29546549264342
0.0011904762359336019,0.0011904762359336019,0.0,0.0,0.0011904762359336019,0.5,210.0,173.75,128.0,0.8021052631578948,0.0,0.8984375,0.002861137967556715,9.538116473662861e-07,-5.200505256652832e-05,1.75,-0.5136125087738037,0.8300196528434753,-0.5136125087738037,1.244285225868225,762,27.73303989530541
0.0031645570416003466,0.0031645570416003466,0.002315603429451585,0.002315603429451585,0.005480160471051931,0.5,542.0,343.0,199.0,0.8031578947368421,0.0,0.734375,0.0018426711321808398,9.534639757580012e-07,-0.0010189414024353027,3.75,1.9609999656677246,0.8674432635307312,1.9609999656677246,0.7085442543029785,763,54.15288794506341
0.0032411619322374463,0.0032411619322374463,0.0,0.0,0.0032411619322374463,1.0,489.0,275.0,194.0,0.8042105263157895,0.0,0.62890625,0.0015783084672875702,9.531150643965222e-07,0.0017063319683074951,2.75,0.9856125116348267,1.3960939645767212,0.9856125116348267,1.562180995941162,764,166.59807074302807
0.003425635164603591,0.003425635164603591,0.001992994803003967,0.001992994803003967,0.005418629967607558,0.5,478.0,316.75,186.0,0.8052631578947368,0.0,0.63671875,0.0011817788326879963,9.527649142357594e-07,0.0016722232103347778,3.75,1.1781166791915894,0.8777788877487183,1.1781166791915894,1.0040383338928223,765,60.767146279336885
0.0030082082375884056,0.0030082082375884056,0.0016304347664117813,0.0016304347664117813,0.004638643004000187,0.25,460.0,355.5,273.0,0.8063157894736842,0.0,0.578125,0.0018143602210329846,9.524135262330098e-07,-0.0003259032964706421,4.5,0.7743124961853027,2.2983269691467285,0.7743124961853027,2.838256597518921,766,175.22295420290902
0.0024832396302372217,0.0024832396302372217,0.0006329113966785371,0.0006329113966785371,0.003116151026915759,1.0,395.0,246.75,189.0,0.8073684210526316,0.0,0.57421875,0.0011661923781502992,9.520609013489547e-07,-0.0001004636287689209,2.5,0.5154666304588318,0.9666621088981628,0.5154666304588318,1.3666666746139526,767,38.59791683987714
0.0018106051138602197,0.0018106051138602197,0.0017441860400140285,0.0017441860400140285,0.0035547911538742483,1.0,451.0,351.5,199.0,0.8084210526315789,0.0,0.59375,0.0015232722653308883,9.517070405476574e-07,0.0002962052822113037,3.5,1.5068333148956299,0.660037100315094,1.5068333148956299,0.8500785827636719,768,76.3173062428832
0.001408450654707849,0.001408450654707849,0.0011467889416962862,0.0011467889416962862,0.0025552395964041352,0.5,355.0,226.75,130.0,0.8094736842105263,0.0,0.8125,0.002929044479969889,9.513519447965595e-07,0.0014204233884811401,2.75,1.5610249042510986,0.4427902102470398,1.5610249042510986,0.5665991306304932,769,41.252080967184156
0.0015324497944675386,0.0015324497944675386,0.0,0.0,0.0015324497944675386,1.0,427.0,299.5,128.0,0.8105263157894737,0.0,0.80859375,0.0024937914276961237,9.509956150664795e-07,-0.0010970830917358398,3.0,0.3907666802406311,1.0249158143997192,0.3907666802406311,1.1060303449630737,770,50.18238587793894
0.0,0.0,0.0016025641234591603,0.0016025641234591603,0.0016025641234591603,0.75,382.0,250.75,128.0,0.8115789473684211,0.0,0.8671875,0.0031433277472388,9.50638052331609e-07,0.0016509294509887695,2.5,1.0363125801086426,0.8298782706260681,1.0363125801086426,1.40725839138031,771,43.043641896219924
0.0020238724537193775,0.0020238724537193775,0.0,0.0,0.0020238724537193775,0.25,645.0,428.0,256.0,0.8126315789473684,0.0,0.44140625,0.0008731081325095147,9.502792575695111e-07,-0.0006844103336334229,4.5,2.0471792221069336,0.7400285005569458,2.0471792221069336,0.8774113655090332,772,80.94487220724113
0.0028790509095415473,0.0028790509095415473,0.0009988720703404397,0.0009988720703404397,0.003877922979881987,0.75,538.0,351.0,128.0,0.8136842105263158,0.0,0.84765625,0.0017526752199046314,9.499192317611167e-07,0.0012412667274475098,3.75,-0.4275083541870117,1.0983607769012451,-0.4275083541870117,2.287398099899292,773,415.48009875579737
0.00147058826405555,0.00147058826405555,0.0007788161747157574,0.0007788161747157574,0.0022494044387713075,0.5,525.0,388.25,197.0,0.8147368421052632,0.0,0.70703125,0.0013468328543240204,9.495579758907229e-07,0.0003821253776550293,4.25,0.9140332937240601,1.676821231842041,0.9140332937240601,1.5559029579162598,774,62.204959105933085
0.0022124191746115685,0.0022124191746115685,0.0069099171087145805,0.0069099171087145805,0.009122336283326149,0.5,512.0,312.25,87.0,0.8157894736842105,0.0,0.9296875,0.00620863918447867,9.491954909459894e-07,0.0005437880754470825,3.25,1.2868125438690186,1.5735777616500854,1.2868125438690186,1.628407597541809,775,50.280739036621526
0.005270787398330867,0.005270787398330867,0.0007861634949222207,0.0007861634949222207,0.006056950893253088,0.75,318.0,220.25,186.0,0.8168421052631579,0.0,0.68359375,0.0018380106193944812,9.488317779179361e-07,-0.001843079924583435,2.5,1.4732625484466553,0.07125868648290634,1.4732625484466553,0.27232861518859863,776,43.852925749728456
0.0027061061118729413,0.0027061061118729413,0.0018587360391393304,0.0018587360391393304,0.004564842151012272,0.75,429.0,287.75,192.0,0.8178947368421052,0.0,0.7421875,0.0019752411171793938,9.484668378009406e-07,-0.001456722617149353,3.0,1.798337459564209,0.3888910710811615,1.798337459564209,0.46407657861709595,777,51.86777310073376
0.0018491365481168032,0.0018491365481168032,0.0024484057794325054,0.0024484057794325054,0.0042975423275493085,1.0,495.0,323.75,186.0,0.8189473684210526,0.0,0.703125,0.0013871666160412133,9.481006715927351e-07,0.000830918550491333,3.25,1.3801249265670776,0.6980911493301392,1.3801249265670776,1.165642499923706,778,179.97272209613584
0.002791986451484263,0.002791986451484263,0.0012376237427815795,0.0012376237427815795,0.0040296101942658424,0.5,510.0,320.25,155.0,0.82,0.0,0.828125,0.002681409168872051,9.477332802944043e-07,0.0007270723581314087,3.5,1.8738374710083008,0.8851385712623596,1.8738374710083008,0.7554416060447693,779,57.909092587884516
0.0033795665367506444,0.0033795665367506444,0.0036764706019312143,0.0036764706019312143,0.007056037138681859,0.5,529.0,284.75,68.0,0.8210526315789474,0.0,0.84765625,0.031584807962644845,9.473646649103817e-07,0.0006832778453826904,3.25,1.474387526512146,1.732818365097046,1.474387526512146,1.8625127077102661,780,56.00441349809989
0.0028364676982164383,0.0028364676982164383,0.0009797101956792176,0.0009797101956792176,0.003816177893895656,0.75,567.0,386.25,219.0,0.8221052631578948,0.0,0.57421875,0.0019126917468383908,9.469948264484479e-07,-0.0002831965684890747,4.0,-0.11948752403259277,2.324277639389038,-0.11948752403259277,2.117501974105835,781,189.25033588311635
0.006294668652117252,0.006294668652117252,0.004426000523380935,0.004426000523380935,0.010720669175498188,0.75,481.0,302.0,128.0,0.8231578947368421,0.0,0.75390625,0.0026488933654036373,9.466237659197269e-07,-0.0017514824867248535,3.25,1.0968416929244995,0.9913756251335144,1.0968416929244995,1.495224952697754,782,59.74393466091715
0.0032834134763106704,0.0032834134763106704,0.0007042253273539245,0.0007042253273539245,0.003987638803664595,0.75,426.0,346.0,237.0,0.8242105263157895,0.0,0.62890625,0.002050489914836362,9.462514843386844e-07,0.0011985152959823608,3.75,0.3696083128452301,1.8784880638122559,0.3696083128452301,1.906099557876587,783,298.4171932230238
0.0025628472212702036,0.0025628472212702036,0.0,0.0,0.0025628472212702036,0.25,524.0,453.75,382.0,0.8252631578947368,0.0,0.46484375,0.001130539007135667,9.458779827231236e-07,0.00034837424755096436,5.0,1.0803791284561157,0.6152359247207642,1.0803791284561157,0.8215957283973694,784,73.79598321416415
0.002894327975809574,0.002894327975809574,0.0028380807489156723,0.0028380807489156723,0.005732408724725246,0.5,565.0,314.25,128.0,0.8263157894736842,0.0,0.89453125,0.006385657412465662,9.455032620941839e-07,0.0001007765531539917,3.0,0.024412482976913452,2.1204893589019775,0.024412482976913452,1.8005567789077759,785,49.252974584233016
0.0,0.0,0.006393812131136656,0.006393812131136656,0.006393812131136656,1.0,252.0,202.0,128.0,0.8273684210526315,0.0,1.1328125,0.0038159444520715624,9.451273234763371e-07,0.0011520236730575562,2.0,0.8484374284744263,0.953409731388092,0.8484374284744263,1.2433005571365356,786,38.428626485867426
0.001956181600689888,0.001956181600689888,0.0,0.0,0.001956181600689888,0.5,639.0,306.5,128.0,0.828421052631579,0.5,0.396484375,0.0016325800970662385,9.447501678973851e-07,-0.0007631480693817139,3.0,0.7352042198181152,0.2978746294975281,0.7352042198181152,2.032949686050415,787,174.9161339669954
0.0036255205050110817,0.0036255205050110817,0.006790216197259724,0.006790216197259724,0.010415736702270806,0.5,538.0,288.25,136.0,0.8294736842105264,0.0,0.76171875,0.0022491026029456407,9.443717963884568e-07,-0.002002894878387451,3.25,1.799187421798706,0.6368380784988403,1.799187421798706,0.8036637306213379,788,54.84114641789347
0.002422480611130595,0.002422480611130595,0.002537237131036818,0.002537237131036818,0.004959717742167413,0.75,516.0,322.75,128.0,0.8305263157894737,0.0,0.8671875,0.0020285280188545585,9.439922099840054e-07,0.000420302152633667,3.5,1.286750078201294,0.8304616212844849,1.286750078201294,1.6398735046386719,789,51.43439946998842
0.0,0.0,0.004796918830834329,0.004796918830834329,0.004796918830834329,1.0,213.0,207.5,203.0,0.8315789473684211,0.0,0.796875,0.0011432562532718293,9.436114097218058e-07,0.001872032880783081,2.0,1.2489374876022339,0.1412622332572937,1.2489374876022339,0.11534031480550766,790,37.63851864193566
0.004563921946100891,0.004563921946100891,0.0050716440891847014,0.0050716440891847014,0.009635566035285592,0.75,284.0,203.25,65.0,0.8326315789473684,0.0,1.59375,0.001871036394732073,9.432293966429513e-07,-0.002545878291130066,2.25,0.9364124536514282,1.0775068998336792,0.9364124536514282,1.3014020919799805,791,35.696298371301964
0.005010315449908376,0.005010315449908376,0.001207729452289641,0.001207729452289641,0.006218044902198017,0.75,348.0,269.25,207.0,0.8336842105263158,0.0,0.859375,0.0022657494992017746,9.42846171791851e-07,0.0017275512218475342,3.0,0.8253958225250244,0.3036257326602936,0.8253958225250244,0.7717170715332031,792,168.6208765991032
0.0034113984438590705,0.0034113984438590705,0.0,0.0,0.0034113984438590705,1.0,445.0,333.25,197.0,0.8347368421052631,0.0,0.6484375,0.0010678609542082995,9.424617362162271e-07,0.0016583651304244995,3.5,1.823275089263916,0.7070360779762268,1.823275089263916,0.5980514883995056,793,63.20494678337127
0.0005446622963063419,0.0005446622963063419,0.0,0.0,0.0005446622963063419,0.75,459.0,339.25,196.0,0.8357894736842105,0.0,0.640625,0.0011074164794990793,9.420760909671118e-07,0.0015555918216705322,3.75,1.9987249374389648,0.7427802681922913,1.9987249374389648,0.6496120095252991,794,54.4262036299333
0.0008012820617295802,0.0008012820617295802,0.001377410488203168,0.001377410488203168,0.002178692549932748,0.5,363.0,264.0,185.0,0.8368421052631579,0.0,0.7421875,0.0015062615420902148,9.416892370988442e-07,0.0014470219612121582,3.5,1.456883430480957,0.8373794555664062,1.456883430480957,0.9323744773864746,795,59.95266458299011
0.0027312019374221563,0.0027312019374221563,0.0026124085998162627,0.0026124085998162627,0.005343610537238419,1.0,355.0,231.75,187.0,0.8378947368421052,0.0,0.65625,0.002214271866250783,9.413011756690684e-07,0.00011785328388214111,2.5,1.4865750074386597,0.30027294158935547,1.4865750074386597,0.3814348876476288,796,44.315321299713105
0.003120324108749628,0.003120324108749628,0.0008928571478463709,0.0008928571478463709,0.004013181256595999,0.5,401.0,252.25,128.0,0.8389473684210527,0.0,0.8359375,0.003119669418083504,9.409119077387293e-07,0.0005578547716140747,2.75,0.23358748853206635,1.161970853805542,0.23358748853206635,1.0348175764083862,797,47.79637339129113
0.001953125,0.001953125,0.0024570024106651545,0.0024570024106651545,0.0044101274106651545,1.0,407.0,234.0,128.0,0.84,0.5,0.58984375,0.003198908845661208,9.405214343720706e-07,-0.00029565891600213945,2.5,-0.1504250168800354,0.4596193730831146,-0.1504250168800354,1.811067819595337,798,280.8550186532084
0.0008833922329358757,0.0008833922329358757,0.00390625,0.00390625,0.004789642232935876,0.75,566.0,289.25,128.0,0.8410526315789474,0.0,0.94140625,0.0034609443100634962,9.401297566366317e-07,0.0007399320602416992,2.75,0.15122497081756592,0.07548361271619797,0.15122497081756592,1.4186575412750244,799,288.3948945000302
0.0020891365129500628,0.0020891365129500628,0.003310071653686464,0.003310071653686464,0.005399208166636527,0.75,482.0,370.0,309.0,0.8421052631578947,0.0,0.5234375,0.0015108649531612173,9.397368756032444e-07,-1.4990568161010742e-05,4.25,0.8886374831199646,0.703518271446228,0.8886374831199646,1.475306749343872,800,65.41074430104345
0.003809816320426762,0.003809816320426762,0.0031593772291671485,0.0031593772291671485,0.006969193549593911,0.5,638.0,376.75,154.0,0.8431578947368421,0.0,0.73046875,0.017332939693005756,9.393427923460306e-07,-5.003809928894043e-05,3.75,1.1804250478744507,0.7331990003585815,1.1804250478744507,1.2082648277282715,801,64.02377995895222
0.0,0.0,0.0024999999441206455,0.0024999999441206455,0.0024999999441206455,1.0,200.0,161.5,128.0,0.8442105263157895,0.5,0.57421875,0.0020675159757956862,9.389475079423988e-07,0.0003551248519215733,1.5,0.09862500429153442,0.000318208709359169,0.09862500429153442,1.268582820892334,802,26.578922747867182
0.004663862055167556,0.004663862055167556,0.0012886597542092204,0.0012886597542092204,0.005952521809376776,0.75,444.0,310.0,196.0,0.8452631578947368,0.0,0.65234375,0.0036000419058836997,9.385510234730414e-07,-0.0012214183807373047,3.5,1.5440833568572998,0.8545267581939697,1.5440833568572998,1.0122854709625244,803,59.16902380506508
0.0034347945475019515,0.0034347945475019515,0.0012195121962577105,0.0012195121962577105,0.004654306743759662,1.0,521.0,305.75,191.0,0.8463157894736842,0.0,0.6953125,0.0015265539404936135,9.381533400219317e-07,0.0003785938024520874,3.25,0.6555625200271606,1.2262115478515625,0.6555625200271606,1.626099944114685,804,175.63683893717825
0.000645994849037379,0.000645994849037379,0.0017730495892465115,0.0017730495892465115,0.0024190444382838905,0.5,387.0,231.25,128.0,0.8473684210526315,0.5,0.515625,0.0010748163040261716,9.377544586763214e-07,0.0008250928367488086,2.25,0.48698747158050537,0.05266176909208298,0.48698747158050537,1.7181017398834229,805,38.937157549895346
0.00271284714108333,0.00271284714108333,0.000554323720280081,0.000554323720280081,0.003267170861363411,0.75,490.0,341.5,198.0,0.848421052631579,0.0,0.55859375,0.0011270254763076082,9.373543805267367e-07,-9.968876838684082e-05,4.0,1.7595041990280151,0.6922162771224976,1.7595041990280151,0.9294442534446716,806,63.916049492545426
0.003868728643283248,0.003868728643283248,0.0,0.0,0.003868728643283248,0.5,473.0,308.5,132.0,0.8494736842105263,0.0,0.80859375,0.0016154329059645534,9.369531066669758e-07,0.0005575418472290039,3.5,1.9866750240325928,1.0084049701690674,1.9866750240325928,0.8505447506904602,807,55.402386262780055
0.002443294390104711,0.002443294390104711,0.0005091649945825338,0.0005091649945825338,0.002952459384687245,1.0,491.0,348.5,184.0,0.8505263157894737,0.0,0.609375,0.0009359701216453686,9.365506381941065e-07,-0.00015428662300109863,3.75,0.31363749504089355,1.1882398128509521,0.31363749504089355,0.9779049754142761,808,68.7213989479933
0.0037878789007663727,0.0037878789007663727,0.0,0.0,0.0037878789007663727,0.75,228.0,201.75,187.0,0.8515789473684211,0.0,0.94921875,0.0022215018689166754,9.36146976208462e-07,-0.0009002983570098877,2.25,1.3982499837875366,0.1764938086271286,1.3982499837875366,0.21246299147605896,809,38.99165565497242
0.003990940283983946,0.003990940283983946,0.0012019231216982007,0.0012019231216982007,0.0051928634056821465,0.75,416.0,303.75,220.0,0.8526315789473684,0.0,0.72265625,0.0020070825121365488,9.357421218136386e-07,0.0009355098009109497,3.0,1.3194208145141602,0.4303510785102844,1.3194208145141602,0.6967126727104187,810,52.626668876968324
0.007342001888900995,0.007342001888900995,0.0012953367549926043,0.0012953367549926043,0.0086373386438936,0.75,366.0,240.25,191.0,0.8536842105263158,0.0,0.6875,0.0025287371245212853,9.35336076116493e-07,-0.0005184412002563477,2.75,1.6111249923706055,0.3712311089038849,1.6111249923706055,0.5247167944908142,811,46.01314815110527
0.0013296377728693187,0.0013296377728693187,0.0012499999720603228,0.0012499999720603228,0.0025796377449296415,1.0,409.0,302.75,200.0,0.8547368421052631,0.0,0.69921875,0.0015116019640117884,9.349288402271387e-07,0.0015800446271896362,3.5,1.8860750198364258,0.4774031341075897,1.8860750198364258,0.4465234577655792,812,58.15036983927712
0.002557345142122358,0.002557345142122358,0.003727272734977305,0.003727272734977305,0.006284617877099663,0.5,490.0,374.75,250.0,0.8557894736842105,0.0,0.5625,0.00141400565917138,9.345204152589428e-07,-0.0001958310604095459,4.25,1.8971415758132935,0.528479814529419,1.8971415758132935,0.5997313857078552,813,70.14419468282722
0.0,0.0,0.0004940711660310626,0.0004940711660310626,0.0004940711660310626,1.0,506.0,249.5,128.0,0.8568421052631578,0.5,0.439453125,0.0016684054571669549,9.341108023285237e-07,0.0008204051409848034,2.25,0.08945000171661377,0.11886464804410934,0.08945000171661377,1.2654539346694946,814,42.35354624665342
0.0023694937117397785,0.0023694937117397785,0.003330901439767331,0.003330901439767331,0.005700395151507109,1.0,563.0,350.25,241.0,0.8578947368421053,0.0,0.61328125,0.002957369026262313,9.337000025557476e-07,0.00025625526905059814,3.75,0.7012125253677368,1.2054579257965088,0.7012125253677368,0.9971878528594971,815,180.5845349417068
0.00204193580430001,0.00204193580430001,0.001231527072377503,0.001231527072377503,0.003273462876677513,0.5,495.0,379.25,203.0,0.8589473684210527,0.0,0.546875,0.0018408102914690971,9.332880170637252e-07,0.00042928755283355713,4.25,2.3492374420166016,1.0263124704360962,2.3492374420166016,0.8734400272369385,816,69.05596188199706
0.0015151514671742916,0.0015151514671742916,0.0,0.0,0.0015151514671742916,0.75,330.0,193.0,128.0,0.86,0.5,0.640625,0.0016983227978926152,9.328748469788093e-07,0.0009206300601363182,2.25,0.43697500228881836,0.37161993980407715,0.43697500228881836,1.7138644456863403,817,36.26144849299453
0.002838454907760024,0.002838454907760024,0.001408450654707849,0.001408450654707849,0.004246905562467873,1.0,444.0,347.5,292.0,0.8610526315789474,0.0,0.57421875,0.0016764851461630315,9.32460493430591e-07,-0.0014208853244781494,4.0,1.7948832511901855,0.7836391925811768,1.7948832511901855,0.9899685978889465,818,184.78992865933105
0.005141435423865914,0.005141435423865914,0.003099173540249467,0.003099173540249467,0.008240608964115381,0.5,396.0,260.75,188.0,0.8621052631578947,0.0,0.7265625,0.0019325837347423658,9.320449575518972e-07,0.001808658242225647,3.0,0.35720834136009216,0.3592691719532013,0.35720834136009216,0.7073125243186951,819,164.55659994413145
0.004726291401311755,0.004726291401311755,0.001953125,0.001953125,0.006679416401311755,0.5,352.0,203.0,83.0,0.8631578947368421,0.0,1.484375,0.0328693030460272,9.316282404787869e-07,0.003689676523208618,2.25,-0.44850417971611023,0.7799328565597534,-0.44850417971611023,0.6764529943466187,820,39.99104352109134
0.002009989635553211,0.002009989635553211,0.00167037860956043,0.00167037860956043,0.003680368245113641,0.5,544.0,402.75,222.0,0.8642105263157894,0.0,0.6484375,0.0016581654490437359,9.312103433505489e-07,0.0024072378873825073,4.5,1.3953375816345215,1.4190747737884521,1.3953375816345215,1.254055380821228,821,75.73682643705979
0.0028996459441259503,0.0028996459441259503,0.000860585190821439,0.000860585190821439,0.0037602311349473894,0.5,637.0,383.5,128.0,0.8652631578947368,0.0,0.87890625,0.001757798541802913,9.307912673096979e-07,0.0002828538417816162,3.75,1.724712610244751,0.8836889863014221,1.724712610244751,2.083867311477661,822,65.35110915522091
0.00040849673678167164,0.00040849673678167164,0.0028571428265422583,0.0028571428265422583,0.00326563956332393,0.75,612.0,295.5,175.0,0.8663157894736843,0.0,0.703125,0.0015856829122640193,9.303710135019717e-07,0.0010707378387451172,3.0,1.3008625507354736,0.2158266305923462,1.3008625507354736,0.19565841555595398,823,54.95314962696284
0.007733586011454463,0.007733586011454463,0.0,0.0,0.007733586011454463,0.5,396.0,228.75,128.0,0.8673684210526316,0.0,1.0703125,0.002162005184800364,9.299495830763284e-07,0.0020829439163208008,2.75,0.292900025844574,0.30932387709617615,0.292900025844574,1.3321081399917603,824,45.58921953290701
0.0012384478759486228,0.0012384478759486228,0.0033958362182602286,0.0033958362182602286,0.0046342840942088515,0.25,698.0,576.25,497.0,0.868421052631579,0.0,0.4921875,0.0016384852060582489,9.295269771849425e-07,0.0005219429731369019,6.0,0.729195773601532,1.3257839679718018,0.729195773601532,1.8532458543777466,825,98.55143344891258
0.003086419776082039,0.003086419776082039,0.00275440706172958,0.00275440706172958,0.005840826837811619,0.5,312.0,214.5,128.0,0.8694736842105263,0.0,0.9375,0.002142978220945224,9.291031969832025e-07,0.0015221834182739258,2.25,-0.0009000003337860107,0.8307444453239441,-0.0009000003337860107,0.9801813364028931,826,43.71404698770493
0.005110102356411517,0.005110102356411517,0.0010504202218726277,0.0010504202218726277,0.006160522578284144,0.75,623.0,339.25,238.0,0.8705263157894737,0.0,0.64453125,0.0015546665235888213,9.286782436297071e-07,-0.00039961934089660645,3.75,1.124250054359436,1.7683324813842773,1.124250054359436,1.5314618349075317,827,301.11134613188915
0.0027173913549631834,0.0027173913549631834,0.0012755101779475808,0.0012755101779475808,0.003992901532910764,0.75,196.0,159.0,128.0,0.871578947368421,0.5,0.54296875,0.0012428294430719689,9.282521182862629e-07,0.0008398553472943604,1.5,0.1366249918937683,0.052962321788072586,0.1366249918937683,1.3138855695724487,828,29.111972105223686
0.004313134239055216,0.004313134239055216,0.004716981202363968,0.004716981202363968,0.009030115441419184,0.5,523.0,274.25,106.0,0.8726315789473684,0.0,0.73046875,0.003509429778205231,9.278248221178797e-07,-0.0011221617460250854,3.0,1.7613375186920166,0.8307621479034424,1.7613375186920166,0.8617892861366272,829,57.062487359158695
0.0064044559840112925,0.0064044559840112925,0.0011520737316459417,0.0011520737316459417,0.007556529715657234,0.0,470.0,351.0,137.0,0.8736842105263158,0.0,0.73828125,0.0017261251487070695,9.273963562927694e-07,-0.0006209015846252441,4.75,0.016512513160705566,2.485215187072754,0.016512513160705566,2.3196489810943604,830,300.92228300403804
0.005441085086204112,0.005441085086204112,0.0009920635493472219,0.0009920635493472219,0.006433148635551333,0.5,299.0,219.5,128.0,0.8747368421052631,0.0,0.9375,0.002096133728628047,9.269667219823411e-07,-0.0006028115749359131,2.5,1.0241374969482422,0.9540108442306519,1.0241374969482422,1.422205924987793,831,37.60883659706451
0.0014045382267795503,0.0014045382267795503,0.0015640557103324682,0.0015640557103324682,0.0029685939371120185,0.75,524.0,368.5,230.0,0.8757894736842106,0.0,0.5703125,0.0015067037602420896,9.265359203611987e-07,-0.0003006160259246826,3.75,1.7345666885375977,0.33853915333747864,1.7345666885375977,0.3758401572704315,832,61.900242562871426
0.0016743969172239304,0.0016743969172239304,0.0025380710139870644,0.0025380710139870644,0.004212467931210995,0.5,614.0,387.5,187.0,0.8768421052631579,0.0,0.71875,0.0021355919598136097,9.261039526071373e-07,0.0003254413604736328,4.0,1.747529149055481,0.8461298942565918,1.747529149055481,1.1684852838516235,833,70.72736486932263
0.003231626353226602,0.003231626353226602,0.0,0.0,0.003231626353226602,0.5,428.0,288.0,186.0,0.8778947368421053,0.0,0.55859375,0.0009334380156360567,9.2567081990114e-07,-9.208917617797852e-06,3.25,1.8367249965667725,0.9726607799530029,1.8367249965667725,0.8252611756324768,834,46.83120624208823
0.0017636683769524097,0.0017636683769524097,0.0011520737316459417,0.0011520737316459417,0.0029157421085983515,0.25,567.0,271.0,128.0,0.8789473684210526,0.0,0.84765625,0.002525663760025054,9.252365234273753e-07,0.001276955008506775,2.75,0.5697582960128784,0.666283130645752,0.5697582960128784,1.0569562911987305,835,47.27258144482039
0.003456221194937825,0.003456221194937825,0.00319890514947474,0.00319890514947474,0.006655126344412565,0.25,526.0,366.5,217.0,0.88,0.0,0.80078125,0.0016140676161739975,9.248010643731934e-07,0.0006681531667709351,4.25,0.0007083415985107422,0.8259596824645996,0.0007083415985107422,1.4447458982467651,836,185.55276804976165
0.004335917881689966,0.004335917881689966,0.0016776640550233424,0.0016776640550233424,0.006013581936713308,1.0,349.0,321.75,282.0,0.8810526315789474,0.0,0.640625,0.001760196297254879,9.243644439291223e-07,0.0003473013639450073,3.25,0.9374958872795105,0.25034525990486145,0.9374958872795105,1.0187218189239502,837,57.15446879481897
0.0014591439394280314,0.0014591439394280314,0.002358490601181984,0.002358490601181984,0.0038176345406100154,0.75,514.0,219.0,106.0,0.8821052631578947,0.5,0.71875,0.002688928972929716,9.239266632888658e-07,0.00020511737966444343,2.0,-0.1759124994277954,1.1654356718063354,-0.1759124994277954,1.6481750011444092,838,34.90578994806856
0.0020844557438977063,0.0020844557438977063,0.0032051282469183207,0.0032051282469183207,0.005289583990816027,0.5,549.0,329.0,78.0,0.8831578947368421,0.0,0.78125,0.014170239708619192,9.234877236492996e-07,-3.1381845474243164e-05,3.5,1.4486374855041504,1.518989086151123,1.4486374855041504,1.6826330423355103,839,59.82897444698028
0.002435064874589443,0.002435064874589443,0.0,0.0,0.002435064874589443,0.75,308.0,251.75,192.0,0.8842105263157894,0.0,0.70703125,0.002831942038028501,9.230476262104676e-07,-0.0014642179012298584,2.75,1.6605374813079834,0.4421008229255676,1.6605374813079834,0.42534777522087097,840,48.53414663905278
0.00200121192028746,0.00200121192028746,0.0,0.0,0.00200121192028746,0.5,268.0,195.5,74.0,0.8852631578947369,0.0,0.8828125,0.0029851242434233427,9.226063721755798e-07,0.0020116716623306274,2.25,0.9865375757217407,1.1481823921203613,0.9865375757217407,1.343689203262329,841,36.115937986178324
0.002203764161095023,0.002203764161095023,0.0027281991206109524,0.0027281991206109524,0.0049319632817059755,0.75,521.0,293.5,194.0,0.8863157894736842,0.0,0.7578125,0.001597431255504489,9.221639627510075e-07,0.0006980299949645996,3.25,0.5733000040054321,1.3431140184402466,0.5733000040054321,1.7897928953170776,842,49.595690404996276
0.0009090909152291715,0.0009090909152291715,0.005859375,0.005859375,0.0067684659152291715,0.75,550.0,233.5,128.0,0.8873684210526316,0.5,0.6015625,0.002274610073072836,9.217203991462814e-07,-0.0008704540086910129,2.25,-0.4603624939918518,0.7631626725196838,-0.4603624939918518,1.0792750120162964,843,46.347209464991465
0.003936181776225567,0.003936181776225567,0.0006613756413571537,0.0006613756413571537,0.0045975574175827205,0.75,568.0,332.0,189.0,0.888421052631579,0.0,0.58984375,0.0018285917030880228,9.212756825740872e-07,0.0008279308676719666,3.5,1.028166651725769,1.4441713094711304,1.028166651725769,1.708034634590149,844,61.94869213993661
0.0015789474127814174,0.0015789474127814174,0.0005241089966148138,0.0005241089966148138,0.002103056409396231,0.5,477.0,302.0,128.0,0.8894736842105263,0.5,0.365234375,0.0038592549972236156,9.208298142502635e-07,0.0002289116382598877,3.5,-0.43541663885116577,0.46256572008132935,-0.43541663885116577,0.8427900671958923,845,58.7155288932845
0.0025380710139870644,0.0025380710139870644,0.0022769218194298446,0.0022769218194298446,0.004814992833416909,0.75,268.0,210.5,186.0,0.8905263157894737,0.0,1.3515625,0.0017646710621193051,9.203827953937968e-07,0.0009240657091140747,2.25,0.9172624945640564,0.6099680066108704,0.9172624945640564,0.7352555394172668,846,37.7113283702638
0.005081300623714924,0.005081300623714924,0.0,0.0,0.005081300623714924,0.5,264.0,236.5,211.0,0.891578947368421,0.5,0.8984375,0.004131029505515471,9.199346272268198e-07,0.00010186433792114258,2.75,1.6107499599456787,0.12342549115419388,1.6107499599456787,0.17466676235198975,847,44.47537676268257
0.005263121332973242,0.005263121332973242,0.004398826975375414,0.004398826975375414,0.009661948308348656,0.5,341.0,297.0,223.0,0.8926315789473684,0.0,0.6640625,0.001701015600701794,9.194853109746072e-07,-0.0015781223773956299,3.5,0.09224998950958252,0.981145977973938,0.09224998950958252,1.1167365312576294,848,51.14057147782296
0.003004243946634233,0.003004243946634233,0.0,0.0,0.003004243946634233,0.25,614.0,429.25,128.0,0.8936842105263157,0.0,0.625,0.0018575728900032118,9.190348478655723e-07,-0.00020842254161834717,4.75,1.1127417087554932,1.332059621810913,1.1127417087554932,1.555366039276123,849,76.44772196258418
0.004617088474333286,0.004617088474333286,0.00141643057577312,0.00141643057577312,0.006033519050106406,0.75,559.0,385.25,314.0,0.8947368421052632,0.0,0.55078125,0.0010793509864015505,9.185832391312642e-07,-0.0005667209625244141,3.75,1.5426249504089355,1.1057381629943848,1.5426249504089355,1.2334372997283936,850,63.98002496804111
0.0052911220118403435,0.0052911220118403435,0.0014519642281811684,0.0014519642281811684,0.006743086240021512,0.5,539.0,386.5,253.0,0.8957894736842106,0.0,0.6171875,0.0015076270647114143,9.999993165095462e-07,-0.001223936676979065,4.5,1.142625093460083,1.8116430044174194,1.142625093460083,1.9135713577270508,851,183.48923047003336
0.0034962075296789408,0.0034962075296789408,0.0007440476329065859,0.0007440476329065859,0.004240255162585527,0.75,336.0,269.75,146.0,0.8968421052631579,0.0,0.78515625,0.001956264808541164,9.999972660400534e-07,-0.001177951693534851,3.0,0.8280041813850403,1.2313852310180664,0.8280041813850403,1.4371638298034668,852,162.7850705734454
0.004278074949979782,0.004278074949979782,0.00200803205370903,0.00200803205370903,0.006286107003688812,0.75,508.0,299.75,187.0,0.8978947368421053,0.0,0.62109375,0.0018155750585719943,9.999938485971278e-07,0.0002687722444534302,3.5,0.7435250282287598,1.103475570678711,0.7435250282287598,1.6846221685409546,853,165.16158329765312
0.0013537906343117356,0.0013537906343117356,0.0034246575087308884,0.0034246575087308884,0.004778448143042624,0.75,554.0,305.5,146.0,0.8989473684210526,0.0,0.703125,0.0024664755328558385,9.999890641901124e-07,-0.00011521577835083008,3.25,1.8359999656677246,0.8307089805603027,1.8359999656677246,0.9033268094062805,854,51.210529301315546
0.0,0.0,0.0021126761566847563,0.0021126761566847563,0.0021126761566847563,0.75,355.0,200.25,128.0,0.9,0.5,0.51953125,0.0013855611468898132,9.999829128320873e-07,0.0004723072052001953,2.25,0.027787506580352783,0.20730604231357574,0.027787506580352783,1.210687279701233,855,32.95190046005882
0.0016447368543595076,0.0016447368543595076,0.0012690355069935322,0.0012690355069935322,0.0029137723613530397,1.0,304.0,241.5,197.0,0.9010526315789473,0.0,0.68359375,0.0013237993116490543,9.999753945398703e-07,-0.0001401156187057495,2.5,1.4737625122070312,0.3181803822517395,1.4737625122070312,0.2722792625427246,856,42.76172482781112
0.00408153363969177,0.00408153363969177,0.0017703607445582747,0.0017703607445582747,0.005851894384250045,0.75,556.0,337.0,209.0,0.9021052631578947,0.0,0.62890625,0.0034165530232712626,9.999665093340163e-07,-0.00024506449699401855,3.25,1.0574874877929688,0.7999675869941711,1.0574874877929688,0.8811432719230652,857,53.27958857314661
0.002074688905850053,0.002074688905850053,0.0,0.0,0.002074688905850053,0.5,540.0,322.75,83.0,0.9031578947368422,0.0,1.0546875,0.03143616355373524,9.99956257238817e-07,0.0013496577739715576,3.5,0.4546375274658203,2.0041351318359375,0.4546375274658203,1.691617727279663,858,50.287434302968904
0.003677109954878688,0.003677109954878688,0.0009727626456879079,0.0009727626456879079,0.004649872600566596,0.75,488.0,350.75,257.0,0.9042105263157895,0.0,0.6796875,0.0025572772428859025,9.999446382823011e-07,0.0014098435640335083,4.0,0.3095083236694336,0.6520349383354187,0.3095083236694336,0.619852602481842,859,173.38040965306573
0.0053111553424969316,0.0053111553424969316,0.0025906735099852085,0.0025906735099852085,0.00790182885248214,0.5,449.0,283.5,193.0,0.9052631578947369,0.0,0.80078125,0.0017519695684313774,9.999316524962345e-07,-0.0009732842445373535,3.5,1.5194083452224731,1.0675426721572876,1.5194083452224731,1.2066667079925537,860,53.924520791042596
0.0046521639451384544,0.0046521639451384544,0.0007462686626240611,0.0007462686626240611,0.0053984326077625155,1.0,549.0,382.5,225.0,0.9063157894736842,0.0,0.58984375,0.001518762728665024,9.999172999161198e-07,0.0005728006362915039,4.25,2.285374879837036,0.8308858275413513,2.285374879837036,0.6860142350196838,861,61.40459140879102
0.0032327587250620127,0.0032327587250620127,0.0013227512827143073,0.0013227512827143073,0.00455551000777632,1.0,351.0,225.0,128.0,0.9073684210526316,0.0,0.77734375,0.001299157112953253,9.999015805811963e-07,0.00028258562088012695,2.0,0.8987749814987183,1.0247745513916016,0.8987749814987183,1.2920986413955688,862,39.148092846851796
0.0027268119738437235,0.0027268119738437235,0.0011955637019127607,0.0011955637019127607,0.003922375675756484,0.5,588.0,462.5,378.0,0.9084210526315789,0.0,0.6328125,0.001758513244567439,9.998844945344403e-07,0.0007679015398025513,5.0,1.880662441253662,1.1228678226470947,1.880662441253662,1.2247586250305176,863,76.29314354714006
0.002757142297923565,0.002757142297923565,0.0,0.0,0.002757142297923565,1.0,435.0,321.0,128.0,0.9094736842105263,0.0,0.70703125,0.001453565782867372,9.998660418225644e-07,0.0010052621364593506,3.5,1.126824975013733,1.6217848062515259,1.126824975013733,1.577209234237671,864,53.60826201317832
0.0012195121962577105,0.0012195121962577105,0.0,0.0,0.0012195121962577105,0.75,339.0,261.75,202.0,0.9105263157894737,0.0,0.6015625,0.0010309206845704466,9.998462224960173e-07,-0.0007349848747253418,3.25,1.2803875207901,1.0875478982925415,1.2803875207901,1.1776692867279053,865,48.83159050485119
0.0007002801285125315,0.0007002801285125315,0.0,0.0,0.0007002801285125315,1.0,357.0,185.25,128.0,0.911578947368421,0.5,0.59375,0.0034888755762949586,9.998250366089846e-07,0.0002384781837463379,1.75,-0.6673916578292847,0.4703792333602905,-0.6673916578292847,0.6652166843414307,866,34.90459202416241
0.004987706313841045,0.004987706313841045,0.0012953367549926043,0.0012953367549926043,0.006283043068833649,1.0,438.0,271.0,128.0,0.9126315789473685,0.0,0.73046875,0.001141775690484792,9.998024842193875e-07,1.3828277587890625e-05,2.75,1.1738125085830688,1.519590139389038,1.1738125085830688,1.540061593055725,867,49.67142545711249
0.00332726031774655,0.00332726031774655,0.001308900536969304,0.001308900536969304,0.004636160854715854,0.5,461.0,288.5,96.0,0.9136842105263158,0.0,0.9765625,0.0016180936072487384,9.997785653888834e-07,0.0002438575029373169,3.25,1.4862874746322632,1.9966750144958496,1.4862874746322632,1.8531560897827148,868,56.679219296900555
0.006257014814764261,0.006257014814764261,0.002233153150882572,0.002233153150882572,0.008490167965646833,0.5,529.0,389.5,198.0,0.9147368421052632,0.0,0.734375,0.0031813519744900987,9.997532801828658e-07,0.0004920214414596558,4.0,0.7366374731063843,1.5024075508117676,0.7366374731063843,2.4612491130828857,869,69.21168609894812
0.004572839708998799,0.004572839708998799,0.0,0.0,0.004572839708998799,0.75,392.0,290.0,190.0,0.9157894736842105,0.0,0.80078125,0.0014009285368956625,9.99726628670463e-07,0.0012279599905014038,3.5,2.073625087738037,1.026259422302246,2.073625087738037,0.88551265001297,870,60.80875944928266
0.005508371046744287,0.005508371046744287,0.007109374972060323,0.007109374972060323,0.01261774601880461,1.0,400.0,267.75,128.0,0.9168421052631579,0.0,0.8828125,0.003724788868566975,9.996986109245394e-07,-0.0006415992975234985,2.75,0.2761083245277405,0.6859878301620483,0.2761083245277405,1.26237952709198,871,48.94747580494732
0.0049019609577953815,0.0049019609577953815,0.0,0.0,0.0049019609577953815,0.75,208.0,167.0,128.0,0.9178947368421052,0.5,0.62109375,0.001999709813389927,9.996692270216946e-07,-0.00017058961384464055,1.5,0.12401247024536133,0.07118801027536392,0.12401247024536133,1.3004982471466064,872,27.129882369888946
0.005331778898835182,0.005331778898835182,0.0025125627871602774,0.0025125627871602774,0.00784434168599546,1.0,377.0,238.0,128.0,0.9189473684210526,0.0,0.77734375,0.0016600011149421334,9.996384770422628e-07,-0.00034268200397491455,2.5,0.5949083566665649,0.7359685301780701,0.5949083566665649,1.1652499437332153,873,38.818574115633965
0.0,0.0,0.0,0.0,0.0,1.0,317.0,191.0,128.0,0.92,0.5,0.435546875,0.0011676244612317532,9.996063610703135e-07,0.00020566582679748535,1.75,-0.19436249136924744,0.5216150283813477,-0.19436249136924744,1.1082322597503662,874,30.983758012065664
0.00862683221930638,0.00862683221930638,0.0,0.0,0.00862683221930638,0.75,614.0,331.75,128.0,0.9210526315789473,0.0,0.85546875,0.002375864365603775,9.995728791936505e-07,0.001084059476852417,3.25,0.2248125672340393,1.4498341083526611,0.2248125672340393,2.7280054092407227,875,167.05957567016594
0.00174630933906883,0.00174630933906883,0.0,0.0,0.00174630933906883,0.5,417.0,239.0,128.0,0.9221052631578948,0.0,0.73046875,0.0032321629842044786,9.995380315038117e-07,0.001086115837097168,2.5,1.1743249893188477,1.4144611358642578,1.1743249893188477,1.5176814794540405,876,44.451408138033
0.0010845987126231194,0.0010845987126231194,0.00390625,0.00390625,0.004990848712623119,0.75,461.0,211.25,128.0,0.9231578947368421,0.5,0.59765625,0.0018124551279470325,9.9950181809607e-07,0.001106366515159607,2.25,-0.8166666626930237,0.2592724859714508,-0.8166666626930237,0.36666667461395264,877,32.80710948794149
0.005427072290331125,0.005427072290331125,0.001207729452289641,0.001207729452289641,0.006634801742620766,0.25,414.0,249.5,128.0,0.9242105263157895,0.0,0.80078125,0.002314792393008247,9.994642390694308e-07,0.0008473694324493408,3.25,-0.2633000314235687,2.527376651763916,-0.2633000314235687,2.1817705631256104,878,281.41666017798707
0.0008928571478463709,0.0008928571478463709,0.0016447368543595076,0.0016447368543595076,0.0025375940022058785,1.0,304.0,210.0,128.0,0.9252631578947368,0.5,0.392578125,0.0014565558230970055,9.99425294526634e-07,0.000589519739151001,2.0,-0.11966249346733093,0.6634959578514099,-0.11966249346733093,1.2729079723358154,879,33.74319405318238
0.0024396058288402855,0.0024396058288402855,0.0021276595070958138,0.0021276595070958138,0.004567265335936099,0.5,484.0,294.75,200.0,0.9263157894736842,0.0,0.5390625,0.0011988808400928974,9.993849845741523e-07,0.0006549060344696045,3.75,1.9617375135421753,0.5129175782203674,1.9617375135421753,0.755893886089325,880,54.57139411359094
0.003342935407999903,0.003342935407999903,0.0,0.0,0.003342935407999903,1.0,303.0,244.5,196.0,0.9273684210526316,0.0,0.625,0.0013483184156939387,9.993433093221918e-07,-0.0002479851245880127,2.5,1.0178625583648682,0.7161047458648682,1.0178625583648682,0.9502279162406921,881,41.363874718081206
0.0031847134232521057,0.0031847134232521057,0.00239095336291939,0.00239095336291939,0.005575666786171496,0.25,571.0,322.5,128.0,0.9284210526315789,0.0,0.82421875,0.003759414656087756,9.993002688846912e-07,0.0004356801509857178,3.75,-0.7069125175476074,1.7579911947250366,-0.7069125175476074,1.8878370523452759,882,56.97966084512882
0.006405895808711648,0.006405895808711648,0.0006868132040835917,0.0006868132040835917,0.00709270901279524,0.25,364.0,243.0,90.0,0.9294736842105263,0.0,1.0,0.004739842290291563,9.99255863379321e-07,-0.0005417913198471069,2.5,-0.01844167709350586,0.5195349454879761,-0.01844167709350586,1.3358629941940308,883,162.13145513902418
0.0,0.0,0.0006082725012674928,0.0006082725012674928,0.0006082725012674928,1.0,411.0,274.0,187.0,0.9305263157894736,0.0,0.7421875,0.0011544471053639427,9.992100929274846e-07,-6.9141387939453125e-06,2.75,1.2443208694458008,0.3945361375808716,1.2443208694458008,0.47156834602355957,884,56.81245242012665
0.004737827810458839,0.004737827810458839,0.007682084105908871,0.007682084105908871,0.01241991191636771,0.25,190.0,154.25,99.0,0.9315789473684211,0.0,1.140625,0.002608416718430817,9.991629576543163e-07,-0.0013243705034255981,1.75,0.7113000154495239,0.9007480144500732,0.7113000154495239,1.1447354555130005,885,28.27588990353979
0.0011737089371308684,0.0011737089371308684,0.0004990019951947033,0.0004990019951947033,0.0016727109323255718,0.75,501.0,383.0,213.0,0.9326315789473684,0.0,0.5703125,0.0021576550789177418,9.991144576886822e-07,0.0011719614267349243,4.0,0.72614586353302,1.2339779138565063,0.72614586353302,1.1149022579193115,886,64.60745731391944
0.002577319508418441,0.002577319508418441,0.0032051282469183207,0.0032051282469183207,0.0057824477553367615,0.5,194.0,123.75,78.0,0.9336842105263158,0.5,1.046875,0.002762963471468538,9.990645931631795e-07,0.0013912320137023926,1.25,-0.41321250796318054,0.8298428058624268,-0.41321250796318054,1.1735749244689941,887,23.078587582800537
0.0023499284870922565,0.0023499284870922565,0.0004562043759506196,0.0004562043759506196,0.002806132863042876,0.75,565.0,422.0,86.0,0.9347368421052632,0.0,0.734375,0.005701919581042603,9.990133642141357e-07,-0.0005230903625488281,4.25,-1.4939749240875244,0.22065269947052002,-1.4939749240875244,0.8374196887016296,888,187.39780914084986
0.0011484526039566845,0.0011484526039566845,0.0008196721319109201,0.0008196721319109201,0.0019681247358676046,0.5,517.0,368.75,277.0,0.9357894736842105,0.0,0.58203125,0.002359742866246961,9.98960770981609e-07,-0.00018358230590820312,4.5,1.8429999351501465,1.494823694229126,1.8429999351501465,1.4304307699203491,889,66.19350935262628
0.008033608552068472,0.008033608552068472,0.00242585560772568,0.00242585560772568,0.010459464159794152,0.75,526.0,332.0,128.0,0.9368421052631579,0.0,0.6484375,0.0013861222105333582,9.989068136093872e-07,-0.0016413629055023193,3.5,-0.3946375250816345,1.6876693964004517,-0.3946375250816345,2.0452561378479004,890,182.12256585690193
0.002188893733546138,0.002188893733546138,0.00390625,0.00390625,0.006095143733546138,0.75,291.0,183.75,128.0,0.9378947368421052,0.0,0.8203125,0.0022544970270246267,9.988514922449879e-07,-0.00017924606800079346,1.75,0.2614249885082245,1.7839243412017822,0.2614249885082245,1.463508129119873,891,31.697931717848405
0.003645833465270698,0.003645833465270698,0.001953125,0.001953125,0.005598958465270698,1.0,240.0,172.0,128.0,0.9389473684210526,0.0,1.546875,0.0023241862072609365,9.98794807039657e-07,0.0007884353399276733,1.75,0.2620375156402588,1.7847905158996582,0.2620375156402588,1.464281678199768,892,32.40219507087022
0.001336898421868682,0.001336898421868682,0.00048638132284395397,0.00048638132284395397,0.0018232797447126359,0.75,514.0,387.5,321.0,0.94,0.0,0.546875,0.0018060792936012149,9.987367581483703e-07,0.0003192126750946045,4.0,0.2594708204269409,1.0684324502944946,0.2594708204269409,1.7025336027145386,893,189.00111765949987
0.0017834596219472587,0.0017834596219472587,0.0011848341673612595,0.0011848341673612595,0.002968293789308518,0.75,480.0,319.75,192.0,0.9410526315789474,0.0,0.69140625,0.0013591318565886468,9.98677345729831e-07,0.0001626908779144287,3.5,2.0238375663757324,0.9550361037254333,2.0238375663757324,0.8062339425086975,894,63.47940978477709
0.0012224939418956637,0.0012224939418956637,0.0007042253273539245,0.0007042253273539245,0.0019267192692495883,0.5,409.0,257.75,80.0,0.9421052631578948,0.0,1.328125,0.003608095270465128,9.986165699464705e-07,0.00215284526348114,3.0,0.006266683340072632,1.6598036289215088,0.006266683340072632,1.3690227270126343,895,169.4252625410445
0.0029410244897007942,0.0029410244897007942,0.0,0.0,0.0029410244897007942,0.5,444.0,284.5,182.0,0.9431578947368421,0.0,0.734375,0.0029227751365397125,9.985544309644473e-07,0.0014400333166122437,3.25,0.5613250732421875,1.4669990539550781,0.5613250732421875,1.9129562377929688,896,46.0744069237262
0.006677613710053265,0.006677613710053265,0.0014367816038429737,0.0014367816038429737,0.008114395313896239,0.75,261.0,193.25,128.0,0.9442105263157895,0.0,1.2890625,0.001936084037879482,9.984909289536473e-07,-0.0004516690969467163,2.0,0.8612124919891357,0.9717237949371338,0.8612124919891357,1.2551144361495972,897,33.89474702067673
0.0035659479908645153,0.0035659479908645153,0.0029761905316263437,0.0029761905316263437,0.006542138522490859,0.5,313.0,194.75,84.0,0.9452631578947368,0.0,1.3046875,0.009317541640484706,9.98426064087682e-07,0.0008637905120849609,2.0,-0.5635625123977661,0.6172158718109131,-0.5635625123977661,0.5039549469947815,898,36.07664642506279
0.0005186722264625132,0.0005186722264625132,0.0008960573468357325,0.0008960573468357325,0.0014147295732982457,0.5,482.0,330.75,189.0,0.9463157894736842,0.0,0.59375,0.0011786228569690138,9.9835983654389e-07,0.0002071857452392578,4.25,1.3324750661849976,1.0204964876174927,1.3324750661849976,1.2617353200912476,899,183.87194396089762
0.0020491802133619785,0.0020491802133619785,0.0007898894255049527,0.0007898894255049527,0.002839069638866931,1.0,633.0,313.75,128.0,0.9473684210526315,0.5,0.322265625,0.0012295246415305883,9.982922465033348e-07,0.00039394423947669566,3.0,0.5016875267028809,0.17311738431453705,0.5016875267028809,1.7454837560653687,900,47.87318397499621
0.007178503321483731,0.007178503321483731,0.0006596306338906288,0.0006596306338906288,0.00783813395537436,1.0,431.0,349.75,251.0,0.9484210526315789,0.0,0.55078125,0.001225165295181796,9.98223294150805e-07,-0.0004283338785171509,3.5,1.2148916721343994,0.38912084698677063,1.2148916721343994,0.9079020023345947,901,59.26829796517268
0.0019379844889044762,0.0019379844889044762,0.0024124294286593795,0.0024124294286593795,0.004350413917563856,0.5,394.0,346.25,250.0,0.9494736842105264,0.0,0.66015625,0.0027645791706163436,9.981529796748134e-07,-0.0008266568183898926,4.0,2.2988624572753906,0.5660213232040405,2.2988624572753906,0.5908700227737427,902,71.60669979290105
0.005397216998971999,0.005397216998971999,0.0,0.0,0.005397216998971999,1.0,427.0,261.5,201.0,0.9505263157894737,0.0,0.875,0.0017845308757387102,9.980813032675973e-07,0.0021111518144607544,2.5,1.5860750675201416,0.4416942596435547,1.5860750675201416,0.5790677070617676,903,46.78946894290857
0.004066399415023625,0.004066399415023625,0.0,0.0,0.004066399415023625,0.75,204.0,173.0,128.0,0.9515789473684211,0.0,1.5234375,0.0025857476866804063,9.980082651251174e-07,0.0028109103441238403,1.75,0.7614124417304993,0.8306559920310974,0.7614124417304993,1.1742750406265259,904,32.96510823722929
0.003943558433093131,0.003943558433093131,0.007042253389954567,0.007042253389954567,0.010985811823047698,0.75,374.0,215.75,71.0,0.9526315789473684,0.0,0.80078125,0.03726169353467412,9.979338654470567e-07,0.000960126519203186,2.25,0.9990625381469727,1.2719613313674927,0.9990625381469727,1.4444348812103271,905,42.310628592269495
0.002006830007303506,0.002006830007303506,0.0023593305377289653,0.0023593305377289653,0.004366160545032471,0.5,475.0,290.25,208.0,0.9536842105263158,0.0,0.7265625,0.00198407907737419,9.978581044368217e-07,0.0006752610206604004,3.5,2.02317476272583,0.9543113112449646,2.02317476272583,0.8166701793670654,906,56.819987293099985
0.003968474920839071,0.003968474920839071,0.006309132149908692,0.006309132149908692,0.010277607070747763,0.75,520.0,271.5,187.0,0.9547368421052631,0.0,0.71484375,0.0019167239515809342,9.9778098230154e-07,0.0005035996437072754,3.0,0.48649996519088745,1.113657832145691,0.48649996519088745,1.6258708238601685,907,57.03401598497294
0.00214595248689875,0.00214595248689875,0.0012195121962577105,0.0012195121962577105,0.0033654646831564605,0.5,467.0,370.0,205.0,0.9557894736842105,0.0,0.6875,0.001527309010270983,9.977024992520601e-07,-0.0005430430173873901,4.25,2.236562490463257,0.5128468871116638,2.236562490463257,0.6118041276931763,908,67.80305400514044
0.0033003301359713078,0.0033003301359713078,0.0,0.0,0.0033003301359713078,1.0,303.0,212.0,128.0,0.9568421052631579,0.5,0.455078125,0.0024460750282742083,9.976226555029522e-07,-0.001302972435951233,2.0,-0.11957499384880066,0.662947952747345,-0.11957499384880066,1.2726079225540161,909,35.788360136561096
0.0072712532710283995,0.0072712532710283995,0.0025252525229007006,0.0025252525229007006,0.0097965057939291,0.75,346.0,205.25,72.0,0.9578947368421052,0.0,1.21875,0.005395973130362108,9.975414512725056e-07,-0.0007616877555847168,2.25,0.936674952507019,1.0778074264526367,0.936674952507019,1.3326269388198853,910,46.69815241312608
0.002230391837656498,0.002230391837656498,0.004651162773370743,0.004651162773370743,0.006881554611027241,0.75,539.0,334.25,215.0,0.9589473684210527,0.0,0.84765625,0.002105233957991004,9.9745888678273e-07,0.0003640204668045044,3.75,2.0734751224517822,0.8838127851486206,2.0734751224517822,0.8351967334747314,911,58.991944742854685
0.004651698982343078,0.004651698982343078,0.004430379834957421,0.004430379834957421,0.009082078817300498,0.25,395.0,345.75,237.0,0.96,0.0,0.75390625,0.001412012818036601,9.973749622593532e-07,-0.00042185187339782715,4.5,1.896929144859314,0.9932669401168823,1.896929144859314,0.8119097352027893,912,61.52362013189122
0.0023041474632918835,0.0023041474632918835,0.0074308940675109625,0.0074308940675109625,0.009735041530802846,0.75,375.0,207.0,41.0,0.9610526315789474,0.0,2.453125,0.004429600376170129,9.97289677931822e-07,-0.00019825994968414307,2.25,0.569683313369751,1.1010948419570923,0.569683313369751,1.1070188283920288,913,39.425566678866744
0.0,0.0,0.00044802867341786623,0.00044802867341786623,0.00044802867341786623,0.5,558.0,301.5,195.0,0.9621052631578947,0.0,0.48046875,0.0015264172834577039,9.972030340333e-07,0.00028298795223236084,3.5,0.3074333071708679,0.7538229823112488,0.3074333071708679,1.4844954013824463,914,173.63470005895942
0.0,0.0,0.0012787723680958152,0.0012787723680958152,0.0012787723680958152,1.0,391.0,241.0,187.0,0.9631578947368421,0.0,0.6640625,0.0015510091907344759,9.971150308006687e-07,0.0017065107822418213,2.5,1.0687333345413208,0.3951902389526367,1.0687333345413208,0.5584334135055542,915,43.62691166019067
0.005312546389177442,0.005312546389177442,0.0027772511821240187,0.0027772511821240187,0.00808979757130146,0.75,513.0,352.0,223.0,0.9642105263157895,0.0,0.68359375,0.0026684196200221777,9.970256684745255e-07,0.0003194659948348999,3.5,1.5944833755493164,0.9256618022918701,1.5944833755493164,1.1061902046203613,916,67.85117609426379
0.0035920054651796818,0.0035920054651796818,0.0033940471475943923,0.0033940471475943923,0.006986052612774074,0.75,573.0,316.75,128.0,0.9652631578947368,0.0,0.87109375,0.0017203201277879998,9.969349472991836e-07,-0.00012655556201934814,3.25,0.5781041383743286,2.5040359497070312,0.5781041383743286,2.207277297973633,917,53.969429415883496
0.0055704202968627214,0.0055704202968627214,0.0019881651969626546,0.0019881651969626546,0.007558585493825376,0.25,554.0,427.0,311.0,0.9663157894736842,0.0,0.6875,0.001687749390839599,9.968428675226713e-07,0.0005795806646347046,4.5,0.7864124774932861,2.49292254447937,0.7864124774932861,2.202434778213501,918,191.51385167962871
0.001829291577450931,0.001829291577450931,0.0028453166014514863,0.0028453166014514863,0.004674608178902417,0.5,446.0,353.75,227.0,0.9673684210526315,0.0,0.60546875,0.0013057733594905585,9.96749429396731e-07,0.0015461593866348267,4.0,1.7317333221435547,0.8368138074874878,1.7317333221435547,0.8515615463256836,919,58.43032290181145
0.0024553571711294353,0.0024553571711294353,0.0,0.0,0.0024553571711294353,0.25,448.0,261.75,126.0,0.968421052631579,0.0,1.0703125,0.0027012479258701205,9.966546331768192e-07,4.495680332183838e-05,3.0,1.149549961090088,1.5203149318695068,1.149549961090088,1.5431272983551025,920,43.69306731503457
0.002330737537704408,0.002330737537704408,0.0005910165491513908,0.0005910165491513908,0.002921754086855799,0.75,423.0,264.75,201.0,0.9694736842105263,0.0,0.6171875,0.0014103572902968153,9.965584791221046e-07,-1.2099742889404297e-05,2.75,1.1270124912261963,0.20773030817508698,1.1270124912261963,0.25373557209968567,921,46.65594421583228
0.0012820513220503926,0.0012820513220503926,0.0,0.0,0.0012820513220503926,0.75,267.0,163.5,64.0,0.9705263157894737,0.5,0.5390625,0.0040941038460005075,9.964609674954695e-07,0.0004529171856120229,1.75,-0.19443750381469727,0.5212968587875366,-0.19443750381469727,1.1079598665237427,922,31.68396007968113
0.001953553350176662,0.001953553350176662,0.002400603611022234,0.002400603611022234,0.004354156961198896,0.75,376.0,247.5,191.0,0.9715789473684211,0.0,0.74609375,0.002249785582534969,9.963620985635063e-07,0.0002555549144744873,3.0,1.7111624479293823,0.12415024638175964,1.7111624479293823,0.4426470994949341,923,46.66588868224062
0.006467129220254719,0.006467129220254719,0.0011737089371308684,0.0011737089371308684,0.007640838157385588,0.75,213.0,182.75,124.0,0.9726315789473684,0.0,0.828125,0.0017706149083096534,9.962618725965194e-07,-0.0006537139415740967,1.75,0.7613499164581299,0.8304968476295471,0.7613499164581299,1.174233317375183,924,32.65111594367772
0.0034956266172230244,0.0034956266172230244,0.009190343203954399,0.009190343203954399,0.012685969821177423,0.0,490.0,273.0,153.0,0.9736842105263158,0.0,1.5,0.003425609349505976,9.961602898685223e-07,0.002545759081840515,3.75,0.8054124712944031,1.5112816095352173,0.8054124712944031,1.8096935749053955,925,178.0209471071139
0.00294057052815333,0.00294057052815333,0.0032484617549926043,0.0032484617549926043,0.006189032283145934,0.75,368.0,241.5,128.0,0.9747368421052631,0.0,0.78515625,0.003700048924656585,9.960573506572389e-07,0.0011684149503707886,3.0,0.859416663646698,0.969502329826355,0.859416663646698,1.2493773698806763,926,45.05802004202269
0.001243781065568328,0.001243781065568328,0.0008143322193063796,0.0008143322193063796,0.0020581132848747075,0.5,614.0,353.5,195.0,0.9757894736842105,0.5,0.42578125,0.0024423805298283696,9.959530552441004e-07,0.0006166185485199094,3.5,1.6963915824890137,0.28540006279945374,1.6963915824890137,0.5204851627349854,927,64.48904951894656
0.001308900536969304,0.001308900536969304,0.0013586956774815917,0.0013586956774815917,0.002667596214450896,0.5,330.0,215.5,157.0,0.9768421052631578,0.0,0.765625,0.003321652897284366,9.958474039142469e-07,0.0003491640090942383,2.5,1.0693209171295166,0.2891065180301666,1.0693209171295166,0.365075945854187,928,37.8940557599999
0.0019777705310843885,0.0019777705310843885,0.0013513513840734959,0.0013513513840734959,0.0033291219151578844,1.0,399.0,284.25,185.0,0.9778947368421053,0.0,0.87890625,0.0013122052187100053,9.95740396956525e-07,-0.0004912018775939941,3.0,1.7983750104904175,0.6365728378295898,1.7983750104904175,0.5449687242507935,929,53.09172144392505
0.00541338580660522,0.00541338580660522,0.0009671180159784853,0.0009671180159784853,0.006380503822583705,0.25,517.0,380.0,241.0,0.9789473684210527,0.0,0.484375,0.0016749435453675687,9.956320346634875e-07,0.0011363029479980469,4.0,1.7598042488098145,0.692428469657898,1.7598042488098145,0.9297516942024231,930,72.12449002941139
0.0026041667442768812,0.0026041667442768812,0.0029904694529250264,0.0029904694529250264,0.005594636197201908,1.0,241.0,172.25,128.0,0.98,0.0,0.984375,0.0021373589406721294,9.95522317331393e-07,0.0007296949625015259,1.5,-0.4505000114440918,0.8834945559501648,-0.4505000114440918,1.2013951539993286,931,148.53275555279106
0.0022831049282103777,0.0022831049282103777,0.0007102272938936949,0.0007102272938936949,0.0029933322221040726,0.5,352.0,246.5,190.0,0.9810526315789474,0.0,0.7734375,0.0019169763545505702,9.954112452602043e-07,0.000836491584777832,2.75,1.2819207906723022,0.48260629177093506,1.2819207906723022,0.5632022023200989,932,43.983420660952106
0.0,0.0,0.0,0.0,0.0,0.75,128.0,119.0,92.0,0.9821052631578947,1.0,0.062255859375,0.004921203289995901,9.952988187535885e-07,0.00019684810831677169,1.0,-1.0,0.0,-1.0,0.0,933,20.204659962793812
0.005351681727916002,0.005351681727916002,0.0018119747983291745,0.0018119747983291745,0.007163656526245177,0.25,327.0,277.0,229.0,0.9831578947368421,0.0,0.85546875,0.0038834793522255495,9.95185038118915e-07,0.0017842650413513184,3.0,0.7738374471664429,1.308129906654358,0.7738374471664429,1.1058846712112427,934,58.83986639720388
0.00540007883682847,0.00540007883682847,0.0038570065516978502,0.0038570065516978502,0.00925708538852632,0.75,554.0,345.25,177.0,0.9842105263157894,0.0,0.6015625,0.003396080428501591,9.95069903667256e-07,0.0004509538412094116,4.0,0.8691750168800354,0.9258148670196533,0.8691750168800354,0.9813541173934937,935,61.082667611772195
0.0,0.0,0.0,0.0,0.0,1.0,472.0,264.0,192.0,0.9852631578947368,0.5,0.57421875,0.0019128576095681638,9.949534157133844e-07,0.0003837794065475464,2.75,1.6860624551773071,0.5836989283561707,1.6860624551773071,0.7788223028182983,936,53.90640472387895
0.0023122436832636595,0.0023122436832636595,0.001953125,0.001953125,0.0042653686832636595,0.75,448.0,214.25,72.0,0.9863157894736843,0.0,1.109375,0.036285805428633466,9.948355745757739e-07,0.004590615630149841,2.5,0.6234999895095825,2.295975685119629,0.6234999895095825,2.0137319564819336,937,42.483740537194535
0.0022815190604887903,0.0022815190604887903,0.0006596306338906288,0.0006596306338906288,0.002941149694379419,1.0,532.0,349.25,210.0,0.9873684210526316,0.0,0.5703125,0.0020518776000244543,9.947163805765979e-07,0.0003180652856826782,3.5,1.4063208103179932,0.7649893760681152,1.4063208103179932,0.7661812901496887,938,61.992709586862475
0.0025050099939107895,0.0025050099939107895,0.0014378997730091214,0.0014378997730091214,0.003942909766919911,0.25,513.0,398.25,263.0,0.988421052631579,0.0,0.7265625,0.0018150622199755162,9.945958340417281e-07,0.0003753453493118286,5.0,1.6242916584014893,0.3824622929096222,1.6242916584014893,0.5876697897911072,939,67.7535771781113
0.0018450184725224972,0.0018450184725224972,0.0,0.0,0.0018450184725224972,0.75,542.0,321.0,128.0,0.9894736842105263,0.0,0.80078125,0.0026118951063835993,9.944739353007341e-07,-9.000301361083984e-05,3.5,-0.22745835781097412,1.1289548873901367,-0.22745835781097412,2.50054931640625,940,531.8089723610319
0.0061690788716077805,0.0061690788716077805,0.009171296376734972,0.009171296376734972,0.015340375248342752,0.75,437.0,266.0,73.0,0.9905263157894737,0.0,1.140625,0.03648361633531749,9.943506846868825e-07,0.0001443326473236084,2.75,1.1109249591827393,0.9362093210220337,1.1109249591827393,1.4505091905593872,941,49.51060160319321
0.004257663851603866,0.004257663851603866,0.003246753243729472,0.003246753243729472,0.007504417095333338,0.0,483.0,223.75,77.0,0.991578947368421,0.0,1.078125,0.006358727143378928,9.942260825371357e-07,0.0005846917629241943,2.75,0.7616750001907349,2.491384744644165,0.7616750001907349,2.0973689556121826,942,49.43525361083448
0.003960523055866361,0.003960523055866361,0.0008445946150459349,0.0008445946150459349,0.004805117670912296,0.75,296.0,234.75,128.0,0.9926315789473684,0.0,0.9140625,0.0039683543727733195,9.941001291921512e-07,0.0010527223348617554,2.25,-0.10108749568462372,0.8304792046546936,-0.10108749568462372,1.0101103782653809,943,39.96241231402382
0.0012254902394488454,0.0012254902394488454,0.0013020833721384406,0.0013020833721384406,0.002527573611587286,0.75,410.0,306.0,192.0,0.9936842105263158,0.0,0.7734375,0.002346793742617592,9.939728249962806e-07,-0.0004479438066482544,3.5,1.873462438583374,0.7420909404754639,1.873462438583374,0.6182498931884766,944,54.47084412095137
0.003194579854607582,0.003194579854607582,0.0020491802133619785,0.0020491802133619785,0.005243760067969561,0.5,293.0,193.0,122.0,0.9947368421052631,0.0,0.90234375,0.0021174410794628784,9.938441702975689e-07,0.000313490629196167,2.5,1.57402503490448,0.31876373291015625,1.57402503490448,0.2727580964565277,945,40.08713818783872
0.008122086292132735,0.008122086292132735,0.0011848341673612595,0.0011848341673612595,0.009306920459493995,0.5,429.0,252.0,128.0,0.9957894736842106,0.0,0.90625,0.0032041729136835784,9.937141654477528e-07,0.0010610967874526978,3.0,1.2366125583648682,1.5031499862670898,1.2366125583648682,1.5911191701889038,946,48.83609451772645
0.0028363713063299656,0.0028363713063299656,0.0018518518190830946,0.0018518518190830946,0.00468822312541306,1.0,367.0,294.25,232.0,0.9968421052631579,0.0,0.71875,0.0020045886049047112,9.93582810802261e-07,0.00024919211864471436,3.0,1.2415499687194824,0.6805194616317749,1.2415499687194824,0.9938313364982605,947,59.60010566818528
0.0026041667442768812,0.0026041667442768812,0.001953125,0.001953125,0.004557291744276881,1.0,192.0,144.0,128.0,0.9978947368421053,0.5,0.875,0.002782499563181773,9.934501067202117e-07,-0.000627174973487854,1.25,-0.41292500495910645,0.8302494287490845,-0.41292500495910645,1.174149990081787,948,29.09771082107909
0.0025445292703807354,0.0025445292703807354,0.002617801073938608,0.002617801073938608,0.005162330344319344,0.5,393.0,304.75,191.0,0.9989473684210526,0.0,0.73046875,0.001635677384911105,9.93316053564413e-07,0.0014271736145019531,3.75,2.060837507247925,0.7604049444198608,2.060837507247925,0.6985397934913635,949,58.684263322968036
0.0026881720405071974,0.0026881720405071974,0.0008680555620230734,0.0008680555620230734,0.003556227602530271,0.75,288.0,212.0,186.0,1.0,0.0,0.4921875,0.001451015705242753,9.931806517013612e-07,0.0003120601177215576,2.5,0.5281291007995605,1.0193592309951782,0.5281291007995605,1.378076195716858,950,37.999953096034005
0.001429891912266612,0.001429891912266612,0.00458119495306164,0.00458119495306164,0.006011086865328252,0.5,571.0,294.0,149.0,1.0010526315789474,0.0,0.76171875,0.006967641762457788,9.930439015012395e-07,-5.888938903808594e-05,3.25,1.488124966621399,0.19717669486999512,1.488124966621399,0.17064814269542694,951,50.146679187892005
0.0030525241745635867,0.0030525241745635867,0.001033057807944715,0.001033057807944715,0.004085581982508302,0.75,568.0,360.0,197.0,1.0021052631578948,0.0,0.65234375,0.0017185584001708776,9.929058033379181e-07,-0.0009001642465591431,3.75,1.3041499853134155,0.07831204682588577,1.3041499853134155,0.19206194579601288,952,58.245630369056016
0.003448275849223137,0.003448275849223137,0.0014477193471975625,0.0014477193471975625,0.004895995196420699,0.5,476.0,269.5,145.0,1.003157894736842,0.0,0.6640625,0.008176274015568197,9.92766357588952e-07,0.0007829815149307251,3.25,0.9283541440963745,0.489347368478775,0.9283541440963745,0.7401111125946045,953,47.11391753796488
0.0034645504783838987,0.0034645504783838987,0.00390625,0.00390625,0.007370800478383899,1.0,292.0,225.0,128.0,1.0042105263157894,0.0,0.859375,0.0022696989763062447,9.926255646355803e-07,-0.0016796886920928955,2.25,0.44263747334480286,0.38001683354377747,0.44263747334480286,1.2901884317398071,954,41.82981654256582
0.004112018446903676,0.004112018446903676,0.0026261373423039913,0.0026261373423039913,0.006738155789207667,0.75,308.0,248.0,186.0,1.0052631578947369,0.0,0.79296875,0.0034263879351783544,9.924834248627258e-07,0.0012589693069458008,2.75,1.5729749202728271,0.4243701696395874,1.5729749202728271,0.3800736963748932,955,45.71748869679868
0.002452112967148423,0.002452112967148423,0.00137528486084193,0.00137528486084193,0.003827397827990353,0.25,413.0,383.75,346.0,1.0063157894736843,0.0,0.6640625,0.003029897517990321,9.923399386589932e-07,-0.0004832744598388672,4.75,1.8821332454681396,0.7308891415596008,1.8821332454681396,1.072090983390808,956,72.62464020494372
0.001325088320299983,0.001325088320299983,0.0,0.0,0.001325088320299983,1.0,566.0,237.5,128.0,1.0073684210526315,0.5,0.65234375,0.0013922458747401834,9.921951064166683e-07,-0.0001316666603088379,2.25,0.037100017070770264,1.4666810035705566,0.037100017070770264,2.07420015335083,957,39.769199075875804
0.0024937656708061695,0.0024937656708061695,0.0,0.0,0.0024937656708061695,1.0,401.0,229.0,128.0,1.0084210526315789,0.0,0.8359375,0.004170780535787344,9.92048928531717e-07,0.001606866717338562,2.25,1.0360374450683594,1.2189991474151611,1.0360374450683594,1.4529088735580444,958,43.9963165440131
0.003908778831828386,0.003908778831828386,0.0038321096217259765,0.0038321096217259765,0.007740888453554362,0.25,523.0,390.5,254.0,1.0094736842105263,0.0,0.50390625,0.0014209834625944495,9.919014054037835e-07,-0.001250937581062317,5.0,1.59110426902771,1.1376700401306152,1.59110426902771,1.5174134969711304,959,66.06025852495804
0.0,0.0,0.0,0.0,0.0,0.75,187.0,142.75,128.0,1.0105263157894737,0.5,0.69140625,0.0018305958074051887,9.917525374361911e-07,-0.000704480626154691,1.25,-0.41286250948905945,0.8303377628326416,-0.41286250948905945,1.1742749214172363,960,24.564073148183525
0.002801213529892266,0.002801213529892266,0.001336898421868682,0.001336898421868682,0.004138111951760948,0.25,464.0,293.25,100.0,1.0115789473684211,0.0,1.203125,0.0024077778216451406,9.916023250359388e-07,0.0031051933765411377,3.5,1.2277250289916992,1.206394910812378,1.2277250289916992,1.6711989641189575,961,54.73299518995918
0.0013227512827143073,0.0013227512827143073,0.0034722222480922937,0.0034722222480922937,0.004794973530806601,0.75,318.0,196.75,72.0,1.0126315789473683,0.0,0.92578125,0.03212951676687226,9.914507686137017e-07,-0.0005234479904174805,2.0,0.8490249514579773,1.0961923599243164,0.8490249514579773,1.272972583770752,962,37.19180075917393
0.0026268615620210767,0.0026268615620210767,0.0,0.0,0.0026268615620210767,0.75,216.0,181.25,128.0,1.0136842105263157,0.0,1.015625,0.0025348385679535568,9.912978685838294e-07,0.0007255226373672485,1.75,0.7235999703407288,0.777640700340271,0.7235999703407288,1.1512374877929688,963,30.144170313840732
0.004671639995649457,0.004671639995649457,0.001953125,0.001953125,0.006624764995649457,1.0,314.0,197.25,128.0,1.0147368421052632,0.0,0.875,0.0015951791137922555,9.911436253643443e-07,-0.00012415647506713867,2.0,0.34902501106262207,1.9078094959259033,0.34902501106262207,1.5837312936782837,964,32.053654483985156
0.0031839071307331324,0.0031839071307331324,0.0019259715336374938,0.0019259715336374938,0.005109878664370626,0.25,393.0,288.0,196.0,1.0157894736842106,0.0,0.82421875,0.00540267868200317,9.909880393769418e-07,0.0016194581985473633,3.75,1.5818583965301514,0.9084436297416687,1.5818583965301514,0.9193671345710754,965,62.414054539753124
0.0031270572217181325,0.0031270572217181325,0.000803858507424593,0.000803858507424593,0.0039309157291427255,0.75,686.0,409.25,206.0,1.016842105263158,0.0,0.6171875,0.0022292571666184813,9.90831111046988e-07,0.0008840858936309814,4.25,1.9891375303268433,0.5164885520935059,1.9891375303268433,0.6818288564682007,966,68.42410404421389
0.002215775952208787,0.002215775952208787,0.0,0.0,0.002215775952208787,0.5,442.0,272.0,159.0,1.0178947368421052,0.0,0.7734375,0.004080456681549549,9.906728408035188e-07,0.00042398273944854736,3.5,1.874287486076355,0.8844668865203857,1.874287486076355,0.7313488721847534,967,45.85140979196876
0.0011520737316459417,0.0011520737316459417,0.0027372261974960566,0.0027372261974960566,0.0038892999291419983,1.0,434.0,324.75,191.0,1.0189473684210526,0.0,0.67578125,0.0033105735783465207,9.905132290792392e-07,0.00045071542263031006,3.75,1.898550033569336,0.6720696687698364,1.898550033569336,0.5524662137031555,968,56.24435157608241
0.0008635578560642898,0.0008635578560642898,0.001788908732123673,0.001788908732123673,0.0026524665881879628,0.5,579.0,367.75,128.0,1.02,0.0,0.703125,0.0024454561062157154,9.903522763105216e-07,-0.00010123848915100098,3.75,-0.002645820379257202,1.9761571884155273,-0.002645820379257202,1.6466940641403198,969,299.23361317580566
0.002475247485563159,0.002475247485563159,0.0,0.0,0.002475247485563159,1.0,303.0,214.75,128.0,1.0210526315789474,0.5,0.486328125,0.002276306040585041,9.901899829374047e-07,0.00011354398156981915,2.0,-0.14452499151229858,0.5922726392745972,-0.14452499151229858,1.201457142829895,970,37.4929309473373
0.0038855213206261396,0.0038855213206261396,0.0016778523568063974,0.0016778523568063974,0.005563373677432537,0.0,447.0,310.25,145.0,1.0221052631578946,0.0,0.78125,0.001753759861458093,9.900263494035922e-07,0.0009178221225738525,4.0,0.032533302903175354,1.2135838270187378,0.032533302903175354,1.0888190269470215,971,51.71432267688215
0.004807150922715664,0.004807150922715664,0.0004180601972620934,0.0004180601972620934,0.005225211119977757,0.75,598.0,373.0,128.0,1.023157894736842,0.0,0.671875,0.002050121984211728,9.89861376156452e-07,-1.2472271919250488e-05,3.5,-0.237837553024292,1.5380809307098389,-0.237837553024292,2.9371888637542725,972,302.9014696350787
0.007807108340784907,0.007807108340784907,0.004598770756274462,0.004598770756274462,0.012405879097059369,0.5,361.0,237.0,128.0,1.0242105263157895,0.0,1.0078125,0.005406809505075216,9.896950636470146e-07,-0.0010435283184051514,2.75,0.7451708316802979,1.3491655588150024,0.7451708316802979,1.3086596727371216,973,165.9381048460491
0.0024524505715817213,0.0024524505715817213,0.0005924170836806297,0.0005924170836806297,0.003044867655262351,0.5,497.0,343.0,188.0,1.0252631578947369,0.0,0.7734375,0.0014955048682168126,9.895274123299722e-07,0.0019705742597579956,4.0,1.6891499757766724,0.6146525144577026,1.6891499757766724,0.6150335073471069,974,57.312627125065774
0.002920307219028473,0.002920307219028473,0.001953125,0.001953125,0.004873432219028473,0.75,538.0,405.0,128.0,1.0263157894736843,0.0,0.671875,0.0017432666209060699,9.893584226636772e-07,-0.00016637146472930908,4.5,1.130500078201294,2.7132747173309326,1.130500078201294,2.2355620861053467,975,189.661753450986
0.0027509393403306603,0.0027509393403306603,0.0027891460340470076,0.0027891460340470076,0.005540085374377668,0.5,453.0,409.0,324.0,1.0273684210526315,0.0,0.474609375,0.0010699682461563498,9.891880951101407e-07,-0.000516355037689209,4.5,0.3345041871070862,1.2809416055679321,0.3345041871070862,1.1758792400360107,976,69.01444826321676
0.002584396628662944,0.002584396628662944,0.0018315018387511373,0.0018315018387511373,0.004415898467414081,0.75,469.0,391.0,273.0,1.028421052631579,0.0,0.478515625,0.001416576822521165,9.890164301350317e-07,0.0007739514112472534,4.5,2.3365373611450195,0.1247158944606781,2.3365373611450195,0.5529378056526184,977,73.03726405021735
0.002825836359988898,0.002825836359988898,0.0051218674052506685,0.0051218674052506685,0.007947703765239567,0.75,289.0,233.25,193.0,1.0294736842105263,0.0,0.83984375,0.0037595339526887983,9.888434282076757e-07,-0.00024114549160003662,2.75,1.6106749773025513,0.5127584934234619,1.6106749773025513,0.4309185743331909,978,45.77121529402211
0.0029926260467618704,0.0029926260467618704,0.002900094725191593,0.002900094725191593,0.0058927207719534636,0.75,528.0,316.25,128.0,1.0305263157894737,0.0,0.8359375,0.003985513205407187,9.886690898010534e-07,0.0010381489992141724,3.5,-1.2791666984558105,1.726518988609314,-1.2791666984558105,2.019505739212036,979,654.5612902131397
0.001477107551181689,0.001477107551181689,0.003272615955211222,0.003272615955211222,0.004749723506392911,0.75,563.0,403.25,192.0,1.0315789473684212,0.0,0.73046875,0.0019783500756602734,9.884934153917996e-07,0.0012706369161605835,4.25,2.2113876342773438,0.7257567048072815,2.2113876342773438,0.6659326553344727,980,69.82631943607703
0.005869062151759863,0.005869062151759863,0.0,0.0,0.005869062151759863,0.5,422.0,254.25,128.0,1.0326315789473683,0.0,0.73046875,0.0013637299707625061,9.88316405460201e-07,0.0006782561540603638,3.0,1.2865874767303467,1.5727999210357666,1.2865874767303467,1.6356226205825806,981,44.98974921996705
0.003409898199606687,0.003409898199606687,0.0006265664123930037,0.0006265664123930037,0.0040364646119996905,0.5,515.0,318.25,154.0,1.0336842105263158,0.0,0.88671875,0.0036461342533584684,9.881380604901963e-07,0.0013483762741088867,4.0,1.3036874532699585,0.06995057314634323,1.3036874532699585,0.09594711661338806,982,59.83962722844444
0.005698898807168007,0.005698898807168007,0.0014664179470855743,0.0014664179470855743,0.007165316754253581,0.5,536.0,325.0,195.0,1.0347368421052632,0.0,0.73046875,0.003302327648270875,9.879583809693736e-07,0.00016601383686065674,3.75,1.7141125202178955,0.36672326922416687,1.7141125202178955,0.6244135499000549,983,56.01603552419692
0.002215486776549369,0.002215486776549369,0.0029073234763927758,0.0029073234763927758,0.005122810252942145,1.0,465.0,288.25,128.0,1.0357894736842106,0.0,0.87109375,0.0014235044072847813,9.8777736738897e-07,-0.0011376440525054932,3.0,1.211300015449524,1.3258250951766968,1.211300015449524,1.5149760246276855,984,58.804900371003896
0.0025906735099852085,0.0025906735099852085,0.0,0.0,0.0025906735099852085,0.5,253.0,185.75,117.0,1.0368421052631578,0.0,0.99609375,0.0017897339421324432,9.8759502024387e-07,-0.00045330822467803955,2.0,1.248687505722046,0.1413683295249939,1.248687505722046,0.11542756110429764,985,33.53581566270441
0.004899803199805319,0.004899803199805319,0.0006596306338906288,0.0006596306338906288,0.005559433833695948,0.25,638.0,443.5,213.0,1.0378947368421052,0.0,0.75,0.01064434033469297,9.87411340032603e-07,0.0008530020713806152,4.75,0.8683125376701355,1.1227264404296875,0.8683125376701355,2.331164598464966,986,83.80914508202113
0.003968254197388887,0.003968254197388887,0.0037863434408791363,0.0037863434408791363,0.007754597638268024,0.75,302.0,259.0,189.0,1.0389473684210526,0.0,0.69921875,0.002572855504695326,9.872263272573442e-07,0.0005188435316085815,3.0,1.7987124919891357,0.0005126742762513459,1.7987124919891357,0.11534097790718079,987,48.25192041043192
0.003464203327894211,0.003464203327894211,0.0026315790601074696,0.0026315790601074696,0.00609578238800168,0.75,433.0,301.0,195.0,1.04,0.0,0.87890625,0.002081048340187408,9.870399824239114e-07,0.0009215623140335083,3.5,1.4945709705352783,0.5361696481704712,1.4945709705352783,0.8765824437141418,988,51.71467821393162
0.0024449878837913275,0.0024449878837913275,0.001953125,0.001953125,0.0043981128837913275,0.75,409.0,198.25,128.0,1.0410526315789475,0.5,0.62890625,0.0030175140127539635,9.868523060417645e-07,0.0001172666234197095,2.0,-0.1499999761581421,1.202081561088562,-0.1499999761581421,1.7000000476837158,989,31.794567471835762
0.00403083476703614,0.00403083476703614,0.0038917468627914786,0.0038917468627914786,0.007922581629827619,0.25,452.0,330.25,255.0,1.0421052631578946,0.0,0.8203125,0.0029133772186469287,9.866632986240029e-07,-7.264316082000732e-05,4.25,1.3868249654769897,2.2806315422058105,1.3868249654769897,2.468313455581665,990,59.637876531109214
0.0018115942366421223,0.0018115942366421223,0.003086419659666717,0.003086419659666717,0.004898013896308839,0.5,552.0,291.5,128.0,1.043157894736842,0.0,0.67578125,0.0018302126845810562,9.864729606873661e-07,0.00026710331439971924,3.0,0.6097791790962219,0.4752523899078369,0.6097791790962219,2.006746768951416,991,171.8473989246413
0.0,0.0,0.001179245300590992,0.001179245300590992,0.001179245300590992,1.0,308.0,259.25,212.0,1.0442105263157895,0.0,0.63671875,0.0021224412485025823,9.862812927522308e-07,-5.3182244300842285e-05,3.0,1.747999906539917,0.31763237714767456,1.747999906539917,0.30245742201805115,992,51.30143930763006
0.0023903556866571307,0.0023903556866571307,0.0028688759193755686,0.0028688759193755686,0.005259231606032699,0.5,605.0,336.25,128.0,1.045263157894737,0.0,1.515625,0.002314033859875053,9.860882953426098e-07,0.0002200305461883545,3.75,0.9560499787330627,2.1834042072296143,0.9560499787330627,1.8160638809204102,993,56.61667641089298
0.004108208580873907,0.004108208580873907,0.0013297871919348836,0.0013297871919348836,0.00543799577280879,0.75,532.0,278.25,188.0,1.0463157894736843,0.0,0.9375,0.002352424926357344,9.858939689861506e-07,0.0017798393964767456,3.0,1.3506250381469727,0.1453104466199875,1.3506250381469727,0.1676720827817917,994,46.54463352728635
0.0036057692486792803,0.0036057692486792803,0.0,0.0,0.0036057692486792803,1.0,208.0,148.0,128.0,1.0473684210526315,0.5,0.68359375,0.003554318565875292,9.856983142141337e-07,-0.002128690481185913,1.25,-0.45048749446868896,0.7771280407905579,-0.45048749446868896,1.099025011062622,995,25.735561399022117
0.0027272726874798536,0.0027272726874798536,0.005502974148839712,0.005502974148839712,0.008230246836319566,0.75,537.0,330.0,206.0,1.048421052631579,0.0,0.6171875,0.0023712855472695082,9.855013315614725e-07,0.0015384256839752197,3.5,1.1800999641418457,1.1226028203964233,1.1800999641418457,1.2280868291854858,996,299.0848878577817
0.0010638297535479069,0.0010638297535479069,0.0036144948098808527,0.0036144948098808527,0.00467832456342876,1.0,470.0,302.0,189.0,1.0494736842105263,0.0,0.7890625,0.003875880443956703,9.853030215667093e-07,-0.0013055801391601562,3.5,1.873887538909912,0.6365552544593811,1.873887538909912,0.6278422474861145,997,48.44668107992038
0.004276174120604992,0.004276174120604992,0.00045045046135783195,0.00045045046135783195,0.004726624581962824,0.5,555.0,444.5,293.0,1.0505263157894738,0.0,0.49609375,0.0015614368167007342,9.851033847720164e-07,-0.00025941431522369385,4.75,2.6111998558044434,0.40718743205070496,2.6111998558044434,0.6145813465118408,998,76.20083378511481
0.003574810572899878,0.003574810572899878,0.002623366308398545,0.002623366308398545,0.006198176881298423,0.5,373.0,255.75,128.0,1.051578947368421,0.0,1.25,0.0014238231451599859,9.849024217231934e-07,0.0006913691759109497,3.25,1.2367750406265259,0.7599276900291443,1.2367750406265259,1.603434681892395,999,41.04973107599653
0.00521264667622745,0.00521264667622745,0.0,0.0,0.00521264667622745,1.0,599.0,368.25,191.0,1.0526315789473684,0.0,0.68359375,0.002134194626705721,9.847001329696652e-07,0.0010176151990890503,3.75,1.1302624940872192,1.1934725046157837,1.1302624940872192,1.3232967853546143,1000,67.14725683792494
0.001953125,0.001953125,0.0004789271915797144,0.0004789271915797144,0.0024320521915797144,0.75,522.0,226.5,128.0,1.0536842105263158,0.5,0.546875,0.002129497763235122,9.844965190644817e-07,0.0012093782424926758,2.25,-1.21875,0.30935922265052795,-1.21875,0.4375,1001,156.24640054884367
0.0016376482089981437,0.0016376482089981437,0.0013342475285753608,0.0013342475285753608,0.0029718957375735044,0.25,491.0,351.25,298.0,1.0547368421052632,0.0,0.61328125,0.004650995135307312,9.842915805643156e-07,0.0012228041887283325,4.0,0.04469582438468933,1.3722761869430542,0.04469582438468933,1.3932490348815918,1002,186.24850378092378
0.0033827968291006982,0.0033827968291006982,0.00463511300040409,0.00463511300040409,0.008017909829504788,1.0,355.0,276.5,128.0,1.0557894736842106,0.0,0.77734375,0.0022548165870830417,9.840853180294608e-07,0.0012527406215667725,3.0,1.1990001201629639,0.9544880390167236,1.1990001201629639,1.4752368927001953,1003,49.498542714864016
0.0012254902394488454,0.0012254902394488454,0.0012690355069935322,0.0012690355069935322,0.0024945257464423776,1.0,204.0,179.0,128.0,1.0568421052631578,0.0,0.9140625,0.0038026617257855833,9.838777320238312e-07,0.0012646988034248352,1.75,0.7118499279022217,0.7600336670875549,0.7118499279022217,1.145102620124817,1004,33.081639107782394
0.0018583511118777096,0.0018583511118777096,0.004102164297364652,0.004102164297364652,0.005960515409242362,0.75,455.0,319.75,73.0,1.0578947368421052,0.0,1.1875,0.0024527688801754266,9.836688231149592e-07,0.0013356059789657593,3.5,1.0941582918167114,1.8781344890594482,1.0941582918167114,1.684312343597412,1005,59.91365182795562
0.0018867924809455872,0.0018867924809455872,0.0018983885529451072,0.0018983885529451072,0.0037851810338906944,0.5,629.0,435.5,265.0,1.0589473684210526,0.0,0.56640625,0.002509726589778438,9.834585918739934e-07,0.0007511526346206665,4.5,1.479587435722351,1.334999918937683,1.479587435722351,1.7045562267303467,1006,203.5911749850493
0.00450594793073833,0.00450594793073833,0.0013020833721384406,0.0013020833721384406,0.0058080313028767705,0.75,545.0,284.75,192.0,1.06,0.0,0.8828125,0.0030965996556915343,9.832470388756986e-07,0.002115964889526367,3.0,1.7483999729156494,0.5662864446640015,1.7483999729156494,0.799933671951294,1007,47.97005917574279
0.0,0.0,0.0,0.0,0.0,0.75,346.0,212.25,128.0,1.0610526315789475,0.0,0.9453125,0.0038184185686986893,9.83034164698452e-07,0.002744928002357483,2.25,0.787024974822998,1.0079452991485596,0.787024974822998,1.2363154888153076,1008,35.81327230203897
0.003658488392829895,0.003658488392829895,0.0030593196861445904,0.0030593196861445904,0.006717808078974485,0.75,279.0,203.5,128.0,1.0621052631578947,0.0,0.87890625,0.0017375006573274732,9.828199699242439e-07,0.00036779046058654785,2.0,0.8485124707221985,0.9543289542198181,0.8485124707221985,1.2433546781539917,1009,37.52033815882169
0.0012195121962577105,0.0012195121962577105,0.0,0.0,0.0012195121962577105,0.75,205.0,132.75,70.0,1.063157894736842,0.5,0.73828125,0.031266798032447696,9.826044551386742e-07,0.0013689849292859435,1.25,-0.4128499925136566,0.8303554654121399,-0.4128499925136566,1.174299955368042,1010,24.158267688006163
0.0027573530096560717,0.0027573530096560717,0.002347417874261737,0.002347417874261737,0.0051047708839178085,0.75,272.0,233.75,187.0,1.0642105263157895,0.0,0.91015625,0.0046592322760261595,9.823876209309526e-07,-7.520616054534912e-05,3.0,0.284304141998291,0.7104597091674805,0.284304141998291,1.4617037773132324,1011,170.91195402899757
0.001953125,0.001953125,0.0010893245926126838,0.0010893245926126838,0.0030424495926126838,0.75,516.0,323.5,128.0,1.065263157894737,0.0,0.8515625,0.0022522879007738084,9.821694678938952e-07,0.0013483762741088867,3.5,0.07463741302490234,1.556147575378418,0.07463741302490234,2.9199774265289307,1012,420.9114835828077
0.0010204081190750003,0.0010204081190750003,0.002718707313761115,0.002718707313761115,0.0037391154328361154,0.75,603.0,397.5,245.0,1.066315789473684,0.0,0.5546875,0.0019961906946264207,9.819499966239242e-07,0.0009346604347229004,4.0,0.7363250255584717,0.31763237714767456,0.7363250255584717,1.4799542427062988,1013,64.59132241690531
0.0022923520300537348,0.0022923520300537348,0.0021367522422224283,0.0021367522422224283,0.004429104272276163,0.5,295.0,243.75,190.0,1.0673684210526315,0.0,0.83203125,0.0022106798423919827,9.817292077210656e-07,0.0008056163787841797,2.5,0.5361000299453735,1.0075918436050415,0.5361000299453735,0.8267189860343933,1014,42.63999522663653
0.003966788935940713,0.003966788935940713,0.001308900536969304,0.001308900536969304,0.005275689472910017,0.5,403.0,252.75,128.0,1.068421052631579,0.0,0.8125,0.0019367931818123907,9.81507101788948e-07,0.002270027995109558,3.0,1.261412501335144,1.5379749536514282,1.261412501335144,1.7258305549621582,1015,47.51441265526228
0.001476377947255969,0.001476377947255969,0.001953125,0.001953125,0.003429502947255969,0.75,508.0,282.0,128.0,1.0694736842105264,0.0,0.91796875,0.004976931566488929,9.812836794348002e-07,-0.0002700537443161011,3.0,-0.1693124920129776,1.174769639968872,-0.1693124920129776,0.962634801864624,1016,51.2038501969073
0.002123142359778285,0.002123142359778285,0.0026041667442768812,0.0026041667442768812,0.004727309104055166,0.75,471.0,266.25,192.0,1.0705263157894738,0.0,0.455078125,0.002106299652950838,9.81058941269451e-07,-0.0006334036588668823,3.0,1.584566593170166,0.4397026002407074,1.584566593170166,0.6750604510307312,1017,57.43459533969872
0.001232513546710834,0.001232513546710834,0.000620347389485687,0.000620347389485687,0.001852860936196521,0.5,554.0,368.75,198.0,1.071578947368421,0.0,0.62109375,0.0016468971007270738,9.808328879073251e-07,0.0012266486883163452,4.0,2.0612499713897705,0.3715846538543701,2.0612499713897705,0.6987208724021912,1018,64.29641043720767
0.0015625000232830644,0.0015625000232830644,0.0,0.0,0.0015625000232830644,0.75,360.0,237.25,128.0,1.0726315789473684,0.0,0.8203125,0.0015147667727433145,9.806055199664445e-07,0.0012520253658294678,2.5,1.0359375476837158,1.3603850603103638,1.0359375476837158,1.436293601989746,1019,42.29340310697444
0.003207131754606962,0.003207131754606962,0.001818181830458343,0.001818181830458343,0.005025313585065305,0.75,382.0,290.75,201.0,1.0736842105263158,0.0,0.57421875,0.0011403883981984109,9.803768380684242e-07,-0.0007160454988479614,3.25,0.8484874963760376,1.4499754905700684,0.8484874963760376,1.2591632604599,1020,50.54916004091501
0.0012195121962577105,0.0012195121962577105,0.00136239780113101,0.00136239780113101,0.0025819099973887205,0.75,429.0,313.25,205.0,1.0747368421052632,0.0,0.6328125,0.0015997645386960357,9.801468428384716e-07,0.0018212497234344482,3.5,0.6052166223526001,1.2976940870285034,0.6052166223526001,1.3819184303283691,1021,51.35326844709925
0.0012696902849711478,0.0012696902849711478,0.0012376237427815795,0.0012376237427815795,0.0025073140277527273,0.75,486.0,286.75,128.0,1.0757894736842106,0.0,0.796875,0.002043338172370568,9.79915534905385e-07,0.00014868378639221191,3.25,1.2993249893188477,1.591343641281128,1.2993249893188477,1.6516281366348267,1022,48.637164435349405
0.006283490220084786,0.006283490220084786,0.002808988792821765,0.002808988792821765,0.009092479012906551,0.5,341.0,217.75,89.0,1.0768421052631578,0.0,0.86328125,0.01540713885333389,9.796829149015516e-07,0.000877872109413147,2.0,0.8989124894142151,1.024474024772644,0.8989124894142151,1.2921695709228516,1023,39.20509170461446
0.001880258903838694,0.001880258903838694,0.0017367720138281584,0.0017367720138281584,0.0036170309176668525,0.75,444.0,309.5,206.0,1.0778947368421052,0.0,0.9140625,0.0031571065192110837,9.794489834629454e-07,0.0016272515058517456,3.5,0.9455249905586243,1.2061119079589844,0.9455249905586243,1.1183249950408936,1024,59.81889857421629
0.003888569073751569,0.003888569073751569,0.0009960159659385681,0.0009960159659385681,0.004884585039690137,0.75,330.0,306.5,251.0,1.0789473684210527,0.0,0.609375,0.003913855704013258,9.792137412291263e-07,0.000754237174987793,3.25,1.8361999988555908,0.053139083087444305,1.8361999988555908,0.09435032308101654,1025,57.55841042310931
0.004373305011540651,0.004373305011540651,0.002676070434972644,0.002676070434972644,0.007049375446513295,0.75,357.0,299.75,196.0,1.08,0.0,0.76171875,0.0024912290391512215,9.789771888432373e-07,0.0006831735372543335,3.25,1.8486249446868896,0.3539069890975952,1.8486249446868896,0.4550350606441498,1026,54.986381218302995
0.0020114012295380235,0.0020114012295380235,0.0018476528930477798,0.0018476528930477798,0.0038590541225858033,0.0,615.0,485.25,332.0,1.0810526315789473,0.0,0.6484375,0.00966368374065496,9.787393269520038e-07,0.0010316967964172363,5.5,1.378766655921936,2.2562835216522217,1.378766655921936,2.2136971950531006,1027,337.3051442520227
0.0036496350076049566,0.0036496350076049566,0.001953125,0.001953125,0.005602760007604957,0.75,548.0,352.0,128.0,1.0821052631578947,0.0,0.76171875,0.0023606829927302897,9.78500156205731e-07,0.0011398941278457642,3.5,1.6739375591278076,1.4838459491729736,1.6739375591278076,1.810510516166687,1028,60.55357740400359
0.008472155779600143,0.008472155779600143,0.001953125,0.001953125,0.010425280779600143,0.75,330.0,194.25,128.0,1.083157894736842,0.0,0.8828125,0.005258686083834618,9.782596772583025e-07,-0.0010814368724822998,2.0,0.31187498569488525,1.855271339416504,0.31187498569488525,1.5541610717773438,1029,34.625527646625414
0.0006476683774963021,0.0006476683774963021,0.0,0.0,0.0006476683774963021,1.0,386.0,273.0,204.0,1.0842105263157895,0.0,0.70703125,0.0016998691426124424,9.780178907671788e-07,0.0017442405223846436,2.75,0.6130708456039429,0.17938712239265442,0.6130708456039429,0.7496184706687927,1030,47.81192334392108
0.0011848341673612595,0.0011848341673612595,0.0008077544625848532,0.0008077544625848532,0.0019925886299461126,0.75,619.0,289.5,128.0,1.085263157894737,0.0,0.828125,0.0032994839129969478,9.777747973933946e-07,0.0010305047035217285,2.75,-0.032124996185302734,1.8460791110992432,-0.032124996185302734,1.5334986448287964,1031,53.592356097884476
0.0,0.0,0.0015831535565666854,0.0015831535565666854,0.0015831535565666854,0.5,492.0,337.0,200.0,1.0863157894736841,0.0,0.64453125,0.001814320683479309,9.775303978015585e-07,0.0013154447078704834,3.75,0.45823749899864197,1.2593040466308594,0.45823749899864197,1.5331164598464966,1032,183.70726926694624
0.00193050189409405,0.00193050189409405,0.0009025270701386034,0.0009025270701386034,0.0028330289642326534,0.5,277.0,236.5,202.0,1.0873684210526315,0.0,0.609375,0.001698239822871983,9.77284692659849e-07,0.0009429752826690674,2.75,0.20910418033599854,0.39169591665267944,0.20910418033599854,1.2912102937698364,1033,41.64030582900159
0.0,0.0,0.0,0.0,0.0,0.75,279.0,185.25,128.0,1.088421052631579,0.5,0.69140625,0.002356512239202857,9.77037682640015e-07,0.0014206022024154663,1.75,0.2618125081062317,0.12365531176328659,0.2618125081062317,1.463995099067688,1034,31.438113998854533
0.002205443917773664,0.002205443917773664,0.0008103727595880628,0.0008103727595880628,0.0030158166773617268,0.5,617.0,391.5,188.0,1.0894736842105264,0.0,0.470703125,0.0011807041591964662,9.76789368417372e-07,-0.00039912760257720947,4.0,0.195333331823349,0.5953603386878967,0.195333331823349,1.4989542961120605,1035,63.96878776000813
0.0068688171450048685,0.0068688171450048685,0.0013513513840734959,0.0013513513840734959,0.008220168529078364,0.75,523.0,323.75,184.0,1.0905263157894738,0.0,0.6953125,0.0014971604105085135,9.76539750670802e-07,0.0009851008653640747,3.5,1.9858750104904175,0.40693995356559753,1.9858750104904175,0.9402990341186523,1036,60.98061776300892
0.0037174720782786608,0.0037174720782786608,0.0,0.0,0.0037174720782786608,1.0,419.0,276.5,194.0,1.091578947368421,0.0,0.78125,0.0018654850136954337,9.762888300827505e-07,0.0001961439847946167,3.0,1.3389875888824463,0.2609401047229767,1.3389875888824463,0.30101868510246277,1037,49.514062887988985
0.001308900536969304,0.001308900536969304,0.001176470541395247,0.001176470541395247,0.002485371078364551,1.0,425.0,218.0,128.0,1.0926315789473684,0.5,0.609375,0.003600900701712817,9.760366073392244e-07,0.00021756745991297066,2.25,-0.319412499666214,0.6988159418106079,-0.319412499666214,1.1263765096664429,1038,157.9201691406779
0.008165262173861265,0.008165262173861265,0.0,0.0,0.008165262173861265,0.75,302.0,224.75,82.0,1.0936842105263158,0.0,0.8828125,0.002109258493874222,9.757830831297913e-07,0.00019657611846923828,2.25,0.8989125490188599,0.8836889863014221,0.8989125490188599,1.2739834785461426,1039,51.6045242769178
0.0007204610737971961,0.0007204610737971961,0.0022727272007614374,0.0022727272007614374,0.0029931882745586336,0.5,413.0,327.25,220.0,1.0947368421052632,0.0,0.8984375,0.003602813259931281,9.755282581475767e-07,0.0017494112253189087,4.0,-0.08681660890579224,1.0520334243774414,-0.08681660890579224,1.8492190837860107,1040,300.99203797406517
0.0008090615156106651,0.0008090615156106651,0.00390625,0.00390625,0.004715311515610665,1.0,309.0,207.25,128.0,1.0957894736842104,0.0,0.7265625,0.0030248644470702857,9.752721330892623e-07,0.000766366720199585,2.0,0.8991124629974365,1.0250749588012695,0.8991124629974365,1.292397141456604,1041,36.842876604991034
0.0014749262481927872,0.0014749262481927872,0.0,0.0,0.0014749262481927872,0.75,339.0,276.0,206.0,1.0968421052631578,0.0,0.6328125,0.0015590666589559987,9.750147086550842e-07,-0.0001211315393447876,3.0,1.2294750213623047,0.6628772616386414,1.2294750213623047,0.9799171090126038,1042,50.207195980940014
0.003141778870485723,0.003141778870485723,0.0009090909152291715,0.0009090909152291715,0.0040508697857148945,0.75,362.0,312.5,275.0,1.0978947368421053,0.0,0.734375,0.003507015368086286,9.747559855488313e-07,8.732080459594727e-05,3.5,1.4940458536148071,0.6780505776405334,1.4940458536148071,0.7881317734718323,1043,53.08724100398831
0.0016447368543595076,0.0016447368543595076,0.0008250825339928269,0.0008250825339928269,0.0024698193883523345,1.0,304.0,262.25,198.0,1.0989473684210527,0.0,0.58984375,0.0014379746280610561,9.744959644778421e-07,0.0012837648391723633,2.5,1.1047499179840088,0.7338000535964966,1.1047499179840088,0.8925845623016357,1044,50.19199949200265
0.0038095376221463084,0.0038095376221463084,0.0,0.0,0.0038095376221463084,0.5,263.0,217.25,82.0,1.1,0.0,1.21875,0.03271128065534867,9.742346461530047e-07,0.0010252594947814941,2.75,1.0368750095367432,1.042204737663269,1.0368750095367432,1.3618084192276,1045,46.85613142699003
0.0,0.0,0.002659574383869767,0.002659574383869767,0.002659574383869767,0.75,232.0,169.0,128.0,1.1010526315789473,0.5,0.5,0.00715199182741344,9.739720312887533e-07,0.00045256316661834717,1.75,0.2369999885559082,0.19406546652317047,0.2369999885559082,1.4458355903625488,1046,33.141853475244716
0.0026300951722078025,0.0026300951722078025,0.002109704539179802,0.002109704539179802,0.0047397997113876045,0.5,474.0,325.0,261.0,1.1021052631578947,0.0,0.66796875,0.0019342856830917299,9.73708120603067e-07,0.0029025524854660034,4.0,0.40508753061294556,2.324171543121338,0.40508753061294556,2.105862855911255,1047,58.33407928375527
0.0034099636832252145,0.0034099636832252145,0.001953125,0.001953125,0.0053630886832252145,0.5,639.0,306.0,128.0,1.1031578947368421,0.0,0.8828125,0.00386119622271508,9.734429148174674e-07,0.0029781460762023926,3.25,0.9430500864982605,1.0871059894561768,0.9430500864982605,1.6233917474746704,1048,56.117683994816616
0.001243781065568328,0.001243781065568328,0.000433275563409552,0.000433275563409552,0.0016770566289778799,0.75,577.0,317.5,128.0,1.1042105263157895,0.0,0.75,0.002323272929061204,9.731764146570173e-07,-0.001009523868560791,3.5,-0.5444124937057495,1.3160494565963745,-0.5444124937057495,1.386572003364563,1049,392.8930392116308
0.00217747048009187,0.00217747048009187,0.002381996950134635,0.002381996950134635,0.004559467430226505,0.75,512.0,365.75,192.0,1.1052631578947367,0.0,0.89453125,0.0019393700349610299,9.729086208503173e-07,0.0016795843839645386,4.25,1.694645881652832,1.0306494235992432,1.694645881652832,0.9947968125343323,1050,61.36026887805201
0.0033297721529379487,0.0033297721529379487,0.0010570824379101396,0.0010570824379101396,0.004386854590848088,0.5,473.0,260.25,90.0,1.1063157894736841,0.0,1.109375,0.021818800683831796,9.726395341295061e-07,0.0010390132665634155,3.0,-0.444537490606308,1.3512279987335205,-0.444537490606308,1.2801289558410645,1051,45.67306669824757
0.0023286249488592148,0.0023286249488592148,0.0016447368543595076,0.0016447368543595076,0.003973361803218722,0.25,456.0,362.75,253.0,1.1073684210526316,0.0,0.70703125,0.0018748475704342127,9.723691552302562e-07,0.0010896772146224976,5.0,2.019920825958252,0.7844702005386353,2.019920825958252,1.0060465335845947,1052,64.14744963287376
0.005910301813855767,0.005910301813855767,0.0011520737316459417,0.0011520737316459417,0.007062375545501709,1.0,377.0,258.5,193.0,1.108421052631579,0.0,0.8125,0.0038294863770715892,9.720974848917734e-07,0.00047822296619415283,2.5,-0.1684666872024536,0.37786605954170227,-0.1684666872024536,1.2358413934707642,1053,162.77077976288274
0.00560145836789161,0.00560145836789161,0.0034211602178402245,0.0034211602178402245,0.009022618585731834,0.5,627.0,338.0,192.0,1.1094736842105264,0.0,0.68359375,0.0035505385603755713,9.718245238567938e-07,0.0014069527387619019,3.5,1.5927250385284424,1.423335313796997,1.5927250385284424,1.5096880197525024,1054,58.04334507789463
0.0,0.0,0.002958579920232296,0.002958579920232296,0.002958579920232296,0.5,507.0,239.5,128.0,1.1105263157894736,0.5,0.578125,0.0023390989808831364,9.715502728715825e-07,-4.43168573838193e-06,2.75,0.21015417575836182,0.19702944159507751,0.21015417575836182,1.415765404701233,1055,50.143803362036124
0.0006053269025869668,0.0006053269025869668,0.0015257802442647517,0.0015257802442647517,0.0021311071468517184,0.5,451.0,385.0,279.0,1.111578947368421,0.0,0.57421875,0.0028819387371186167,9.712747326859315e-07,0.00026792287826538086,4.75,1.493149995803833,2.0951929092407227,1.493149995803833,2.237633228302002,1056,70.56234387168661
0.004347637761384249,0.004347637761384249,0.0024038462433964014,0.0024038462433964014,0.00675148400478065,0.75,456.0,295.75,190.0,1.1126315789473684,0.0,0.7421875,0.002444427547743544,9.709979040531567e-07,0.0009377598762512207,3.5,2.0240001678466797,0.9549830555915833,2.0240001678466797,0.8061661124229431,1057,59.85408443911001
0.005314581678248942,0.005314581678248942,0.0034028246300294995,0.0034028246300294995,0.008717406308278441,1.0,473.0,302.5,193.0,1.1136842105263158,0.0,0.68359375,0.003044842480449006,9.707197877300973e-07,-0.0010453462600708008,3.25,1.413849949836731,0.2963131070137024,1.413849949836731,0.330202579498291,1058,172.26046412391588
0.0020215632393956184,0.0020215632393956184,0.0029880478978157043,0.0029880478978157043,0.005009611137211323,0.75,371.0,300.0,251.0,1.1147368421052632,0.0,0.58203125,0.0018816423398675397,9.704403844771127e-07,-0.000953376293182373,3.25,1.8359875679016113,0.4416765868663788,1.8359875679016113,0.4797482490539551,1059,49.21479406487197
0.0023355528828687966,0.0023355528828687966,0.0083227040595375,0.0083227040595375,0.010658256942406297,0.5,490.0,270.25,128.0,1.1157894736842104,0.0,1.34375,0.0023047602153383195,9.701596950580807e-07,-9.822845458984375e-05,3.0,-0.5320374965667725,1.4396164417266846,-0.5320374965667725,1.441856861114502,1060,44.92584812408313
0.0025562371592968702,0.0025562371592968702,0.002892974647693336,0.002892974647693336,0.005449211806990206,0.75,489.0,268.25,128.0,1.1168421052631579,0.0,0.83984375,0.003401990281417966,9.698777202403952e-07,0.0005614012479782104,3.0,0.7556250095367432,1.9006675481796265,0.7556250095367432,1.7673431634902954,1061,50.48962070979178
0.003641331277322024,0.003641331277322024,0.003673346946015954,0.003673346946015954,0.007314678223337978,0.75,366.0,233.75,107.0,1.1178947368421053,0.0,1.0078125,0.0030442209099419415,9.695944607949648e-07,0.001412421464920044,2.5,0.9736249446868896,1.1307344436645508,0.9736249446868896,1.332334041595459,1062,43.80247879191302
0.0,0.0,0.0012886597542092204,0.0012886597542092204,0.0012886597542092204,0.75,194.0,144.25,127.0,1.1189473684210527,0.5,0.77734375,0.005534684634767473,9.693099174962102e-07,0.0015179445035755634,1.5,0.17416250705718994,0.00022978462220635265,0.17416250705718994,1.3558061122894287,1063,31.674015735741705
0.004819472087547183,0.004819472087547183,0.0037013767287135124,0.0037013767287135124,0.008520848816260695,0.75,485.0,336.25,128.0,1.12,0.0,0.6328125,0.0015621626953361556,9.690240911220617e-07,-0.00025030970573425293,3.5,1.3736624717712402,1.4501168727874756,1.3736624717712402,1.6419196128845215,1064,61.43727674684487
0.003794642980210483,0.003794642980210483,0.0034269775496795774,0.0034269775496795774,0.00722162052989006,0.25,336.0,276.25,210.0,1.1210526315789473,0.0,0.78515625,0.003831127134617418,9.687369824539576e-07,0.0010153502225875854,3.5,1.0509083271026611,0.47988981008529663,1.0509083271026611,1.0819231271743774,1065,47.274007929023355
0.0019430051324889064,0.0019430051324889064,0.0019430051324889064,0.0019430051324889064,0.0038860102649778128,0.25,386.0,295.0,128.0,1.1221052631578947,0.0,0.83203125,0.0030655278533231467,9.684485922768421e-07,0.0005299150943756104,4.0,0.6801624894142151,1.2728805541992188,0.6801624894142151,1.3903828859329224,1066,54.25491362367757
0.0036704926751554012,0.0036704926751554012,0.0,0.0,0.0036704926751554012,0.75,262.0,222.0,204.0,1.1231578947368421,0.0,0.7421875,0.0024428133037872612,9.681589213791631e-07,-0.0010833144187927246,2.25,0.9675499796867371,0.5396638512611389,0.9675499796867371,0.7626334428787231,1067,40.56506304861978
0.003367003286257386,0.003367003286257386,0.0013297871919348836,0.0013297871919348836,0.00469679047819227,0.5,297.0,229.5,188.0,1.1242105263157895,0.0,0.75,0.0014987873146310449,9.678679705528698e-07,-0.000337943434715271,3.0,1.711050033569336,0.5127938985824585,1.711050033569336,0.44245752692222595,1068,42.148550220998004
0.0024509804788976908,0.0024509804788976908,0.0009803922148421407,0.0009803922148421407,0.0034313726937398314,0.25,510.0,333.75,204.0,1.1252631578947367,0.0,1.25,0.0016795061237644404,9.675757405934103e-07,0.0010589063167572021,4.25,1.1981332302093506,0.11549410223960876,1.1981332302093506,0.5573276281356812,1069,58.0461948486045
0.004032647586427629,0.004032647586427629,0.0,0.0,0.004032647586427629,0.75,478.0,309.5,200.0,1.1263157894736842,0.0,0.40625,0.0021256502659525722,9.672822322997304e-07,0.0005108565092086792,3.25,1.451449990272522,0.38537323474884033,1.451449990272522,0.5319048166275024,1070,54.208665693877265
0.002642706036567688,0.002642706036567688,0.008547547040507197,0.008547547040507197,0.011190253077074885,0.75,473.0,293.25,128.0,1.1273684210526316,0.0,0.8671875,0.0033447161549702287,9.669874464742705e-07,0.0014340877532958984,3.25,1.2868626117706299,1.7146103382110596,1.2868626117706299,1.6701688766479492,1071,51.436267141252756
0.0025706940796226263,0.0025706940796226263,0.0,0.0,0.0025706940796226263,0.5,389.0,203.75,101.0,1.128421052631579,0.5,0.486328125,0.008489257539622486,9.666913839229637e-07,0.001478296471759677,2.0,0.3993874788284302,0.31856927275657654,0.3993874788284302,1.6572152376174927,1072,40.82965377205983
0.0005882352706976235,0.0005882352706976235,0.0018534273258410394,0.0018534273258410394,0.002441662596538663,0.25,633.0,525.75,425.0,1.1294736842105264,0.0,0.494140625,0.0010803140321513638,9.663940454552341e-07,-0.00022616982460021973,5.5,1.5838749408721924,2.1078853607177734,1.5838749408721924,1.8935701847076416,1073,88.04356577410363
0.0015243901871144772,0.0015243901871144772,0.0032318138983100653,0.0032318138983100653,0.004756204085424542,0.5,578.0,406.25,202.0,1.1305263157894736,0.0,0.5546875,0.005343209399143234,9.660954318839932e-07,0.0004025101661682129,4.5,1.2935500144958496,0.749851405620575,1.2935500144958496,1.0277361869812012,1074,77.69844174594618
0.0009225092362612486,0.0009225092362612486,0.0,0.0,0.0009225092362612486,0.25,447.0,326.25,188.0,1.131578947368421,0.5,0.48046875,0.001724540808936581,9.657955440256395e-07,0.00021351873874664307,4.25,1.357133388519287,0.1236729770898819,1.357133388519287,0.23853498697280884,1075,57.80253654788248
0.0013836621074005961,0.0013836621074005961,0.0035448542912490666,0.0035448542912490666,0.004928516398649663,0.25,602.0,427.5,257.0,1.1326315789473684,0.0,0.55859375,0.001989479045732878,9.654943827000546e-07,0.00042954087257385254,4.75,-0.08399581909179688,1.267836570739746,-0.08399581909179688,1.8242747783660889,1076,189.17359663592651
0.0039061950519680977,0.0039061950519680977,0.0026666667545214295,0.0026666667545214295,0.006572861806489527,0.5,531.0,433.0,300.0,1.1336842105263158,0.0,0.671875,0.0029204697348177433,9.651919487306024e-07,0.00030428171157836914,4.75,2.263312339782715,0.7561624050140381,2.263312339782715,0.7760043740272522,1077,86.57605239585973
0.005050505045801401,0.005050505045801401,0.0014973539509810507,0.0014973539509810507,0.006547858996782452,0.75,384.0,313.0,198.0,1.134736842105263,0.0,0.91796875,0.00236048195802141,9.648882429441256e-07,8.796155452728271e-05,3.25,1.407395839691162,0.4124612808227539,1.407395839691162,0.777366578578949,1078,60.43047705804929
0.0012953367549926043,0.0012953367549926043,0.0,0.0,0.0012953367549926043,0.75,520.0,242.25,128.0,1.1357894736842105,0.5,0.46875,0.0016137677885126323,9.645832661709443e-07,0.0009697228670120239,2.5,0.14756667613983154,0.03780664876103401,0.14756667613983154,1.3258148431777954,1079,57.7256418208126
0.004209835431538522,0.004209835431538522,0.0017605633474886417,0.0017605633474886417,0.005970398779027164,0.5,520.0,288.0,77.0,1.1368421052631579,0.0,1.0703125,0.004771540348883718,9.642770192448535e-07,0.000613480806350708,3.25,-0.8192125558853149,1.1042002439498901,-0.8192125558853149,1.8849546909332275,1080,288.9256295799278
0.003982974216341972,0.003982974216341972,0.0023659307043999434,0.0023659307043999434,0.006348904920741916,0.5,489.0,363.0,258.0,1.1378947368421053,0.0,0.59375,0.0025052853452507406,9.639695030031203e-07,-0.001015976071357727,4.75,1.0472666025161743,0.5156340599060059,1.0472666025161743,2.14563250541687,1081,181.5853716500569
0.005698398454114795,0.005698398454114795,0.0025510203558951616,0.0025510203558951616,0.008249418810009956,0.75,281.0,221.5,196.0,1.1389473684210527,0.0,0.65625,0.002518648572731763,9.636607182864826e-07,-4.681199789047241e-05,2.5,1.5234249830245972,0.24769951403141022,1.5234249830245972,0.3504835367202759,1082,39.23757815477438
0.003445639507845044,0.003445639507845044,0.0006702413083985448,0.0006702413083985448,0.004115880816243589,0.25,444.0,367.5,218.0,1.1400000000000001,0.0,0.59375,0.0036050816415809095,9.63350665939146e-07,0.0003768056631088257,4.75,1.2608332633972168,1.5393950939178467,1.2608332633972168,1.5323935747146606,1083,68.34177778381854
0.003525947337038815,0.003525947337038815,0.0026975019136443734,0.0026975019136443734,0.0062234492506831884,0.5,463.0,400.0,310.0,1.1410526315789473,0.0,0.62890625,0.0021728762367274612,9.630393468087817e-07,-0.0008108764886856079,4.25,1.707133412361145,0.8374854326248169,1.707133412361145,0.8581317663192749,1084,72.76649377681315
0.0022548139677383006,0.0022548139677383006,0.007982336916029453,0.007982336916029453,0.010237150883767754,0.75,257.0,191.0,128.0,1.1421052631578947,0.0,0.93359375,0.004420922516146675,9.627267617465243e-07,0.0012339949607849121,2.25,0.8985874652862549,0.8823808431625366,0.8985874652862549,1.2738386392593384,1085,36.39981698477641
0.0078125,0.0078125,0.000469924823846668,0.000469924823846668,0.008282424823846668,1.0,532.0,229.0,128.0,1.1431578947368422,0.5,0.625,0.0022241061669774354,9.624129116069694e-07,-0.001247601117938757,2.0,-1.600000023841858,0.8485281467437744,-1.600000023841858,1.2000000476837158,1086,276.17251780210063
0.0014450866729021072,0.0014450866729021072,0.0,0.0,0.0014450866729021072,1.0,346.0,222.0,128.0,1.1442105263157896,0.5,0.59375,0.0036362871760502458,9.620977972481714e-07,0.0011156797409057617,2.0,0.3991374969482422,0.07037478685379028,0.3991374969482422,1.6176272630691528,1087,36.49474575929344
0.002952755894511938,0.002952755894511938,0.003443040419369936,0.003443040419369936,0.006395796313881874,0.5,508.0,290.5,200.0,1.1452631578947368,0.0,0.51953125,0.0017524489376228303,9.61781419531641e-07,-3.02046537399292e-05,3.5,1.0152541399002075,1.6033588647842407,1.0152541399002075,1.8909252882003784,1088,51.38092766376212
0.0012773079797625542,0.0012773079797625542,0.0005422993563115597,0.0005422993563115597,0.0018196073360741138,0.5,461.0,328.75,71.0,1.1463157894736842,0.0,0.9921875,0.0048261274641845375,9.614637793223424e-07,0.0028379857540130615,3.75,-0.06738332659006119,0.88319993019104,-0.06738332659006119,0.7640300989151001,1089,299.64558051805943
0.0023219813592731953,0.0023219813592731953,0.002873977879062295,0.002873977879062295,0.00519595923833549,0.75,323.0,276.75,210.0,1.1473684210526316,0.0,0.73046875,0.0027953525714110583,9.611448774886923e-07,-0.00018174946308135986,3.25,-0.23448330163955688,0.6942610144615173,-0.23448330163955688,2.233116388320923,1090,171.9374681680929
0.0018413354409858584,0.0018413354409858584,0.0009926261845976114,0.0009926261845976114,0.00283396162558347,0.0,516.0,412.5,195.0,1.148421052631579,0.0,0.60546875,0.0031558297923766077,9.608247149025558e-07,0.0018883198499679565,4.75,1.8157000541687012,0.5051924586296082,1.8157000541687012,0.8264286518096924,1091,74.69330045999959
0.007081413408741355,0.007081413408741355,0.001953125,0.001953125,0.009034538408741355,0.75,311.0,190.25,128.0,1.1494736842105264,0.0,0.83984375,0.0033782717073336244,9.605032924392455e-07,-0.00015431642532348633,2.5,-0.32055002450942993,0.9608873724937439,-0.32055002450942993,1.1264121532440186,1092,36.52353087021038
0.002667755470611155,0.002667755470611155,0.0,0.0,0.002667755470611155,0.75,465.0,273.25,192.0,1.1505263157894736,0.0,0.83984375,0.0015437534457305446,9.601806109775178e-07,0.002130642533302307,3.0,1.698562502861023,0.6368026733398438,1.698562502861023,0.8391515016555786,1093,46.350762360263616
0.0014285714132711291,0.0014285714132711291,0.0017123287543654442,0.0017123287543654442,0.0031409001676365733,0.5,525.0,273.5,146.0,1.151578947368421,0.0,0.79296875,0.009500295564066619,9.598566713995717e-07,0.0017312318086624146,3.0,1.8487625122070312,0.8128370046615601,1.8487625122070312,1.1019567251205444,1094,58.25855814712122
0.0012562813935801387,0.0012562813935801387,0.001612903201021254,0.001612903201021254,0.0028691845946013927,0.75,377.0,253.5,128.0,1.1526315789473685,0.0,0.7421875,0.0017272711265832186,9.595314745910455e-07,0.003104791045188904,3.0,1.099412441253662,1.0606424808502197,1.099412441253662,1.513660192489624,1095,49.735825802665204
0.004467609862331301,0.004467609862331301,0.00334666867274791,0.00334666867274791,0.007814278535079211,0.75,408.0,304.0,201.0,1.1536842105263159,0.0,0.58203125,0.0020215297408867627,9.59205021441015e-07,-0.0009190738201141357,3.5,0.9988999962806702,0.5835399031639099,0.9988999962806702,1.4801656007766724,1096,177.97059280890971
0.00390625,0.00390625,0.0010162601247429848,0.0010162601247429848,0.004922510124742985,0.75,492.0,246.5,128.0,1.154736842105263,0.0,0.87890625,0.0022690223122481257,9.588773128419905e-07,0.0003957301378250122,2.5,-1.2379624843597412,0.33652976155281067,-1.2379624843597412,0.38146811723709106,1097,166.19722435693257
0.005036376998759806,0.005036376998759806,0.0024174858117476106,0.0024174858117476106,0.007453862810507417,0.0,595.0,486.5,388.0,1.1557894736842105,0.0,0.49609375,0.0015642336220480502,9.585483496899149e-07,-0.0004049837589263916,5.5,2.5846290588378906,0.41064631938934326,2.5846290588378906,0.35261213779449463,1098,88.11013518087566
0.002441557066049427,0.002441557066049427,0.000961538462433964,0.000961538462433964,0.003403095528483391,0.25,504.0,303.5,193.0,1.156842105263158,0.0,0.77734375,0.0050650875782594085,9.58218132884161e-07,0.0018761307001113892,3.25,1.9991250038146973,0.5307896733283997,1.9991250038146973,0.706322968006134,1099,62.95624021929689
0.004844450973905623,0.004844450973905623,0.009774436242878437,0.009774436242878437,0.01461888721678406,0.75,241.0,165.75,35.0,1.1578947368421053,0.0,2.0625,0.0030761936504859477,9.578866633275286e-07,-0.00047113001346588135,1.75,0.7613624334335327,0.8309741020202637,0.7613624334335327,1.1742419004440308,1100,31.75861934782006
0.003602058393880725,0.003602058393880725,0.0,0.0,0.003602058393880725,0.5,583.0,349.0,265.0,1.1589473684210527,0.0,0.6171875,0.0016571766755077988,9.575539419262433e-07,-0.0006806999444961548,3.75,2.160550117492676,0.6526595950126648,2.160550117492676,0.7953659892082214,1101,67.07226803083904
0.0037980948109179735,0.0037980948109179735,0.000871080148499459,0.000871080148499459,0.0046691749594174325,0.5,517.0,375.75,273.0,1.16,0.0,0.578125,0.0023735392605885863,9.572199695899521e-07,0.0005629658699035645,4.25,1.1779041290283203,0.7314725518226624,1.1779041290283203,1.1854193210601807,1102,65.54186275065877
0.0041012989822775126,0.0041012989822775126,0.0,0.0,0.0041012989822775126,0.5,416.0,286.25,147.0,1.1610526315789473,0.0,0.80078125,0.002473123779054731,9.568847472317232e-07,0.00038479268550872803,3.0,0.4604249596595764,0.6777853965759277,0.4604249596595764,1.2891777753829956,1103,53.54710140195675
0.0026455025654286146,0.0026455025654286146,0.0013464990770444274,0.0013464990770444274,0.003992001642473042,0.5,557.0,359.75,196.0,1.1621052631578948,0.0,0.5703125,0.0022509511618409306,9.565482757680414e-07,0.0002611130475997925,3.75,0.7971625328063965,0.47901180386543274,0.7971625328063965,1.2726171016693115,1104,63.96381399198435
0.0038528296863660216,0.0038528296863660216,0.0017564402660354972,0.0017564402660354972,0.005609269952401519,0.75,427.0,236.25,128.0,1.1631578947368422,0.0,0.875,0.003142565517919138,9.562105561188068e-07,0.001731380820274353,2.75,0.7346416711807251,0.868056058883667,0.7346416711807251,1.1575227975845337,1105,42.65133243473247
0.0008143322193063796,0.0008143322193063796,0.0,0.0,0.0008143322193063796,1.0,307.0,205.25,128.0,1.1642105263157894,0.5,0.490234375,0.0031187830900307745,9.558715892073323e-07,0.00027039035921916366,2.0,0.3992999792098999,0.07102885842323303,0.3992999792098999,1.6178526878356934,1106,39.90792143321596
0.006287541706115007,0.006287541706115007,0.001263840327737853,0.001263840327737853,0.00755138203385286,0.5,602.0,399.5,193.0,1.1652631578947368,0.0,0.60546875,0.0028212329489178956,9.555313759603401e-07,0.0008006542921066284,4.75,0.26829999685287476,2.1648781299591064,0.26829999685287476,1.8906928300857544,1107,77.30903855990618
0.005319148767739534,0.005319148767739534,0.0005010020104236901,0.0005010020104236901,0.0058201507781632245,0.75,499.0,235.75,128.0,1.1663157894736842,0.5,0.447265625,0.0015766318247187883,9.551899173079606e-07,0.00034168362617492676,2.5,-0.8881250619888306,1.5017180442810059,-0.8881250619888306,1.738839864730835,1108,281.5359505629167
0.002618784666992724,0.002618784666992724,0.00390625,0.00390625,0.006525034666992724,1.0,521.0,285.75,128.0,1.1673684210526316,0.0,1.0,0.0021846097079105675,9.548472141837285e-07,0.0005390048027038574,3.0,0.48221251368522644,1.5140392780303955,0.48221251368522644,1.2919846773147583,1109,56.98206795100123
0.0,0.0,0.0,0.0,0.0,1.0,128.0,128.0,128.0,1.168421052631579,1.0,0.029296875,0.00287521758582443,9.545032675245813e-07,0.00011500870459713042,1.0,-1.0,0.0,-1.0,0.0,1110,22.091382312122732
0.00476735201664269,0.00476735201664269,0.0007309941574931145,0.0007309941574931145,0.005498346174135804,0.25,473.0,324.0,128.0,1.1694736842105262,0.0,0.89453125,0.0032507659634575248,9.541580782708556e-07,-0.00012393295764923096,4.25,1.7990000247955322,1.6609230041503906,1.7990000247955322,1.897095799446106,1111,56.30437829811126
0.000939849647693336,0.000939849647693336,0.0012626262614503503,0.0012626262614503503,0.0022024759091436863,0.75,532.0,334.75,198.0,1.1705263157894736,0.0,1.0234375,0.0024177579034585506,9.538116473662861e-07,0.0014892518520355225,3.5,1.0451124906539917,0.6486468315124512,1.0451124906539917,0.9299689531326294,1112,64.76487996778451
0.0029533625347539783,0.0029533625347539783,0.001231527072377503,0.001231527072377503,0.004184889607131481,1.0,298.0,225.5,196.0,1.171578947368421,0.0,0.65625,0.003593328408896923,9.534639757580012e-07,-0.0010695606470108032,2.25,1.4359874725341797,0.12369067221879959,1.4359874725341797,0.17504183948040009,1113,43.319613822037354
0.004777178692165762,0.004777178692165762,0.002920195343904197,0.002920195343904197,0.007697374036069959,0.25,445.0,310.75,189.0,1.1726315789473685,0.0,0.76171875,0.0020426496921572834,9.531150643965222e-07,-0.0004483461380004883,4.0,1.5698459148406982,1.1732020378112793,1.5698459148406982,1.0537272691726685,1114,56.0170364449732
0.0029931097524240613,0.0029931097524240613,0.0,0.0,0.0029931097524240613,0.25,401.0,190.25,69.0,1.1736842105263159,0.0,1.203125,0.006471272208727896,9.527649142357594e-07,0.0019881725311279297,2.5,0.524524986743927,2.156003952026367,0.524524986743927,1.8510688543319702,1115,44.62257038196549
0.003737730788998306,0.003737730788998306,0.0028571428265422583,0.0028571428265422583,0.006594873615540564,0.0,518.0,376.75,175.0,1.174736842105263,0.0,0.83984375,0.003714488018886186,9.524135262330098e-07,0.000762939453125,4.25,2.32384991645813,0.8486342430114746,2.32384991645813,0.8171658515930176,1116,64.76665180595592
0.0040582455694675446,0.0040582455694675446,0.002050114853773266,0.002050114853773266,0.006108360423240811,0.25,523.0,460.75,368.0,1.1757894736842105,0.0,0.5234375,0.0032033013994805515,9.520609013489547e-07,0.0004793107509613037,5.5,-1.4023957252502441,0.6683632731437683,-1.4023957252502441,0.6409319639205933,1117,435.6967733709607
0.0012776831863448024,0.0012776831863448024,0.001336898421868682,0.001336898421868682,0.0026145816082134843,0.5,587.0,466.75,296.0,1.176842105263158,0.0,0.53125,0.0025126427644863725,9.517070405476574e-07,0.0007093697786331177,5.5,1.4577875137329102,1.6139888763427734,1.4577875137329102,1.6313960552215576,1118,86.98655317397788
0.0011627906933426857,0.0011627906933426857,0.0004990019951947033,0.0004990019951947033,0.001661792688537389,0.25,501.0,284.25,78.0,1.1778947368421053,0.5,0.412109375,0.0032051184971351177,9.513519447965595e-07,0.0006474177935160697,3.25,0.6850666999816895,0.16155029833316803,0.6850666999816895,1.9546691179275513,1119,49.11378886899911
0.0033333334140479565,0.0033333334140479565,0.0,0.0,0.0033333334140479565,0.75,326.0,224.5,150.0,1.1789473684210527,0.0,0.41015625,0.0015193673607427627,9.509956150664795e-07,-0.000272601842880249,2.25,1.4486874341964722,0.24803538620471954,1.4486874341964722,0.3087857961654663,1120,41.03141540265642
0.003926701378077269,0.003926701378077269,0.008099518483504653,0.008099518483504653,0.012026219861581922,0.75,558.0,270.25,128.0,1.18,0.0,1.0078125,0.003966273681726307,9.50638052331609e-07,8.550286293029785e-05,2.75,0.4167124927043915,1.3182768821716309,0.4167124927043915,1.1467759609222412,1121,48.00758446985856
0.0028449235251173377,0.0028449235251173377,0.0020000000949949026,0.0020000000949949026,0.00484492362011224,0.75,484.0,334.75,193.0,1.1810526315789474,0.0,0.8125,0.003504040534608066,9.502792575695111e-07,-0.0002633035182952881,3.75,2.0109500885009766,0.05423511192202568,2.0109500885009766,0.3660433292388916,1122,57.25707187317312
0.0005681818001903594,0.0005681818001903594,0.003289473708719015,0.003289473708719015,0.0038576555089093745,0.75,440.0,212.0,128.0,1.1821052631578948,0.5,0.78125,0.0022211769537534565,9.499192317611167e-07,0.0002809467841871083,2.0,0.4494374990463257,0.3892092704772949,0.4494374990463257,1.7329562902450562,1123,40.50278605544008
0.005102040711790323,0.005102040711790323,0.00258377700811252,0.00258377700811252,0.007685817719902843,0.5,515.0,275.0,128.0,1.1831578947368422,0.0,0.76171875,0.017413507302990183,9.495579758907229e-07,0.002245858311653137,3.0,-0.8814250230789185,1.4935156106948853,-0.8814250230789185,1.5661625862121582,1124,166.7084115683101
0.0015856237150728703,0.0015856237150728703,0.0036555903498083353,0.0036555903498083353,0.0052412140648812056,0.5,473.0,276.5,188.0,1.1842105263157894,0.0,0.7421875,0.0014936315128579736,9.491954909459894e-07,0.001371040940284729,2.75,1.5228126049041748,0.4950984716415405,1.5228126049041748,0.5894086360931396,1125,46.37863426795229
0.003543542930856347,0.003543542930856347,0.0,0.0,0.003543542930856347,0.75,637.0,355.25,195.0,1.1852631578947368,0.0,0.71875,0.0015127303486224264,9.488317779179361e-07,0.00025716423988342285,3.5,1.5972541570663452,0.350907564163208,1.5972541570663452,0.3312970697879791,1126,66.03115218109451
0.0025593775790184736,0.0025593775790184736,0.00043478261795826256,0.00043478261795826256,0.002994160196976736,0.75,575.0,434.25,277.0,1.1863157894736842,0.0,0.5390625,0.0017426021222490817,9.484668378009406e-07,0.0005194544792175293,4.5,1.690812587738037,0.08791108429431915,1.690812587738037,0.14886535704135895,1127,200.0109492370393
0.0012690355069935322,0.0012690355069935322,0.001483653555624187,0.001483653555624187,0.002752689062617719,0.75,394.0,363.25,313.0,1.1873684210526316,0.0,0.54296875,0.0024161569599527866,9.481006715927351e-07,0.00019441545009613037,4.25,2.1358375549316406,0.12397351861000061,2.1358375549316406,0.21403343975543976,1128,70.83359000785276
0.001906823308672756,0.001906823308672756,0.0005681818001903594,0.0005681818001903594,0.0024750051088631153,0.75,440.0,290.0,128.0,1.188421052631579,0.0,0.99609375,0.002808840828947723,9.477332802944043e-07,0.0016169100999832153,3.25,0.16206249594688416,2.56264328956604,0.16206249594688416,2.218151807785034,1129,51.647071284474805
0.004954674688633531,0.004954674688633531,0.0012165450025349855,0.0012165450025349855,0.006171219691168517,0.75,411.0,363.75,290.0,1.1894736842105262,0.0,0.640625,0.0016166153363883495,9.473646649103817e-07,0.0005021542310714722,4.25,1.8069833517074585,0.5895738005638123,1.8069833517074585,0.8907745480537415,1130,77.8419094691053
0.0019960079807788134,0.0019960079807788134,0.0005175983533263206,0.0005175983533263206,0.002513606334105134,0.5,501.0,342.0,128.0,1.1905263157894737,0.0,0.671875,0.00204817415215075,9.469948264484479e-07,-0.00038392841815948486,3.75,-0.6087083220481873,0.21266236901283264,-0.6087083220481873,0.5730729699134827,1131,177.01642601564527
0.0026255500270053744,0.0026255500270053744,0.0007999674417078495,0.0007999674417078495,0.003425517468713224,0.75,679.0,497.25,329.0,1.191578947368421,0.0,0.48046875,0.0012807283055735752,9.466237659197269e-07,-0.00027532875537872314,4.75,1.43072509765625,0.9089504480361938,1.43072509765625,1.0095165967941284,1132,92.36188868200406
0.0,0.0,0.0029693851247429848,0.0029693851247429848,0.0029693851247429848,1.0,492.0,257.25,128.0,1.1926315789473685,0.0,0.96875,0.002778639434836805,9.462514843386844e-07,0.0023761242628097534,2.5,-0.8755249977111816,1.8730906248092651,-0.8755249977111816,2.1676292419433594,1133,161.034580379026
0.003934755688533187,0.003934755688533187,0.003964389092288911,0.003964389092288911,0.007899144780822098,0.25,564.0,286.0,71.0,1.1936842105263157,0.0,1.171875,0.037732677592430264,9.458779827231236e-07,0.0013094842433929443,3.0,0.8091667294502258,1.0088056325912476,0.8091667294502258,1.2245557308197021,1134,50.195642022415996
0.00469046481885016,0.00469046481885016,0.001336898421868682,0.001336898421868682,0.0060273632407188416,0.25,383.0,227.0,155.0,1.194736842105263,0.0,0.8515625,0.002768552367342636,9.455032620941839e-07,0.0005377978086471558,2.5,1.573699951171875,0.45983150601387024,1.573699951171875,0.591177225112915,1135,46.07343909423798
0.004798398353159428,0.004798398353159428,0.0,0.0,0.004798398353159428,0.5,510.0,365.0,204.0,1.1957894736842105,0.0,0.6328125,0.003142554865917191,9.451273234763371e-07,0.001388847827911377,4.0,2.2111124992370605,0.8314691781997681,2.2111124992370605,0.7863854169845581,1136,65.8082680690568
0.004629629664123058,0.004629629664123058,0.0019083969527855515,0.0019083969527855515,0.00653802661690861,0.5,524.0,294.25,141.0,1.196842105263158,0.0,0.8828125,0.002159518509870395,9.447501678973851e-07,0.000993773341178894,3.25,1.4383000135421753,0.26162952184677124,1.4383000135421753,0.31998106837272644,1137,52.92619716678746
0.0007225433364510536,0.0007225433364510536,0.0019841270986944437,0.0019841270986944437,0.0027066704351454973,0.75,346.0,274.25,206.0,1.1978947368421053,0.0,0.734375,0.0018822414567694068,9.443717963884568e-07,-0.0006063878536224365,3.0,1.698599934577942,0.38897937536239624,1.698599934577942,0.3290448486804962,1138,52.03408417920582
0.005988502176478505,0.005988502176478505,0.0022144921240396798,0.0022144921240396798,0.008202994300518185,0.5,548.0,353.75,192.0,1.1989473684210525,0.0,0.76171875,0.002674115647096187,9.439922099840054e-07,4.947185516357422e-06,3.5,1.6643749475479126,0.5794386267662048,1.6643749475479126,0.5685824155807495,1139,63.24166004196741
0.002494153333827853,0.002494153333827853,0.001996450766455382,0.001996450766455382,0.004490604100283235,0.75,392.0,290.25,198.0,1.2,0.0,0.83984375,0.002115171228069812,9.436114097218058e-07,0.0003611445426940918,3.25,0.9477958679199219,0.5663630962371826,0.9477958679199219,0.494657039642334,1140,53.80292396713048
0.000936329597607255,0.000936329597607255,0.0013157895300537348,0.0013157895300537348,0.0022521191276609898,0.5,534.0,237.0,96.0,1.2010526315789474,0.5,0.490234375,0.005360479524824768,9.432293966429513e-07,0.0004657953977584839,2.5,0.5243749618530273,0.49525758624076843,0.5243749618530273,1.8507652282714844,1141,40.10245098476298
0.002964426763355732,0.002964426763355732,0.0,0.0,0.002964426763355732,0.75,503.0,301.25,191.0,1.2021052631578948,0.0,0.75390625,0.003531512978952378,9.42846171791851e-07,0.0016418695449829102,3.0,1.301112413406372,0.31351345777511597,1.301112413406372,0.3663572371006012,1142,51.81836590520106
0.002096218173392117,0.002096218173392117,0.00046554935397580266,0.00046554935397580266,0.0025617675273679197,1.0,537.0,305.75,202.0,1.203157894736842,0.0,0.76953125,0.003085983044002205,9.424617362162271e-07,0.0007793009281158447,3.0,0.9544124603271484,0.8393534421920776,0.9544124603271484,1.0703994035720825,1143,177.4830694377888
0.004956566262990236,0.004956566262990236,0.0025413602706976235,0.0025413602706976235,0.00749792653368786,1.0,425.0,237.25,128.0,1.2042105263157894,0.0,0.99609375,0.0028249699680600315,9.420760909671118e-07,0.0013099610805511475,2.25,-0.02207082509994507,1.7964696884155273,-0.02207082509994507,1.4883472919464111,1144,41.48295793798752
0.0011363636003807187,0.0011363636003807187,0.0013736264081671834,0.0013736264081671834,0.002509990008547902,0.75,403.0,254.5,182.0,1.2052631578947368,0.0,0.71875,0.0019832226971630007,9.416892370988442e-07,0.0007959455251693726,2.75,1.7606749534606934,0.5838227272033691,1.7606749534606934,0.8250501751899719,1145,51.526315023889765
0.004166666883975267,0.004166666883975267,0.001953125,0.001953125,0.006119791883975267,0.75,337.0,213.25,128.0,1.2063157894736842,0.0,0.83203125,0.004569402051856741,9.413011756690684e-07,0.00046212971210479736,2.5,1.0241124629974365,1.2019225358963013,1.0241124629974365,1.4056159257888794,1146,41.96073539508507
0.007970918668434024,0.007970918668434024,0.0032327587250620127,0.0032327587250620127,0.011203677393496037,0.5,425.0,240.75,128.0,1.2073684210526316,0.0,0.91015625,0.004657267185393721,9.409119077387293e-07,0.00031082332134246826,2.75,1.0733250379562378,1.2732518911361694,1.0733250379562378,1.5487704277038574,1147,44.62833111314103
0.0032865204848349094,0.0032865204848349094,0.0,0.0,0.0032865204848349094,0.5,678.0,313.75,128.0,1.208421052631579,0.0,0.828125,0.0015137560840230435,9.405214343720706e-07,0.0017294436693191528,3.0,1.349212408065796,1.6616125106811523,1.349212408065796,1.7929316759109497,1148,67.74683713633567
0.0008012820617295802,0.0008012820617295802,0.0004612546181306243,0.0004612546181306243,0.0012625366798602045,0.75,542.0,312.25,195.0,1.2094736842105263,0.0,0.5859375,0.002189299644669518,9.401297566366317e-07,0.0012966394424438477,3.0,0.9303749799728394,0.9814642071723938,0.9303749799728394,1.2320069074630737,1149,55.412488498026505
0.0030970702646300197,0.0030970702646300197,0.0,0.0,0.0030970702646300197,1.0,348.0,281.0,128.0,1.2105263157894737,0.0,0.76171875,0.0022259405232034624,9.397368756032444e-07,0.0004983097314834595,2.5,0.13603749871253967,1.0248982906341553,0.13603749871253967,1.2375116348266602,1150,50.063537201145664
0.0012499999720603228,0.0012499999720603228,0.0,0.0,0.0012499999720603228,0.5,400.0,283.0,66.0,1.211578947368421,0.0,1.1484375,0.004341653220762964,9.393427923460306e-07,0.0015381872653961182,3.0,-0.20380830764770508,1.5046290159225464,-0.20380830764770508,1.580255150794983,1151,48.49039693712257
0.0013297871919348836,0.0013297871919348836,0.0008771930006332695,0.0008771930006332695,0.002206980192568153,1.0,285.0,182.25,128.0,1.2126315789473685,0.5,0.5234375,0.001751812727889046,9.389475079423988e-07,-9.737908840179443e-05,1.75,-0.3068625032901764,0.53954017162323,-0.3068625032901764,1.0142605304718018,1152,31.236332763917744
0.0038560923421755433,0.0038560923421755433,0.0006561679765582085,0.0006561679765582085,0.004512260318733752,0.75,387.0,317.0,195.0,1.2136842105263157,0.0,0.72265625,0.0019361832819413394,9.385510234730414e-07,-0.0004334300756454468,3.5,1.0827500820159912,1.0466947555541992,1.0827500820159912,1.086073875427246,1153,61.257681500166655
0.0007022471982054412,0.0007022471982054412,0.002760564791969955,0.002760564791969955,0.003462811990175396,0.75,535.0,398.0,333.0,1.2147368421052631,0.0,0.64453125,0.0019504273659549654,9.381533400219317e-07,0.0010006725788116455,5.0,1.2197500467300415,0.5304126143455505,1.2197500467300415,0.7073760032653809,1154,88.77651126892306
0.008997252909466624,0.008997252909466624,0.0005296610179357231,0.0005296610179357231,0.009526913927402347,1.0,472.0,337.0,273.0,1.2157894736842105,0.0,0.53125,0.0031454310956178233,9.377544586763214e-07,-0.001706346869468689,3.5,1.054337501525879,0.9093570709228516,1.054337501525879,1.157699704170227,1155,65.11085447389632
0.004903892753645778,0.004903892753645778,0.0,0.0,0.004903892753645778,0.75,266.0,181.75,85.0,1.216842105263158,0.0,1.0078125,0.0015891978546278551,9.373543805267367e-07,0.0011305660009384155,2.25,0.8866750001907349,1.1483060121536255,0.8866750001907349,1.2841566801071167,1156,35.04136223415844
0.005108681507408619,0.005108681507408619,0.0008361203945241868,0.0008361203945241868,0.005944801901932806,1.0,394.0,326.0,221.0,1.2178947368421054,0.0,0.78515625,0.0024664397205924615,9.369531066669758e-07,0.00026763975620269775,3.5,1.9236124753952026,0.4239281713962555,1.9236124753952026,0.43699342012405396,1157,63.35928376484662
0.002801264636218548,0.002801264636218548,0.0011402523377910256,0.0011402523377910256,0.0039415169740095735,0.5,503.0,448.75,415.0,1.2189473684210526,0.0,0.515625,0.0016487692628288642,9.365506381941065e-07,0.00099104642868042,5.5,0.23217085003852844,1.6397747993469238,0.23217085003852844,1.8474743366241455,1158,81.77986528445035
0.004346389323472977,0.004346389323472977,0.0014150943607091904,0.0014150943607091904,0.005761483684182167,0.5,553.0,432.0,197.0,1.22,0.0,0.5234375,0.0015721950912848115,9.36146976208462e-07,-0.0002135932445526123,4.5,0.9618374705314636,0.4301742911338806,0.9618374705314636,0.3720937669277191,1159,80.40432344493456
0.00491247302852571,0.00491247302852571,0.0021321962121874094,0.0021321962121874094,0.0070446692407131195,0.25,469.0,295.75,183.0,1.2210526315789474,0.0,0.55078125,0.001825738829211332,9.357421218136386e-07,0.00037319958209991455,3.5,1.5218416452407837,0.2496204376220703,1.5218416452407837,0.3708178997039795,1160,53.9665409156587
0.006128584733232856,0.006128584733232856,0.0005387931014411151,0.0005387931014411151,0.006667377834673971,0.75,644.0,436.5,309.0,1.2221052631578948,0.0,0.62890625,0.0020002714882139117,9.35336076116493e-07,0.0002958625555038452,4.75,1.719362497329712,1.4552433490753174,1.719362497329712,1.4046123027801514,1161,82.27704319474287
0.0035328544909134507,0.0035328544909134507,0.00415044417604804,0.00415044417604804,0.007683298666961491,0.5,527.0,374.0,237.0,1.223157894736842,0.0,0.56640625,0.002126152947312221,9.349288402271387e-07,-0.00017085671424865723,4.0,1.7696958780288696,0.9258915185928345,1.7696958780288696,1.0718761682510376,1162,62.41778898611665
0.005538304802030325,0.005538304802030325,0.0,0.0,0.005538304802030325,1.0,286.0,248.25,194.0,1.2242105263157894,0.0,0.8515625,0.0019475666340440512,9.345204152589428e-07,-0.0009815096855163574,2.75,1.5982625484466553,0.3188167214393616,1.5982625484466553,0.3244307339191437,1163,50.12896518828347
0.0006127451197244227,0.0006127451197244227,0.005229001282714307,0.005229001282714307,0.00584174640243873,0.75,592.0,376.5,128.0,1.2252631578947368,0.0,0.8671875,0.0028570356080308557,9.341108023285237e-07,0.0009732693433761597,3.75,1.0701082944869995,0.8777080774307251,1.0701082944869995,1.6763510704040527,1164,63.813109110808
0.003908128826878965,0.003908128826878965,0.0016765506006777287,0.0016765506006777287,0.0055846794275566936,1.0,547.0,284.75,189.0,1.2263157894736842,0.0,0.5859375,0.003147441369947046,9.337000025557476e-07,0.001750946044921875,3.0,0.43057507276535034,1.1564024686813354,0.43057507276535034,1.5715140104293823,1165,169.83686790708452
0.0035396977327764034,0.0035396977327764034,0.0,0.0,0.0035396977327764034,0.5,431.0,305.0,65.0,1.2273684210526317,0.0,1.5859375,0.04028830550669227,9.332880170637252e-07,0.006122663617134094,3.5,1.0943833589553833,0.6644446849822998,1.0943833589553833,1.7511262893676758,1166,53.21591544384137
0.004034699872136116,0.004034699872136116,0.0016556291375309229,0.0016556291375309229,0.005690329009667039,0.5,337.0,243.5,151.0,1.2284210526315789,0.0,0.73046875,0.0021318803483154625,9.328748469788093e-07,0.00020390748977661133,2.75,1.0922000408172607,0.8569780588150024,1.0922000408172607,1.0893234014511108,1167,42.85008340515196
0.007664835313335061,0.007664835313335061,0.002415458904579282,0.002415458904579282,0.010080294217914343,0.25,355.0,236.25,175.0,1.2294736842105263,0.0,0.90234375,0.01504908615606837,9.32460493430591e-07,-0.0007616132497787476,2.75,0.715529203414917,1.143032193183899,0.715529203414917,1.5092806816101074,1168,56.50532937073149
0.007937194081023335,0.007937194081023335,0.0,0.0,0.007937194081023335,0.75,445.0,284.25,128.0,1.2305263157894737,0.0,0.81640625,0.0026935144705930725,9.320449575518972e-07,0.0016127973794937134,3.0,1.2486000061035156,0.8833885192871094,1.2486000061035156,1.5693448781967163,1169,54.19834739086218
0.0027348281582817435,0.0027348281582817435,0.0014044943964108825,0.0014044943964108825,0.004139322554692626,0.75,534.0,408.25,193.0,1.231578947368421,0.0,0.5859375,0.0019715109665412456,9.316282404787869e-07,-0.0006371289491653442,4.25,1.5570082664489746,1.5084238052368164,1.5570082664489746,1.3509711027145386,1170,75.61013559810817
0.0036835824139416218,0.0036835824139416218,0.0,0.0,0.0036835824139416218,0.75,616.0,412.75,222.0,1.2326315789473683,0.0,0.5859375,0.0021967267675790936,9.312103433505489e-07,-0.0007922351360321045,4.25,2.2993125915527344,0.3541366457939148,2.2993125915527344,0.9153372645378113,1171,79.41721121617593
0.002329192589968443,0.002329192589968443,0.0,0.0,0.002329192589968443,0.75,322.0,256.0,141.0,1.2336842105263157,0.0,0.74609375,0.020590126150636934,9.307912673096979e-07,0.001778930425643921,2.75,1.1174125671386719,0.8578442335128784,1.1174125671386719,0.9896338582038879,1172,45.254190414212644
0.0048547155456617475,0.0048547155456617475,0.006140776677057147,0.006140776677057147,0.010995492222718894,1.0,414.0,255.75,200.0,1.2347368421052631,0.0,0.578125,0.0022619222290813923,9.303710135019717e-07,0.00021298974752426147,2.5,1.6230875253677368,0.3892092704772949,1.6230875253677368,0.5504416823387146,1173,48.70224470831454
0.004450086271390319,0.004450086271390319,0.0008012820617295802,0.0008012820617295802,0.005251368333119899,0.75,529.0,325.25,167.0,1.2357894736842105,0.0,0.8359375,0.004990620684111491,9.299495830763284e-07,0.001088842749595642,3.5,1.8856251239776611,0.6189305186271667,1.8856251239776611,0.7465673685073853,1174,56.98483093106188
0.003492660936899483,0.003492660936899483,0.0011312217684462667,0.0011312217684462667,0.00462388270534575,0.75,487.0,276.5,128.0,1.236842105263158,0.0,0.84765625,0.0038576023653149605,9.295269771849425e-07,0.0001888275146484375,3.0,1.3489375114440918,1.6621074676513672,1.3489375114440918,1.792941689491272,1175,53.475877607939765
0.006883861613459885,0.006883861613459885,0.000584112131036818,0.000584112131036818,0.007467973744496703,0.5,538.0,344.5,199.0,1.2378947368421054,0.0,1.1484375,0.0013657682138727978,9.291031969832025e-07,0.0012788772583007812,3.75,2.011549949645996,0.05352797359228134,2.011549949645996,0.7679055333137512,1176,59.56851398921572
0.001952008402440697,0.001952008402440697,0.0012562813935801387,0.0012562813935801387,0.0032082897960208356,0.25,289.0,208.25,115.0,1.2389473684210526,0.0,0.953125,0.0023918172519188374,9.286782436297071e-07,-0.00028298795223236084,2.75,1.623537540435791,0.4950277805328369,1.623537540435791,0.46655958890914917,1177,42.21400027698837
0.0006561679765582085,0.0006561679765582085,0.0010460250778123736,0.0010460250778123736,0.001702193054370582,0.75,478.0,278.75,128.0,1.24,0.5,0.349609375,0.0013428078964352608,9.282521182862629e-07,-0.00027139484882354736,2.75,-0.20726248621940613,1.0341260433197021,-0.20726248621940613,1.504592776298523,1178,51.18440245464444
0.0018580910982564092,0.0018580910982564092,0.0012195121962577105,0.0012195121962577105,0.0030776032945141196,0.5,381.0,230.25,127.0,1.2410526315789474,0.0,0.98828125,0.0022757764090783894,9.278248221178797e-07,-0.00020167231559753418,3.25,0.5428874492645264,1.8831491470336914,0.5428874492645264,1.6679552793502808,1179,47.16397736687213
0.001953125,0.001953125,0.0008802816737443209,0.0008802816737443209,0.002833406673744321,0.75,315.0,236.25,128.0,1.2421052631578948,0.0,0.6875,0.0019201271061319858,9.273963562927694e-07,-0.00041550397872924805,2.5,0.14912497997283936,0.42461758852005005,0.14912497997283936,2.0782806873321533,1180,164.0403116911184
0.003440622298512608,0.003440622298512608,0.004217069945298135,0.004217069945298135,0.007657692243810743,0.75,406.0,315.5,192.0,1.243157894736842,0.0,0.875,0.003891259664669633,9.269667219823411e-07,-0.0006432235240936279,3.5,1.9238126277923584,0.4248828589916229,1.9238126277923584,0.43750980496406555,1181,55.917643015040085
0.001312335953116417,0.001312335953116417,0.004838709719479084,0.004838709719479084,0.006151045672595501,0.75,381.0,198.0,128.0,1.2442105263157894,0.5,0.46875,0.0035212805378250778,9.265359203611987e-07,-0.0006342679262161255,2.0,0.44926249980926514,0.38924455642700195,0.44926249980926514,1.732771635055542,1182,42.96709921001457
0.009039516909979284,0.009039516909979284,0.002632235176861286,0.002632235176861286,0.01167175208684057,0.5,429.0,234.0,127.0,1.2452631578947368,0.0,0.58203125,0.0013550456205848604,9.261039526071373e-07,-0.0013488233089447021,3.0,1.7239124774932861,0.6373330354690552,1.7239124774932861,0.9533039927482605,1183,43.47016692417674
0.001953125,0.001953125,0.0,0.0,0.001953125,0.75,247.0,157.75,128.0,1.2463157894736843,0.5,0.80078125,0.007635488756932318,9.2567081990114e-07,-3.290126915089786e-05,1.75,-1.0836708545684814,0.11832841485738754,-1.0836708545684814,0.1673416644334793,1184,148.02652163780294
0.0034276817459613085,0.0034276817459613085,0.002779826580081135,0.002779826580081135,0.0062075083260424435,0.5,493.0,285.0,163.0,1.2473684210526317,0.0,0.8125,0.006411965878214687,9.252365234273753e-07,0.0009686201810836792,3.25,0.9675250053405762,1.034956932067871,0.9675250053405762,1.240702748298645,1185,53.69630355807021
0.002265861025080085,0.002265861025080085,0.003558138385415077,0.003558138385415077,0.005823999410495162,0.75,503.0,307.5,195.0,1.2484210526315789,0.0,0.79296875,0.0027873112412635237,9.248010643731934e-07,0.00021670758724212646,3.75,1.1549749374389648,1.264625072479248,1.1549749374389648,1.4073152542114258,1186,56.063862344948575
0.0011876485077664256,0.0011876485077664256,0.005119842244312167,0.005119842244312167,0.006307490752078593,0.75,421.0,243.0,128.0,1.2494736842105263,0.0,0.90625,0.0044503260287456214,9.243644439291223e-07,0.0013377517461776733,2.5,1.0739874839782715,1.2722442150115967,1.0739874839782715,1.503027319908142,1187,45.35089914011769
0.004213483072817326,0.004213483072817326,0.0020863107638433576,0.0020863107638433576,0.006299793836660683,0.25,534.0,407.5,126.0,1.2505263157894737,0.0,0.62890625,0.002571961726062,9.239266632888658e-07,0.00012646615505218506,4.5,-1.96875,1.6705398559570312,-1.96875,1.3900502920150757,1188,190.8860786249861
0.004564652335830033,0.004564652335830033,0.002415458904579282,0.002415458904579282,0.006980111240409315,0.75,405.0,252.25,190.0,1.2515789473684211,0.0,0.6015625,0.0031306581804528832,9.234877236492996e-07,0.0013007968664169312,2.5,1.5231499671936035,0.3887673318386078,1.5231499671936035,0.49199622869491577,1189,44.32131197815761
0.0034305620938539505,0.0034305620938539505,0.0030814427882432938,0.0030814427882432938,0.006512004882097244,0.75,584.0,409.25,192.0,1.2526315789473683,0.0,0.60546875,0.001453526841942221,9.230476262104676e-07,-7.12275505065918e-06,4.25,2.1861748695373535,0.9376943111419678,2.1861748695373535,0.7830719947814941,1190,73.90403614891693
0.001861042226664722,0.001861042226664722,0.007692307699471712,0.007692307699471712,0.009553349926136434,0.25,403.0,205.25,65.0,1.2536842105263157,0.0,1.140625,0.006209695216966793,9.226063721755798e-07,0.0006023794412612915,2.5,0.986287534236908,1.1484651565551758,0.986287534236908,1.3904041051864624,1191,42.399062019074336
0.0027168176893610507,0.0027168176893610507,0.0027515850961208344,0.0027515850961208344,0.005468402785481885,0.25,639.0,389.75,215.0,1.2547368421052632,0.0,0.8046875,0.0027170589310117066,9.221639627510075e-07,0.0008120238780975342,4.5,0.9885833263397217,1.7473905086517334,0.9885833263397217,1.4524433612823486,1192,68.24639912322164
0.0033333332976326346,0.0033333332976326346,0.004303191904909909,0.004303191904909909,0.007636525202542543,0.75,578.0,343.5,196.0,1.2557894736842106,0.0,0.7734375,0.00254369288450107,9.217203991462814e-07,-0.0007677823305130005,3.5,1.4446083307266235,0.2530617415904999,1.4446083307266235,0.2256387621164322,1193,66.63140296004713
0.004032257944345474,0.004032257944345474,0.001953125,0.001953125,0.005985382944345474,0.5,248.0,151.25,101.0,1.256842105263158,0.5,0.78515625,0.006024934642482549,9.212756825740872e-07,-0.0005185604095458984,1.5,-0.7941374778747559,0.2911335229873657,-0.7941374778747559,0.4117249846458435,1194,28.81525948201306
0.0028290790505707264,0.0028290790505707264,0.0,0.0,0.0028290790505707264,0.75,326.0,225.0,188.0,1.2578947368421054,0.0,0.51953125,0.0028955289744772017,9.208298142502635e-07,0.0010197609663009644,2.5,1.4730499982833862,0.17695346474647522,1.4730499982833862,0.25029999017715454,1195,42.65008111530915
0.007426856085658073,0.007426856085658073,0.0,0.0,0.007426856085658073,0.75,334.0,257.5,193.0,1.2589473684210526,0.0,0.85546875,0.002411322755506262,9.203827953937968e-07,-0.000786319375038147,2.75,1.610724925994873,0.12434478849172592,1.610724925994873,0.3354756236076355,1196,45.04423289629631
0.001953125,0.001953125,0.0,0.0,0.001953125,0.75,384.0,237.75,128.0,1.26,0.5,0.35546875,0.003269445151090622,9.199346272268198e-07,0.0007120583904907107,2.25,0.01791250705718994,0.8572432994842529,0.01791250705718994,1.536668300628662,1197,46.98734045797028
0.002213801082689315,0.002213801082689315,0.0,0.0,0.002213801082689315,1.0,537.0,289.0,128.0,1.2610526315789474,0.0,0.79296875,0.002738400944508612,9.194853109746072e-07,-0.0007446110248565674,2.75,1.1613500118255615,1.5373916625976562,1.1613500118255615,1.5958459377288818,1198,55.340514595853165
0.00238875241484493,0.00238875241484493,0.0,0.0,0.00238875241484493,0.75,256.0,220.75,198.0,1.2621052631578946,0.0,0.95703125,0.0034962401550728828,9.190348478655723e-07,0.0006700903177261353,2.25,0.9289499521255493,0.592166543006897,0.9289499521255493,0.8368667960166931,1199,39.93464602762833
0.0004892367869615555,0.0004892367869615555,0.0005030180909670889,0.0005030180909670889,0.0009922548779286444,0.25,511.0,315.0,124.0,1.263157894736842,0.5,0.318359375,0.0017548745963722467,9.185832391312642e-07,-0.00019954596064053476,3.5,0.539637565612793,0.651050865650177,0.539637565612793,1.9302334785461426,1200,55.529910162091255
0.003695285296998918,0.003695285296998918,0.0,0.0,0.003695285296998918,1.0,428.0,263.25,128.0,1.2642105263157895,0.0,0.76171875,0.0022322290460579097,9.181304860063639e-07,0.0010410100221633911,2.5,-0.18876248598098755,0.7601574659347534,-0.18876248598098755,2.113023281097412,1201,282.56902261194773
0.003913870546966791,0.003913870546966791,0.0014204545877873898,0.0014204545877873898,0.005334325134754181,0.5,352.0,266.25,128.0,1.2652631578947369,0.0,0.7578125,0.0034725502773653716,9.176765897286811e-07,0.0009822994470596313,3.0,0.3408541679382324,0.9546471834182739,0.3408541679382324,1.1023002862930298,1202,45.54644338786602
0.0012195121962577105,0.0012195121962577105,0.0,0.0,0.0012195121962577105,1.0,205.0,147.25,128.0,1.2663157894736843,0.5,0.8828125,0.0035714107798412442,9.172215515391509e-07,0.0008941292762756348,1.25,-0.41296249628067017,0.8301964402198792,-0.41296249628067017,1.1740750074386597,1203,25.762298357207328
0.002829785575158894,0.002829785575158894,0.005844234488904476,0.005844234488904476,0.00867402006406337,0.5,547.0,411.75,258.0,1.2673684210526317,0.0,0.62890625,0.0035250846412964165,9.167653726818304e-07,-0.00086173415184021,4.25,2.3111250400543213,1.0786912441253662,2.3111250400543213,0.952959418296814,1204,71.53620144282468
0.001642637129407376,0.001642637129407376,0.0054186597699299455,0.0054186597699299455,0.0070612968993373215,0.0,534.0,342.75,101.0,1.268421052631579,0.0,1.1015625,0.0270952845166903,9.163080544038952e-07,0.0024432390928268433,4.25,1.2831833362579346,1.679166555404663,1.2831833362579346,1.6728825569152832,1205,65.4132494230289
0.0021320662926882505,0.0021320662926882505,0.0037388773635029793,0.0037388773635029793,0.00587094365619123,0.5,513.0,307.75,191.0,1.2694736842105263,0.0,0.578125,0.0039004099380690604,9.158495979556358e-07,0.0006655007600784302,3.5,1.8242125511169434,0.42491811513900757,1.8242125511169434,0.5784212946891785,1206,75.81560264434665
0.0017246462521143258,0.0017246462521143258,0.00217872898792848,0.00217872898792848,0.0039033752400428057,0.75,320.0,265.25,193.0,1.2705263157894737,0.0,0.8046875,0.0031778359261807054,9.153900045904548e-07,0.0014744400978088379,2.75,1.6605124473571777,0.33553987741470337,1.6605124473571777,0.35469067096710205,1207,51.849373567150906
0.0016501650679856539,0.0016501650679856539,0.0004826254735235125,0.0004826254735235125,0.0021327905415091664,0.75,518.0,269.25,128.0,1.271578947368421,0.5,0.388671875,0.002113080699928105,9.14929275564863e-07,0.0009122855262830853,2.75,-0.7505375146865845,0.22904956340789795,-0.7505375146865845,0.3910588026046753,1208,170.64949662890285
0.0020000000949949026,0.0020000000949949026,0.0,0.0,0.0020000000949949026,1.0,327.0,270.25,189.0,1.2726315789473683,0.0,0.609375,0.002438587980577722,9.144674121384756e-07,0.00039361417293548584,3.25,1.2691707611083984,0.712663471698761,1.2691707611083984,0.6977859735488892,1209,184.28427095804363
0.0019595943740569055,0.0019595943740569055,0.0021186440717428923,0.0021186440717428923,0.004078238445799798,0.25,482.0,378.75,214.0,1.2736842105263158,0.0,0.60546875,0.002746829210082069,9.1400441557401e-07,-0.00043494999408721924,4.5,1.3570332527160645,1.1906145811080933,1.3570332527160645,1.2200332880020142,1210,184.59092887933366
0.0011467889416962862,0.0011467889416962862,0.0011627906933426857,0.0011627906933426857,0.002309579635038972,0.75,218.0,153.25,52.0,1.2747368421052632,0.5,0.4375,0.0036236661253497005,9.135402871372808e-07,1.5303492546081543e-05,1.5,0.1745624542236328,0.0001591043546795845,0.1745624542236328,1.3562679290771484,1211,28.283669629134238
0.0,0.0,0.0026315790601074696,0.0026315790601074696,0.0026315790601074696,0.75,204.0,138.75,95.0,1.2757894736842106,0.5,0.6328125,0.0036902757710777223,9.130750280971977e-07,-0.0003699227818287909,1.5,0.12446248531341553,0.07037478685379028,0.12446248531341553,1.3009579181671143,1212,28.06903780833818
0.005050505045801401,0.005050505045801401,0.006543242838233709,0.006543242838233709,0.01159374788403511,1.0,297.0,234.5,193.0,1.276842105263158,0.0,0.62109375,0.002867838309612125,9.126086397257611e-07,0.00016003847122192383,2.75,1.5731500387191772,0.035779595375061035,1.5731500387191772,0.2630592882633209,1213,54.67516829282977
0.0035211266949772835,0.0035211266949772835,0.0012254902394488454,0.0012254902394488454,0.004746616934426129,0.75,259.0,218.0,196.0,1.2778947368421052,0.0,0.56640625,0.0020402762456797063,9.121411232980587e-07,0.0012041255831718445,2.25,0.9673125743865967,0.539398729801178,0.9673125743865967,0.7627750039100647,1214,39.9588078467641
0.0032088642474263906,0.0032088642474263906,0.006524051073938608,0.006524051073938608,0.009732915321364999,0.75,527.0,281.5,128.0,1.2789473684210526,0.0,0.80078125,0.004046612360980362,9.116724800922629e-07,-0.0007924735546112061,3.0,0.901437520980835,1.1699966192245483,0.901437520980835,1.2970612049102783,1215,54.53124611196108
0.002571724005974829,0.002571724005974829,0.00044247787445783615,0.00044247787445783615,0.0030142018804326653,1.0,565.0,363.0,257.0,1.28,0.0,0.63671875,0.0021580853062914684,9.112027113896261e-07,-0.0003095269203186035,3.75,0.8362500667572021,1.6077839136123657,0.8362500667572021,2.1068620681762695,1216,65.77403678465635
0.0017000189400278032,0.0017000189400278032,0.001946923031937331,0.001946923031937331,0.003646941971965134,0.75,545.0,407.5,226.0,1.2810526315789474,0.0,0.66796875,0.003735072270501405,9.107318184744781e-07,0.0023690909147262573,4.25,1.029924988746643,1.086646318435669,1.029924988746643,1.8498623371124268,1217,73.4577045601327
0.0023076108191162348,0.0023076108191162348,0.0012626262614503503,0.0012626262614503503,0.003570237080566585,0.75,396.0,275.75,201.0,1.2821052631578946,0.0,0.671875,0.0013671927736140788,9.102598026342222e-07,-0.0004138648509979248,3.25,0.8027041554450989,1.019536018371582,0.8027041554450989,1.4901713132858276,1218,47.2855981728062
0.0036764706019312143,0.0036764706019312143,0.0,0.0,0.0036764706019312143,1.0,272.0,178.75,128.0,1.283157894736842,0.5,0.38671875,0.002497291483450681,9.097866651593315e-07,-0.0007063448429107666,1.75,0.16186249256134033,0.1236906349658966,0.16186249256134033,1.349184274673462,1219,31.223789023933932
0.002493905136361718,0.002493905136361718,0.004752286477014422,0.004752286477014422,0.007246191613376141,0.75,457.0,263.25,195.0,1.2842105263157895,0.0,0.76171875,0.0037165612302487716,9.093124073433462e-07,-6.377696990966797e-06,2.75,1.2520248889923096,0.13633018732070923,1.2520248889923096,0.11145268380641937,1220,59.16995845688507
0.0016501650679856539,0.0016501650679856539,0.00390625,0.00390625,0.005556415067985654,1.0,303.0,205.75,128.0,1.2852631578947369,0.0,0.83984375,0.0018773601623252034,9.088370304828686e-07,-0.0012380480766296387,2.0,0.3994999825954437,1.979191780090332,0.3994999825954437,1.6180731058120728,1221,37.84490283112973
0.0028258245438337326,0.0028258245438337326,0.0031105324160307646,0.0031105324160307646,0.005936356959864497,0.25,452.0,254.0,128.0,1.2863157894736843,0.0,1.1484375,0.0051100990967825055,9.083605358775611e-07,0.001966536045074463,3.5,0.9454833269119263,0.8428124189376831,0.9454833269119263,1.6313928365707397,1222,50.74414409510791
0.003157211351208389,0.003157211351208389,0.0004562043759506196,0.0004562043759506196,0.0036134157271590084,0.5,548.0,300.75,179.0,1.2873684210526317,0.0,0.75390625,0.002801938884658739,9.078829248301416e-07,3.33636999130249e-05,3.25,1.0821208953857422,0.623886227607727,1.0821208953857422,0.7834019064903259,1223,171.8370080003515
0.0008223684271797538,0.0008223684271797538,0.0013227512827143073,0.0013227512827143073,0.002145119709894061,1.0,328.0,256.5,189.0,1.288421052631579,0.0,0.734375,0.002527160570025444,9.074041986463808e-07,0.0009399503469467163,2.5,1.5489250421524048,0.38950973749160767,1.5489250421524048,0.32968977093696594,1224,45.66469605197199
0.0036087490734644234,0.0036087490734644234,0.0,0.0,0.0036087490734644234,0.75,557.0,297.5,128.0,1.2894736842105263,0.0,0.7734375,0.004684232058934867,9.069243586350975e-07,-0.0012967437505722046,3.0,1.3110374212265015,1.6077663898468018,1.3110374212265015,1.7231112718582153,1225,57.015320006757975
0.006862604059278965,0.006862604059278965,0.0031778268748894334,0.0031778268748894334,0.010040430934168398,0.5,568.0,303.0,49.0,1.2905263157894737,0.0,0.92578125,0.0025667570589575917,9.064434061081561e-07,-0.0004901587963104248,3.5,0.037150025367736816,1.5030968189239502,0.037150025367736816,2.864332675933838,1226,179.17757258214988
0.0017269678646698594,0.0017269678646698594,0.0018382353009656072,0.0018382353009656072,0.0035652031656354666,1.0,544.0,329.0,187.0,1.291578947368421,0.0,0.6796875,0.0020694939885288477,9.059613423804622e-07,0.0003841817378997803,3.5,1.0404000282287598,0.6822519898414612,1.0404000282287598,0.8529244661331177,1227,72.8761702477932
0.005312193650752306,0.005312193650752306,0.0,0.0,0.005312193650752306,0.5,532.0,237.0,127.0,1.2926315789473684,0.0,0.96484375,0.0050773314433172345,9.0547816876996e-07,-0.0003682821989059448,2.5,-0.2082749903202057,1.1196682453155518,-0.2082749903202057,1.1071211099624634,1228,48.24798119277693
0.004774515749886632,0.004774515749886632,0.001700680237263441,0.001700680237263441,0.006475195987150073,0.75,448.0,334.0,294.0,1.2936842105263158,0.0,0.55859375,0.002289129392011091,9.049938865976275e-07,0.0002662390470504761,3.75,1.1866250038146973,0.6014649868011475,1.1866250038146973,1.6856240034103394,1229,74.52477758005261
0.004182486911304295,0.004182486911304295,0.0010964912362396717,0.0010964912362396717,0.005278978147543967,0.5,392.0,230.0,128.0,1.2947368421052632,0.0,0.74609375,0.004163674195297062,9.045084971874737e-07,0.0005691125988960266,2.75,1.1116249561309814,1.3258250951766968,1.1116249561309814,1.5551071166992188,1230,43.91662240517326
0.003170176176354289,0.003170176176354289,0.0005050505278632045,0.0005050505278632045,0.0036752267042174935,0.25,526.0,406.0,209.0,1.2957894736842106,0.0,0.80078125,0.002863372676074505,9.040220018665346e-07,0.0007665157318115234,4.25,1.9774749279022217,1.0212037563323975,1.9774749279022217,0.8618963360786438,1231,81.11164997005835
0.00753629463724792,0.00753629463724792,0.0,0.0,0.00753629463724792,0.75,289.0,204.5,75.0,1.296842105263158,0.0,1.5625,0.036685242725070566,9.0353440196487e-07,0.0031305253505706787,2.25,0.4176125228404999,1.5635368824005127,0.4176125228404999,1.3095382452011108,1232,35.81086006388068
0.0024271844886243343,0.0024271844886243343,0.0,0.0,0.0024271844886243343,0.5,412.0,192.5,102.0,1.2978947368421052,0.5,0.7265625,0.0015491071389988065,9.030456988155595e-07,0.000779375433921814,2.5,0.09756666421890259,0.032904043793678284,0.09756666421890259,1.2679301500320435,1233,37.328267354751006
0.005343238590285182,0.005343238590285182,0.0010660981060937047,0.0010660981060937047,0.006409336696378887,0.5,469.0,377.75,202.0,1.2989473684210526,0.0,0.52734375,0.0028212737233843654,9.025558937546987e-07,-0.0005676150321960449,4.25,2.286799907684326,0.7252793908119202,2.286799907684326,0.9016337990760803,1234,74.31506991107017
0.0,0.0,0.0014204545877873898,0.0014204545877873898,0.0014204545877873898,0.75,528.0,309.5,189.0,1.3,0.0,0.73046875,0.002525871095713228,9.020649881213958e-07,0.0005895644426345825,3.25,1.181833267211914,0.23474764823913574,1.181833267211914,0.37047579884529114,1235,56.8326117687393
0.001552795059978962,0.001552795059978962,0.000511247431859374,0.000511247431859374,0.002064042491838336,0.5,489.0,226.5,128.0,1.3010526315789472,0.5,0.51953125,0.002057201665593311,9.015729832577681e-07,0.0003217337653040886,2.75,-0.8127000331878662,0.3179152309894562,-0.8127000331878662,0.4260694682598114,1236,46.897649246267974
0.004837169079110026,0.004837169079110026,0.001953125,0.001953125,0.006790294079110026,0.75,349.0,263.25,128.0,1.3021052631578947,0.0,0.671875,0.002496439905371517,9.010798805089384e-07,0.0003833174705505371,2.75,1.211650013923645,1.2193703651428223,1.211650013923645,1.491823434829712,1237,50.10978548391722
0.0037726389709860086,0.0037726389709860086,0.003918495494872332,0.003918495494872332,0.00769113446585834,1.0,405.0,277.25,188.0,1.303157894736842,0.0,0.447265625,0.0012788634630851448,9.005856812230304e-07,0.0004344955086708069,2.75,1.6608250141143799,0.19491399824619293,1.6608250141143799,0.42517197132110596,1238,47.48003850108944
0.006001977017149329,0.006001977017149329,0.0005580357392318547,0.0005580357392318547,0.006560012756381184,0.75,448.0,247.25,128.0,1.3042105263157895,0.0,0.98046875,0.0071121352375485,9.000903867511664e-07,0.0008599013090133667,2.75,-0.963187575340271,1.5016295909881592,-0.963187575340271,1.801472544670105,1239,287.1413281899877
0.004457697970792651,0.004457697970792651,0.0007102272938936949,0.0007102272938936949,0.005167925264686346,0.5,428.0,280.5,152.0,1.305263157894737,0.0,0.81640625,0.007696719898376614,8.995939984474623e-07,5.672872066497803e-05,3.0,1.74857497215271,0.45986688137054443,1.74857497215271,0.7361342906951904,1240,63.93056055204943
0.0004355400742497295,0.0004355400742497295,0.001308900536969304,0.001308900536969304,0.0017444406112190336,0.75,574.0,305.5,191.0,1.3063157894736843,0.0,0.56640625,0.0013517286715796217,8.99096517669025e-07,0.0008863359689712524,3.25,1.8364626169204712,0.4430907964706421,1.8364626169204712,0.7603320479393005,1241,52.131109908921644
0.005181347019970417,0.005181347019970417,0.0026881720405071974,0.0026881720405071974,0.007869519060477614,1.0,279.0,182.0,128.0,1.3073684210526315,0.5,0.50390625,0.0038351047260221094,8.98597945775948e-07,-0.0020216256380081177,1.75,-0.20711252093315125,0.53954017162323,-0.20711252093315125,1.1074138879776,1242,36.85088842571713
0.004760414827615023,0.004760414827615023,0.0,0.0,0.004760414827615023,0.5,564.0,280.25,128.0,1.308421052631579,0.0,0.90234375,0.002706215251237154,8.980982841313074e-07,0.00031057000160217285,3.0,0.6076708436012268,0.7187681198120117,0.6076708436012268,1.129156470298767,1243,56.80844884808175
0.0015657756011933088,0.0015657756011933088,0.000621890532784164,0.000621890532784164,0.0021876661339774728,0.5,481.0,305.5,100.0,1.3094736842105263,0.0,0.82421875,0.0039461983833462,8.975975341011595e-07,-0.00103740394115448,3.25,0.8702458143234253,1.5264372825622559,0.8702458143234253,1.4868311882019043,1244,57.027622611727566
0.0,0.0,0.0031379591673612595,0.0031379591673612595,0.0031379591673612595,1.0,395.0,275.5,128.0,1.3105263157894738,0.0,0.63671875,0.002048664086032659,8.970956970545355e-07,-0.00017079710960388184,3.0,1.1612874269485474,1.3958463668823242,1.1612874269485474,1.5032705068588257,1245,65.10370025294833
0.004963596467860043,0.004963596467860043,0.0006596306338906288,0.0006596306338906288,0.005623227101750672,0.75,464.0,318.75,193.0,1.311578947368421,0.0,0.72265625,0.0031188563734758645,8.965927743634389e-07,-0.0004982352256774902,4.0,0.7737125158309937,1.6611882448196411,0.7737125158309937,1.9181796312332153,1246,54.20076439692639
0.0037855234695598483,0.0037855234695598483,0.002598261460661888,0.002598261460661888,0.006383784930221736,0.75,557.0,338.0,189.0,1.3126315789473684,0.0,0.9609375,0.001520782578154467,8.96088767402841e-07,0.0006750673055648804,3.5,1.8239874839782715,0.8137915134429932,1.8239874839782715,0.7280337810516357,1247,66.46508239302784
0.0016930022975429893,0.0016930022975429893,0.0007668711477890611,0.0007668711477890611,0.0024598734453320503,0.5,652.0,359.25,128.0,1.3136842105263158,0.0,0.73828125,0.0030693256412632763,8.955836775506775e-07,-0.00083141028881073,3.5,0.34421247243881226,1.2871994972229004,0.34421247243881226,1.111767292022705,1248,59.332109592622146
0.002463054144755006,0.002463054144755006,0.0064751385361887515,0.0064751385361887515,0.008938192680943757,0.75,406.0,233.75,128.0,1.3147368421052632,0.0,0.91796875,0.005116609390825033,8.950775061878452e-07,-0.00193844735622406,2.75,0.713687539100647,0.8969826698303223,0.713687539100647,1.1459308862686157,1249,47.50696739042178
0.0013227512827143073,0.0013227512827143073,0.0012562813935801387,0.0012562813935801387,0.002579032676294446,1.0,567.0,359.25,193.0,1.3157894736842106,0.0,0.71484375,0.0032298912992700934,8.945702546981968e-07,0.0018413066864013672,3.75,1.3667874336242676,0.15840959548950195,1.3667874336242676,0.2734091281890869,1250,64.58325442508794
0.0031889984384179115,0.0031889984384179115,0.001054852269589901,0.001054852269589901,0.0042438507080078125,0.75,251.0,228.25,197.0,1.3168421052631578,0.0,0.94140625,0.0024630772531963885,8.940619244685387e-07,0.0003800392150878906,2.5,1.5743374824523926,0.07118792086839676,1.5743374824523926,0.2723621129989624,1251,46.181512555107474
0.0014662756584584713,0.0014662756584584713,0.005014263675548136,0.005014263675548136,0.0064805393340066075,0.25,465.0,288.25,147.0,1.3178947368421052,0.0,0.78125,0.0023568706237711012,8.935525168886262e-07,-0.0005639642477035522,3.5,1.5595417022705078,0.1969056874513626,1.5595417022705078,0.37436068058013916,1252,58.090437861857936
0.00500729214400053,0.00500729214400053,0.0012499999720603228,0.0012499999720603228,0.006257292116060853,0.75,484.0,332.75,192.0,1.3189473684210526,0.0,0.53125,0.0020863963873125613,8.930420333511606e-07,7.432699203491211e-05,4.0,0.1452958583831787,0.8781853318214417,0.1452958583831787,1.8202080726623535,1253,310.08268448803574
0.001953125,0.001953125,0.0006234414177015424,0.0006234414177015424,0.0025765664177015424,0.75,401.0,193.25,116.0,1.32,0.5,0.83203125,0.010369698167778552,8.925304752517839e-07,-0.0001522451639175415,1.75,-1.0961458683013916,0.13597074151039124,-1.0961458683013916,0.19229169189929962,1254,33.05117591796443
0.002377352211624384,0.002377352211624384,0.0008417508215643466,0.0008417508215643466,0.0032191030331887305,0.5,465.0,350.75,192.0,1.3210526315789473,0.0,0.61328125,0.002289992698933929,8.920178439890764e-07,-0.0006022006273269653,4.25,1.7575457096099854,0.5543069243431091,1.7575457096099854,0.9060372710227966,1255,184.4132987249177
0.00496597052551806,0.00496597052551806,0.0026334027061238885,0.0026334027061238885,0.007599373231641948,0.25,421.0,296.75,185.0,1.3221052631578947,0.0,0.8984375,0.0021535411360673606,8.91504140964553e-07,0.0009674578905105591,4.25,1.4786791801452637,2.256866693496704,1.4786791801452637,2.19830060005188,1256,63.48519826005213
0.005919519113376737,0.005919519113376737,0.0024271844886243343,0.0024271844886243343,0.008346703602001071,1.0,429.0,310.5,189.0,1.323157894736842,0.0,0.64453125,0.0018156566366087645,8.909893675826574e-07,0.0008144527673721313,3.5,1.9613499641418457,0.8663119077682495,1.9613499641418457,0.7076298594474792,1257,60.79455195879564
0.0034884243505075574,0.0034884243505075574,0.002673796843737364,0.002673796843737364,0.006162221194244921,1.0,398.0,234.25,128.0,1.3242105263157895,0.0,0.76953125,0.004667822126066312,8.904735252507609e-07,-0.0008444488048553467,2.25,0.9361875057220459,1.077683687210083,0.9361875057220459,1.3323557376861572,1258,41.09144778829068
0.009004165651276708,0.009004165651276708,0.0018315018387511373,0.0018315018387511373,0.010835667490027845,0.75,279.0,231.25,185.0,1.325263157894737,0.0,1.6796875,0.0022149781871121377,8.899566153791565e-07,0.00023839622735977173,2.5,1.573562502861023,0.0709051564335823,1.573562502861023,0.2718966603279114,1259,46.357403826201335
0.0027676851022988558,0.0027676851022988558,0.0013157895300537348,0.0013157895300537348,0.0040834746323525906,0.75,479.0,269.75,190.0,1.3263157894736843,0.0,0.67578125,0.003064276505028829,8.894386393810562e-07,0.00046934187412261963,3.0,1.3595291376113892,0.15655936300754547,1.3595291376113892,0.18111129105091095,1260,54.922042154939845
0.00238663493655622,0.00238663493655622,0.001476377947255969,0.001476377947255969,0.003863012883812189,0.25,508.0,298.5,76.0,1.3273684210526315,0.0,0.8046875,0.0031227883882820606,8.889195986725863e-07,0.0013747215270996094,3.75,0.5118375420570374,1.043919324874878,0.5118375420570374,2.398432970046997,1261,303.05775919626467
0.004293706733733416,0.004293706733733416,0.00732600741321221,0.00732600741321221,0.011619714146945626,0.5,540.0,317.5,78.0,1.328421052631579,0.0,1.0390625,0.041578193195164204,8.883994946727847e-07,0.0006614029407501221,3.5,0.5882958769798279,1.663993239402771,0.5882958769798279,1.7983312606811523,1262,178.59776526782662
0.002506407327018678,0.002506407327018678,0.00042517005931586027,0.00042517005931586027,0.0029315773863345385,0.25,588.0,413.0,201.0,1.3294736842105264,0.0,0.59375,0.0027268900448689237,8.878783288035957e-07,0.0002484172582626343,5.0,1.2412166595458984,1.1425195932388306,1.2412166595458984,1.5581358671188354,1263,76.82484892895445
0.003651707316748798,0.003651707316748798,0.001953125,0.001953125,0.005604832316748798,0.75,532.0,265.75,128.0,1.3305263157894736,0.0,0.859375,0.003095899272011593,8.873561024898667e-07,-0.000583156943321228,2.75,1.17416250705719,1.413700819015503,1.17416250705719,1.6992014646530151,1264,49.844844648381695
0.0021883147419430315,0.0021883147419430315,0.0,0.0,0.0021883147419430315,0.25,508.0,351.0,199.0,1.331578947368421,0.0,0.640625,0.0018842350400518626,8.868328171593446e-07,0.0010580718517303467,4.0,1.1677500009536743,1.3874495029449463,1.1677500009536743,1.3807750940322876,1265,63.53702468192205
0.0018252786248922348,0.0018252786248922348,0.0009505703346803784,0.0009505703346803784,0.0027758489595726132,0.75,526.0,318.5,199.0,1.3326315789473684,0.0,0.6953125,0.0019391606620047241,8.863084742426718e-07,-0.0005740225315093994,3.5,0.26737499237060547,0.6976668834686279,0.26737499237060547,1.6005462408065796,1266,184.889874429442
0.006249541183933616,0.006249541183933616,0.007772861514240503,0.007772861514240503,0.014022402698174119,0.5,318.0,219.0,75.0,1.3336842105263158,0.0,1.0546875,0.004916939069516957,8.857830751733814e-07,-4.9874186515808105e-05,2.75,1.1111750602722168,1.325011968612671,1.1111750602722168,1.4736202955245972,1267,56.284477164037526
0.0016004039789550006,0.0016004039789550006,0.0031793583184480667,0.0031793583184480667,0.004779762297403067,0.25,485.0,345.75,199.0,1.3347368421052632,0.0,0.734375,0.0023292494006454945,8.852566213878946e-07,-0.0009987205266952515,4.0,1.8802874088287354,1.830858588218689,1.8802874088287354,1.6254396438598633,1268,68.33414595108479
0.0037358184345066547,0.0037358184345066547,0.0012953367549926043,0.0012953367549926043,0.005031155189499259,1.0,301.0,233.75,193.0,1.3357894736842106,0.0,0.73828125,0.0016031361010391265,8.847291143255158e-07,0.0008358955383300781,2.5,1.5234999656677246,0.24709850549697876,1.5234999656677246,0.2594452202320099,1269,48.38760441006161
0.0022571778390556574,0.0022571778390556574,0.0009191176504828036,0.0009191176504828036,0.003176295489538461,0.75,272.0,230.75,197.0,1.3368421052631578,0.0,1.0390625,0.003813460760284215,8.842005554284295e-07,0.0029291659593582153,2.5,1.029937505722046,0.6987805962562561,1.029937505722046,0.7989560961723328,1270,166.2727638692595
0.005383039126172662,0.005383039126172662,0.0021428571199066937,0.0021428571199066937,0.0075258962460793555,0.75,488.0,290.75,195.0,1.3378947368421052,0.0,0.75390625,0.004969852336216718,8.836709461416951e-07,-0.0005436539649963379,3.0,1.647225022315979,0.3169606029987335,1.647225022315979,0.5482610464096069,1271,52.56668070377782
0.005362877738662064,0.005362877738662064,0.002487562131136656,0.002487562131136656,0.00785043986979872,0.5,449.0,301.5,201.0,1.3389473684210527,0.0,0.66796875,0.0019772352534346282,8.831402879132445e-07,-0.0007025152444839478,3.5,1.8861249685287476,0.7606347799301147,1.8861249685287476,0.6373494863510132,1272,63.720604058587924
0.0009208103292621672,0.0009208103292621672,0.0008833922329358757,0.0008833922329358757,0.0018042025621980429,0.75,543.0,320.25,197.0,1.34,0.0,0.79296875,0.003792879229877144,8.826085821938769e-07,0.001099228858947754,3.75,2.110612392425537,0.4405805766582489,2.110612392425537,0.7839993834495544,1273,68.78949348605238
0.0012886597542092204,0.0012886597542092204,0.0012254902394488454,0.0012254902394488454,0.002514149993658066,0.75,408.0,214.5,128.0,1.3410526315789473,0.5,0.435546875,0.0020762780914083123,8.820758304372555e-07,0.00017025451234076172,2.0,-0.5094208717346191,0.9660433530807495,-0.5094208717346191,1.2510836124420166,1274,36.46756234415807
0.0022321429569274187,0.0022321429569274187,0.002487562131136656,0.002487562131136656,0.0047197050880640745,1.0,224.0,170.25,128.0,1.3421052631578947,0.5,0.54296875,0.0038839124026708305,8.815420340999033e-07,0.0019186437129974365,1.5,0.17391252517700195,0.0005126321339048445,0.17391252517700195,1.3555175065994263,1275,32.29293796303682
0.004783313721418381,0.004783313721418381,0.0034991176798939705,0.0034991176798939705,0.008282431401312351,0.5,582.0,336.25,128.0,1.343157894736842,0.0,0.62109375,0.002982769045047462,8.810071946411988e-07,-0.0005302876234054565,3.75,-0.7777833938598633,1.9296002388000488,-0.7777833938598633,1.803514838218689,1276,58.087816572980955
0.0038951472379267216,0.0038951472379267216,0.0018518518190830946,0.0018518518190830946,0.005746999057009816,0.25,451.0,416.25,362.0,1.3442105263157895,0.0,0.494140625,0.0011738293324015103,8.80471313523373e-07,0.00039164721965789795,4.5,1.945070743560791,1.0669946670532227,1.945070743560791,1.120936393737793,1277,71.27720098989084
0.002644409192726016,0.002644409192726016,0.0009157509193755686,0.0009157509193755686,0.0035601601121015847,0.25,546.0,480.75,348.0,1.345263157894737,0.0,0.48046875,0.0024567362561356276,8.799343922115043e-07,0.0003404468297958374,5.5,2.2826833724975586,0.588972806930542,2.2826833724975586,0.9410392045974731,1278,83.41910133697093
0.0030364745762199163,0.0030364745762199163,0.0,0.0,0.0030364745762199163,1.0,337.0,265.0,194.0,1.3463157894736841,0.0,0.6875,0.0016482175124110654,8.79396432173515e-07,6.301701068878174e-05,2.75,1.610587477684021,0.5124579668045044,1.610587477684021,0.43078306317329407,1279,52.0209358909633
0.003393308143131435,0.003393308143131435,0.000871080148499459,0.000871080148499459,0.004264388291630894,0.75,352.0,258.75,198.0,1.3473684210526315,0.0,0.67578125,0.002987601445056498,8.788574348801674e-07,0.0002564340829849243,3.0,1.1928125619888306,0.999336302280426,1.1928125619888306,1.1677368879318237,1280,51.36393972369842
0.0023946359287947416,0.0023946359287947416,0.001929547404870391,0.001929547404870391,0.0043241833336651325,1.0,522.0,341.25,189.0,1.348421052631579,0.0,0.62890625,0.0020950442703906447,8.783174018050593e-07,0.0005808323621749878,3.75,2.010512351989746,0.4416765868663788,2.010512351989746,0.6876991391181946,1281,60.65417696000077
0.0005307855899445713,0.0005307855899445713,0.0016086054965853691,0.0016086054965853691,0.0021393910865299404,0.25,537.0,382.5,153.0,1.3494736842105264,0.0,0.5859375,0.0017767283134162426,8.777763344246208e-07,0.0006786435842514038,4.5,1.6287167072296143,1.0194828510284424,1.6287167072296143,2.170630693435669,1282,198.12112465663813
0.005193834193050861,0.005193834193050861,0.0013513513840734959,0.0013513513840734959,0.006545185577124357,1.0,318.0,250.0,185.0,1.3505263157894736,0.0,0.78515625,0.002427457016892731,8.772342342181094e-07,-0.000516355037689209,2.75,1.57316255569458,0.31782686710357666,1.57316255569458,0.356935054063797,1283,52.600740326335654
0.0,0.0,0.0,0.0,0.0,0.5,187.0,146.5,84.0,1.351578947368421,0.5,0.2099609375,0.0036888383328914642,8.766911026676063e-07,-0.00014273077249526978,1.5,0.17413747310638428,1.7659529476077296e-05,0.17413747310638428,1.3557771444320679,1284,27.015563922934234
0.003393665188923478,0.003393665188923478,0.0,0.0,0.003393665188923478,1.0,221.0,201.5,189.0,1.3526315789473684,0.0,0.7890625,0.0021927769848844036,8.761469412580124e-07,0.002226710319519043,2.0,1.34871244430542,0.00040654849726706743,1.34871244430542,0.0003749821044038981,1285,36.78475243295543
0.0014992637443356216,0.0014992637443356216,0.003592028049752116,0.003592028049752116,0.005091291794087738,0.5,365.0,274.25,133.0,1.3536842105263158,0.0,0.875,0.005765587382484227,8.756017514770442e-07,0.0012894868850708008,3.5,1.9235999584197998,0.3180919885635376,1.9235999584197998,0.39439448714256287,1286,58.24001534213312
0.0,0.0,0.0026666666381061077,0.0026666666381061077,0.0026666666381061077,0.5,375.0,233.0,166.0,1.3547368421052632,0.0,0.875,0.002251066718599759,8.750555348152298e-07,0.0009281337261199951,3.0,0.8025166988372803,1.0201902389526367,0.8025166988372803,1.567231297492981,1287,45.48838229593821
0.0011160714784637094,0.0011160714784637094,0.0,0.0,0.0011160714784637094,0.75,288.0,240.75,203.0,1.3557894736842107,0.0,0.71875,0.004759274888783693,8.745082927659046e-07,0.002073511481285095,2.5,1.1446583271026611,0.28908878564834595,1.1446583271026611,0.4082168936729431,1288,43.20651968731545
0.002330581657588482,0.002330581657588482,0.0,0.0,0.002330581657588482,0.5,505.0,272.0,82.0,1.3568421052631578,0.0,0.89453125,0.0028082154458388686,8.739600268252076e-07,0.001078873872756958,3.25,0.9745500087738037,2.792435646057129,0.9745500087738037,2.323960304260254,1289,56.60980286868289
0.004326204536482692,0.004326204536482692,0.0018159806495532393,0.0018159806495532393,0.006142185186035931,0.5,495.0,399.75,223.0,1.3578947368421053,0.0,0.74609375,0.002496968285413459,8.734107384920769e-07,0.00039309263229370117,4.5,-0.8337082862854004,0.9187085032463074,-0.8337082862854004,1.53047513961792,1290,309.9221385328565
0.006877318024635315,0.006877318024635315,0.0012195121962577105,0.0012195121962577105,0.008096830220893025,0.5,217.0,194.0,164.0,1.3589473684210527,0.0,0.5546875,0.003103884111624211,8.728604292682458e-07,0.0012466907501220703,2.25,1.4363625049591064,0.12365531176328659,1.4363625049591064,0.17475835978984833,1291,36.00742503977381
0.004305555601604283,0.004305555601604283,0.007670969236642122,0.007670969236642122,0.011976524838246405,1.0,360.0,266.0,128.0,1.3599999999999999,0.0,0.8125,0.0020409563439898193,8.723091006582388e-07,-0.000339314341545105,2.75,1.161037564277649,1.1481822729110718,1.161037564277649,1.4477810859680176,1292,53.219279000069946
0.004385882755741477,0.004385882755741477,0.0,0.0,0.004385882755741477,0.5,545.0,390.75,198.0,1.3610526315789473,0.0,0.66015625,0.002993849164340645,8.717567541693671e-07,0.00015348196029663086,4.75,0.8257208466529846,0.6146231293678284,0.8257208466529846,0.9327542185783386,1293,68.51589630171657
0.004392641014419496,0.004392641014419496,0.006407073698937893,0.006407073698937893,0.010799714713357389,1.0,543.0,350.5,247.0,1.3621052631578947,0.0,0.6171875,0.004084550542756915,8.712033913117249e-07,-0.0010386109352111816,3.25,0.9330000281333923,0.45505860447883606,0.9330000281333923,0.8143855929374695,1294,63.20218905014917
0.0021150591783225536,0.0021150591783225536,0.001179245300590992,0.001179245300590992,0.0032943044789135456,0.75,591.0,264.75,128.0,1.3631578947368421,0.5,0.431640625,0.0019280336273368448,8.706490135981855e-07,2.2456049919128418e-05,2.5,0.2473541498184204,0.1039152517914772,0.2473541498184204,1.4453099966049194,1295,167.46212365082465
0.002174147462937981,0.002174147462937981,0.0,0.0,0.002174147462937981,0.5,653.0,411.0,128.0,1.3642105263157895,0.0,0.640625,0.0017206919146701694,8.700936225443958e-07,0.0012657493352890015,4.0,0.4339749217033386,0.49935877323150635,0.4339749217033386,1.4771363735198975,1296,74.19252915587276
0.003517581440974027,0.003517581440974027,0.0011210762895643711,0.0011210762895643711,0.004638657730538398,0.75,295.0,268.0,223.0,1.365263157894737,0.0,0.8515625,0.003968167846323922,8.695372196687742e-07,-0.00037160515785217285,3.0,1.6482625007629395,0.17686504125595093,1.6482625007629395,0.21242551505565643,1297,48.91658233595081
0.0029850746504962444,0.0029850746504962444,0.0018987341318279505,0.0018987341318279505,0.004883808782324195,0.25,631.0,483.25,335.0,1.3663157894736842,0.5,0.462890625,0.0030972966633271426,8.689798064925048e-07,0.0005073100328445435,5.25,2.8616750240325928,0.12438007444143295,2.8616750240325928,0.7509365081787109,1298,85.79915771982633
0.003243431681767106,0.003243431681767106,0.0,0.0,0.003243431681767106,1.0,449.0,254.0,128.0,1.3673684210526316,0.0,0.95703125,0.0028679253882728517,8.684213845395338e-07,0.0012454390525817871,2.75,0.7014124989509583,0.7460153102874756,0.7014124989509583,1.1983848810195923,1299,50.59563271468505
0.0030066409381106496,0.0030066409381106496,0.001291989698074758,0.001291989698074758,0.004298630636185408,0.5,596.0,364.75,190.0,1.368421052631579,0.0,0.7578125,0.003283461381215602,8.678619553365658e-07,0.0008074343204498291,4.0,-0.8508374691009521,0.24736368656158447,-0.8508374691009521,2.7488765716552734,1300,428.32300742692314
0.0013708686165045947,0.0013708686165045947,0.003682405222207308,0.003682405222207308,0.0050532738387119025,0.75,523.0,352.25,252.0,1.3694736842105264,0.0,0.66015625,0.003214059746824205,8.673015204130585e-07,0.00015944242477416992,4.0,0.8967916965484619,0.8695056438446045,0.8967916965484619,2.036419153213501,1301,189.45796924317256
0.005050505045801401,0.005050505045801401,0.0,0.0,0.005050505045801401,0.5,539.0,372.25,197.0,1.3705263157894736,0.0,0.6328125,0.0021361597173381597,8.667400813012199e-07,0.0005293041467666626,5.0,2.4985125064849854,0.6360955238342285,2.4985125064849854,0.7894271016120911,1302,69.40103445807472
0.00520997669082135,0.00520997669082135,0.004045175155624747,0.004045175155624747,0.009255151846446097,0.75,598.0,294.25,128.0,1.371578947368421,0.0,1.09375,0.006064461776986718,8.661776395360028e-07,0.0003348737955093384,3.25,1.4864000082015991,1.2188400030136108,1.4864000082015991,1.8481943607330322,1303,56.472317716805264
0.001997605781070888,0.001997605781070888,0.0,0.0,0.001997605781070888,0.5,476.0,305.5,191.0,1.3726315789473684,0.0,0.6640625,0.0016082797374110669,8.656141966551018e-07,0.0008077770471572876,4.0,1.2699583768844604,1.3845386505126953,1.2699583768844604,1.5197117328643799,1304,61.81714803585783
0.00428876222576946,0.00428876222576946,0.0037850489607080817,0.0037850489607080817,0.008073811186477542,0.75,386.0,256.25,194.0,1.3736842105263158,0.0,0.7421875,0.003817754564806819,8.650497541989481e-07,-0.0012912452220916748,2.75,1.5110750198364258,0.3714078962802887,1.5110750198364258,0.3861878514289856,1305,51.09070126200095
0.0005643340991809964,0.0005643340991809964,0.0012820513220503926,0.0012820513220503926,0.001846385421231389,1.0,443.0,255.0,189.0,1.3747368421052633,0.0,0.67578125,0.0014478502853307873,8.644843137107057e-07,8.746981620788574e-05,2.75,1.510849952697754,0.5125463604927063,1.510849952697754,0.5992023944854736,1306,47.168448691256344
0.0011627906933426857,0.0011627906933426857,0.0011655011912807822,0.0011655011912807822,0.002328291884623468,1.0,429.0,225.0,128.0,1.3757894736842105,0.5,0.515625,0.003377579676453024,8.639178767362674e-07,0.000835120677947998,2.25,-0.3819500207901001,0.7869391441345215,-0.3819500207901001,1.1554272174835205,1307,52.7493193866685
0.0050255992682650685,0.0050255992682650685,0.0013020833721384406,0.0013020833721384406,0.006327682640403509,0.75,403.0,235.5,158.0,1.3768421052631579,0.0,0.8671875,0.0017751987470546737,8.633504448242504e-07,0.002300649881362915,2.75,1.7110124826431274,0.5127407908439636,1.7110124826431274,0.7245919108390808,1308,45.595275851665065
0.0,0.0,0.0005050505278632045,0.0005050505278632045,0.0005050505278632045,0.5,495.0,224.75,128.0,1.3778947368421053,0.5,0.68359375,0.0027388601447455585,8.627820195259917e-07,0.001371145248413086,2.5,-0.29175418615341187,0.5184212327003479,-0.29175418615341187,1.0134907960891724,1309,38.81263568578288
0.0007911392604000866,0.0007911392604000866,0.0013513513840734959,0.0013513513840734959,0.0021424906444735825,1.0,356.0,262.25,185.0,1.3789473684210527,0.0,0.671875,0.0042508565820753574,8.622126023955445e-07,0.0013450086116790771,2.75,1.6241750717163086,0.6367849707603455,1.6241750717163086,0.5396233797073364,1310,55.89839893300086
0.002057613106444478,0.002057613106444478,0.0020265746861696243,0.0020265746861696243,0.004084187792614102,0.5,486.0,358.5,229.0,1.38,0.0,0.56640625,0.0030525430338457227,8.616421949896733e-07,0.000549018383026123,4.5,2.2989375591278076,0.21229113638401031,2.2989375591278076,0.9001361727714539,1311,66.26722728018649
0.005067383171990514,0.005067383171990514,0.003144653979688883,0.003144653979688883,0.008212037151679397,0.75,603.0,465.0,316.0,1.3810526315789473,0.0,0.61328125,0.002824468770995736,8.610707988678503e-07,-0.0003596395254135132,5.0,-1.3629875183105469,1.3958464860916138,-1.3629875183105469,1.241880178451538,1312,449.46210927306674
0.001752336393110454,0.001752336393110454,0.0,0.0,0.001752336393110454,0.75,428.0,236.25,128.0,1.3821052631578947,0.5,0.419921875,0.0018595941073726863,8.604984155922505e-07,0.00038845837116241455,2.75,0.674762487411499,0.42459994554519653,0.674762487411499,1.9950320720672607,1313,43.55111776874401
0.0021739129442721605,0.0021739129442721605,0.003849573200568557,0.003849573200568557,0.006023486144840717,0.5,296.0,228.0,190.0,1.3831578947368421,0.0,0.64453125,0.002661141217686236,8.599250467277483e-07,-0.0006513297557830811,3.25,1.7859123945236206,0.1239381656050682,1.7859123945236206,0.5261638760566711,1314,48.86084308102727
0.005266757914796472,0.005266757914796472,0.0004310344811528921,0.0004310344811528921,0.005697792395949364,0.5,580.0,315.75,128.0,1.3842105263157896,0.0,0.67578125,0.002793480292893946,8.593506938419119e-07,-0.0001659989356994629,3.75,-0.05240833759307861,2.0118484497070312,-0.05240833759307861,1.6879218816757202,1315,54.19901985512115
0.0008532422943972051,0.0008532422943972051,0.0023607290349900723,0.0023607290349900723,0.0032139713293872774,0.75,332.0,310.0,293.0,1.385263157894737,0.0,0.546875,0.0020679098088294268,8.587753585050004e-07,0.0001846402883529663,3.25,1.3677375316619873,0.7153975963592529,1.3677375316619873,1.0389546155929565,1316,58.497117158258334
0.0029215358663350344,0.0029215358663350344,0.0049019609577953815,0.0049019609577953815,0.007823496824130416,0.75,599.0,363.75,216.0,1.3863157894736842,0.0,0.5,0.0039722134824842215,8.581990422899585e-07,-0.00032699108123779297,3.5,0.9904416799545288,1.3558536767959595,0.9904416799545288,1.6191248893737793,1317,302.77603546110913
0.0004770992381963879,0.0004770992381963879,0.000811688310932368,0.000811688310932368,0.001288787549128756,0.5,524.0,254.25,57.0,1.3873684210526316,0.5,0.5,0.0023446238483302295,8.576217467724127e-07,0.00030702585354447365,3.0,0.2650125026702881,0.5432170629501343,0.2650125026702881,1.58969247341156,1318,46.38584219873883
0.0021459227427840233,0.0021459227427840233,0.001461988314986229,0.001461988314986229,0.0036079110577702522,0.25,342.0,200.0,57.0,1.388421052631579,0.0,0.984375,0.0019007459050044417,8.57043473530667e-07,0.0008183121681213379,2.25,-0.15697500109672546,0.7164405584335327,-0.15697500109672546,1.3094446659088135,1319,38.704794372664765
0.004243656934704632,0.004243656934704632,0.000965250947047025,0.000965250947047025,0.0052089078817516565,0.75,471.0,280.5,190.0,1.3894736842105262,0.0,0.447265625,0.0018320874078199267,8.564642241456986e-07,-0.0004793107509613037,3.25,1.6615874767303467,0.30096229910850525,1.6615874767303467,0.6375219225883484,1320,56.527490568347275
0.004477954702451825,0.004477954702451825,0.001779557322151959,0.001779557322151959,0.006257512024603784,0.5,666.0,382.0,92.0,1.3905263157894736,0.0,0.98828125,0.0033567130740266293,8.558840002011527e-07,-0.00012440979480743408,4.25,-0.7504750490188599,1.5903184413909912,-0.7504750490188599,1.8000389337539673,1321,188.71668565785512
0.0,0.0,0.0017636683769524097,0.0017636683769524097,0.0017636683769524097,0.5,567.0,237.25,126.0,1.391578947368421,0.5,0.78515625,0.004770704283146188,8.553028032833396e-07,0.00031182169914245605,2.5,-0.6626625061035156,1.0427526235580444,-0.6626625061035156,1.2655062675476074,1322,166.41829269891605
0.0009025270701386034,0.0009025270701386034,0.002487562131136656,0.002487562131136656,0.0033900892012752593,0.75,277.0,183.5,128.0,1.3926315789473684,0.5,0.62890625,0.0014318523462861776,8.547206349812297e-07,-0.0004111826419830322,1.75,0.2614250183105469,0.1236376166343689,0.2614250183105469,1.4635478258132935,1323,39.150444051250815
0.001623376621864736,0.001623376621864736,0.0008361203945241868,0.0008361203945241868,0.002459497016388923,0.25,462.0,321.0,128.0,1.3936842105263159,0.0,0.74609375,0.0020678261353168637,8.541374968864485e-07,-0.0006914287805557251,4.0,0.09976255893707275,1.0963513851165771,0.09976255893707275,2.844954490661621,1324,299.911606865935
0.0015701593365520239,0.0015701593365520239,0.0021954781259410083,0.0021954781259410083,0.0037656374624930322,0.5,544.0,413.0,202.0,1.3947368421052633,0.0,0.55859375,0.002016505692154169,8.535533905932737e-07,-0.00012320280075073242,4.75,0.759850025177002,1.5144104957580566,0.759850025177002,1.965252161026001,1325,197.1784016622696
0.0015243901871144772,0.0015243901871144772,0.001479289960116148,0.001479289960116148,0.003003680147230625,0.5,328.0,242.0,169.0,1.3957894736842105,0.0,0.7265625,0.018393260659649968,8.529683176986295e-07,0.00068625807762146,2.75,1.6609249114990234,0.195514976978302,1.6609249114990234,0.22934672236442566,1326,52.00826614187099
0.002803889219649136,0.002803889219649136,0.0005506607703864574,0.0005506607703864574,0.0033545499900355935,0.5,454.0,285.5,168.0,1.3968421052631579,0.0,0.66796875,0.001562963574542664,8.523822798020826e-07,3.886222839355469e-05,3.5,0.7118375301361084,1.2902753353118896,0.7118375301361084,1.8883013725280762,1327,54.929973900085315
0.001975662598852068,0.001975662598852068,0.0009842519648373127,0.0009842519648373127,0.002959914563689381,0.25,543.0,358.25,145.0,1.3978947368421053,0.0,0.80859375,0.001958878245204687,8.517952785058384e-07,0.0016596317291259766,4.25,1.4538124799728394,0.8409796953201294,1.4538124799728394,1.126320242881775,1328,73.41367251519114
0.005375865614041686,0.005375865614041686,0.0010964912362396717,0.0010964912362396717,0.006472356850281358,1.0,337.0,269.25,212.0,1.3989473684210525,0.0,0.7109375,0.0031110881827771664,8.512073154147361e-07,0.000528872013092041,2.75,1.6233375072479248,0.3888557255268097,1.6233375072479248,0.3400828540325165,1329,52.66729425196536
0.0032051282469183207,0.0032051282469183207,0.0020746098598465323,0.0020746098598465323,0.005279738106764853,0.75,555.0,298.5,192.0,1.4,0.0,0.46484375,0.0016952503065112978,8.506183921362442e-07,0.0003245919942855835,3.0,0.9197583198547363,0.6065090894699097,0.9197583198547363,0.857616662979126,1330,59.40570503170602
0.0026881720405071974,0.0026881720405071974,0.0012820513220503926,0.0012820513220503926,0.00397022336255759,0.75,423.0,248.5,186.0,1.4010526315789473,0.0,0.74609375,0.001875143323559314,8.500285102804567e-07,-0.0006813108921051025,3.0,1.7488499879837036,0.5667107701301575,1.7488499879837036,0.8007671236991882,1331,56.95886979205534
0.00390625,0.00390625,0.00039494471275247633,0.00039494471275247633,0.004301194712752476,1.0,633.0,269.25,128.0,1.4021052631578947,0.0,0.94921875,0.002505445620045066,8.494376714600877e-07,0.001310005784034729,2.5,-1.1631749868392944,1.8905560970306396,-1.1631749868392944,2.1911420822143555,1332,44.45812273817137
0.0020703934133052826,0.0020703934133052826,0.004951375594828278,0.004951375594828278,0.00702176900813356,0.75,483.0,285.75,186.0,1.4031578947368422,0.0,0.66015625,0.0020204971660859883,8.488458772904684e-07,0.00032423436641693115,3.25,1.8489124774932861,0.5654556155204773,1.8489124774932861,0.8914175629615784,1333,57.188069802708924
0.0018357336230110377,0.0018357336230110377,0.00390625,0.00390625,0.005741983623011038,0.5,560.0,398.25,128.0,1.4042105263157896,0.0,0.921875,0.005367083489545621,8.48253129389541e-07,-0.00019468367099761963,4.25,0.5062375068664551,1.5514453649520874,0.5062375068664551,1.4120756387710571,1334,73.31472313799895
0.000939849647693336,0.000939849647693336,0.0012690355069935322,0.0012690355069935322,0.002208885154686868,1.0,532.0,287.5,185.0,1.4052631578947368,0.0,0.66796875,0.003422142064664513,8.47659429377856e-07,0.0011836737394332886,3.0,1.3387625217437744,0.09208298474550247,1.3387625217437744,0.10692378878593445,1335,58.30014526587911
0.0005091649945825338,0.0005091649945825338,0.0008417508215643466,0.0008417508215643466,0.0013509158161468804,0.0,491.0,278.25,141.0,1.4063157894736842,0.0,0.87109375,0.0020474720222409815,8.470647788785664e-07,-0.000909268856048584,3.5,0.848562479019165,1.450329065322876,0.848562479019165,1.3242318630218506,1336,52.376487048808485
0.004189944360405207,0.004189944360405207,0.004783752956427634,0.004783752956427634,0.00897369731683284,0.5,446.0,223.5,71.0,1.4073684210526316,0.0,0.84765625,0.006207820668350905,8.464691795174239e-07,-0.0013578534126281738,2.25,0.48210832476615906,0.541726291179657,0.48210832476615906,1.036882996559143,1337,39.79112485493533
0.0008802816737443209,0.0008802816737443209,0.001399735629092902,0.001399735629092902,0.002280017302837223,0.75,433.0,303.5,193.0,1.408421052631579,0.0,0.6640625,0.002953214629087597,8.458726329227747e-07,0.002508789300918579,3.25,-0.3263375163078308,1.2908058166503906,-0.3263375163078308,1.4997069835662842,1338,174.16813697805628
0.003846153849735856,0.003846153849735856,0.0018596708541736007,0.0018596708541736007,0.005705824703909457,1.0,443.0,255.5,191.0,1.4094736842105262,0.0,0.64453125,0.002250414021546021,8.45275140725554e-07,-0.001136869192123413,2.5,1.057020902633667,0.41302695870399475,1.057020902633667,0.488727867603302,1339,49.59142927406356
0.0015723269898444414,0.0015723269898444414,0.0,0.0,0.0015723269898444414,0.75,477.0,232.25,79.0,1.4105263157894736,0.0,1.234375,0.0336501999408938,8.446767045592829e-07,0.0024250000715255737,2.5,1.0243749618530273,1.343714952468872,1.0243749618530273,1.5578709840774536,1340,44.20011528674513
0.0026574163930490613,0.0026574163930490613,0.0019580890075303614,0.0019580890075303614,0.004615505400579423,0.75,465.0,341.5,237.0,1.411578947368421,0.0,0.65234375,0.0016068040276877582,8.44077326060063e-07,-0.00043876469135284424,3.75,0.6679041385650635,1.0685384273529053,0.6679041385650635,1.3735543489456177,1341,62.41351536521688
0.0024147859076038003,0.0024147859076038003,0.0013715687382500619,0.0013715687382500619,0.003786354645853862,0.75,621.0,427.75,258.0,1.4126315789473685,0.0,0.51953125,0.002799236390274018,8.434770068665722e-07,-8.900463581085205e-05,4.75,0.4573833644390106,0.7188211679458618,0.4573833644390106,1.7038323879241943,1342,90.26858824631199
0.002435064874589443,0.002435064874589443,0.002071823226287961,0.002071823226287961,0.004506888100877404,0.5,362.0,253.5,167.0,1.4136842105263159,0.0,0.84375,0.007250937283970416,8.428757486200603e-07,0.000659644603729248,2.75,1.1699333190917969,0.5364701151847839,1.1699333190917969,0.6940593719482422,1343,46.146989105734974
0.0018791389593388885,0.0018791389593388885,0.0022411475074477494,0.0022411475074477494,0.004120286466786638,0.5,582.0,432.75,276.0,1.4147368421052633,0.0,0.69921875,0.003020308678969741,8.422735529643443e-07,0.0010187327861785889,5.0,1.3990373611450195,2.2274038791656494,1.3990373611450195,2.3250975608825684,1344,369.85495101101696
0.0016059956979006529,0.0016059956979006529,0.0,0.0,0.0016059956979006529,0.75,467.0,272.25,128.0,1.4157894736842105,0.5,0.345703125,0.002843412512447685,8.416704215458042e-07,0.00017026448040269315,2.75,0.7116875648498535,0.12319566309452057,0.7116875648498535,1.98159921169281,1345,49.401291200192645
0.001207729452289641,0.001207729452289641,0.0,0.0,0.001207729452289641,1.0,207.0,181.5,128.0,1.416842105263158,0.0,0.7421875,0.0026283690822310746,8.410663560133783e-07,-0.00039952993392944336,1.75,0.6612125039100647,0.8304439187049866,0.6612125039100647,1.1114848852157593,1346,36.00273880013265
0.008411654271185398,0.008411654271185398,0.0032616289099678397,0.0032616289099678397,0.011673283181153238,1.0,374.0,246.75,190.0,1.4178947368421053,0.0,0.625,0.0016418379091192037,8.404613580185584e-07,-0.00014184415340423584,2.5,0.5153416991233826,1.0374081134796143,0.5153416991233826,1.4036571979522705,1347,46.05725767975673
0.0029325513169169426,0.0029325513169169426,0.0008928571478463709,0.0008928571478463709,0.0038254084647633135,0.75,341.0,252.0,184.0,1.4189473684210525,0.0,0.87890625,0.0022454274294432253,8.398554292153865e-07,0.0008200109004974365,3.0,1.242650032043457,1.0348153114318848,1.242650032043457,1.2011196613311768,1348,48.69460474140942
0.004650381044484675,0.004650381044484675,0.0008620689623057842,0.0008620689623057842,0.005512450006790459,1.0,461.0,353.75,276.0,1.42,0.0,0.5703125,0.0013489710836438462,8.392485712604482e-07,0.0007572025060653687,3.75,0.8476624488830566,0.4414644241333008,0.8476624488830566,1.5732921361923218,1349,181.48585440195166
0.0015773498453199863,0.0015773498453199863,0.0013440860202535987,0.0013440860202535987,0.002921435865573585,1.0,319.0,284.5,186.0,1.4210526315789473,0.0,0.6875,0.0016977356281131506,8.386407858128706e-07,0.0021965205669403076,2.75,1.723775029182434,0.14198704063892365,1.723775029182434,0.26053252816200256,1350,50.11532049998641
0.0029881431255489588,0.0029881431255489588,0.003554107854142785,0.003554107854142785,0.006542250979691744,0.5,307.0,258.25,225.0,1.4221052631578948,0.0,0.74609375,0.0017859841755125672,8.380320745343152e-07,0.000421866774559021,3.0,1.2941832542419434,0.570976972579956,1.2941832542419434,0.5976805090904236,1351,167.3806237571407
0.003983173985034227,0.003983173985034227,0.0008012820617295802,0.0008012820617295802,0.0047844560467638075,0.75,435.0,316.75,188.0,1.4231578947368422,0.0,0.71875,0.0014418168721022084,8.374224390889759e-07,0.001074567437171936,3.5,1.9735249280929565,0.4947271943092346,1.9735249280929565,0.5135986804962158,1352,58.62319728103466
0.0007788161747157574,0.0007788161747157574,0.001953125,0.001953125,0.0027319411747157574,0.75,389.0,241.5,128.0,1.4242105263157896,0.0,1.03125,0.0028928680112585425,8.368118811435725e-07,2.562999725341797e-06,2.75,0.6615999937057495,2.3498573303222656,0.6615999937057495,1.9196536540985107,1353,45.30079740611836
0.0021739129442721605,0.0021739129442721605,0.0006756756920367479,0.0006756756920367479,0.0028495886363089085,0.75,460.0,271.5,128.0,1.4252631578947368,0.5,0.39453125,0.002282711793668568,8.362004023673472e-07,5.7957357057603076e-05,3.0,-0.19840416312217712,1.4060641527175903,-0.19840416312217712,1.8688936233520508,1354,173.57941684895195
0.005654501728713512,0.005654501728713512,0.0038016801117919385,0.0038016801117919385,0.009456181840505451,1.0,286.0,238.5,128.0,1.4263157894736842,0.0,0.78515625,0.004206078359857202,8.355880044320597e-07,-0.0007096827030181885,2.5,0.011412501335144043,0.47780972719192505,0.011412501335144043,1.8940134048461914,1355,174.0307033956051
0.002508171950466931,0.002508171950466931,0.0007507507689297199,0.0007507507689297199,0.003258922719396651,1.0,333.0,215.0,128.0,1.4273684210526316,0.0,0.86328125,0.006203507189638913,8.349746890119824e-07,0.0021934807300567627,2.25,0.557445764541626,1.1189669370651245,0.557445764541626,1.1073015928268433,1356,42.82953756581992
0.002057613106444478,0.002057613106444478,0.002065241744276136,0.002065241744276136,0.004122854850720614,0.5,526.0,368.75,243.0,1.4284210526315788,0.0,0.546875,0.0035978866508230567,8.343604577838964e-07,-0.0005259215831756592,4.25,0.8862749934196472,0.353235125541687,0.8862749934196472,1.6001148223876953,1357,75.97736798995174
0.0020107238087803125,0.0020107238087803125,0.0012195121962577105,0.0012195121962577105,0.003230236005038023,0.75,373.0,208.5,128.0,1.4294736842105262,0.5,0.45703125,0.0013833535194862634,8.337453124270862e-07,-0.0003098121378570795,2.5,0.48723745346069336,0.44231292605400085,0.48723745346069336,1.7916532754898071,1358,40.1154882053379
0.003914217930287123,0.003914217930287123,0.0055555556900799274,0.0055555556900799274,0.00946977362036705,0.25,519.0,320.25,90.0,1.4305263157894736,0.0,0.890625,0.0019512933649821207,8.33129254623336e-07,0.0012772530317306519,4.0,1.3033374547958374,0.2121143341064453,1.3033374547958374,0.19307492673397064,1359,66.57558880816214
0.003304746001958847,0.003304746001958847,0.0010593220358714461,0.0010593220358714461,0.004364068037830293,0.75,491.0,354.5,236.0,1.431578947368421,0.0,0.58984375,0.002536054060328752,8.325122860569241e-07,0.0011008977890014648,4.0,1.6924500465393066,1.5650393962860107,1.6924500465393066,1.4311439990997314,1360,76.20785797270946
0.0013404826167970896,0.0013404826167970896,0.0015060240402817726,0.0015060240402817726,0.002846506657078862,0.25,373.0,320.75,280.0,1.4326315789473685,0.0,0.7734375,0.007132347614970058,8.318944084146191e-07,0.0013926029205322266,3.5,2.0240375995635986,0.17651158571243286,2.0240375995635986,0.16584469377994537,1361,68.44687411841005
0.0023002679808996618,0.0023002679808996618,0.0010638297535479069,0.0010638297535479069,0.0033640977344475687,0.0,476.0,349.5,235.0,1.433684210526316,0.0,0.70703125,0.0037358209083322436,8.312756233856748e-07,0.0005480945110321045,4.5,0.9366500377655029,1.3555355072021484,0.9366500377655029,1.280040979385376,1362,103.90037494222634
0.0007331378292292356,0.0007331378292292356,0.002675580559298396,0.002675580559298396,0.0034087183885276318,1.0,342.0,301.25,206.0,1.434736842105263,0.0,0.62890625,0.002223418327048421,8.306559326618259e-07,0.0014928430318832397,3.0,1.7483999729156494,0.45986688137054443,1.7483999729156494,0.40638673305511475,1363,59.26880052383058
0.002908530179411173,0.002908530179411173,0.0013020833721384406,0.0013020833721384406,0.0042106135515496135,1.0,463.0,261.75,192.0,1.4357894736842105,0.0,0.64453125,0.002450492524076253,8.300353379372833e-07,0.0011340230703353882,2.75,1.6607375144958496,0.5837342739105225,1.6607375144958496,0.764456570148468,1364,48.31644719932228
0.010924533242359757,0.010924533242359757,0.0031322844442911446,0.0031322844442911446,0.014056817686650902,1.0,440.0,251.0,128.0,1.436842105263158,0.0,0.75,0.0023020357766654342,8.294138409087289e-07,-0.0013226568698883057,2.5,-0.18828749656677246,0.7596625089645386,-0.18828749656677246,2.113497734069824,1365,167.48748088022694
0.003952569328248501,0.003952569328248501,0.004010695032775402,0.004010695032775402,0.007963264361023903,1.0,436.0,251.0,128.0,1.4378947368421053,0.0,0.8984375,0.0023598617990501225,8.287914432753123e-07,-0.0003775954246520996,2.5,0.6442333459854126,0.6649396419525146,0.6442333459854126,1.2001780271530151,1366,47.36696862569079
0.0032032240414991975,0.0032032240414991975,0.000830564764328301,0.000830564764328301,0.0040337888058274984,1.0,301.0,221.0,128.0,1.4389473684210525,0.0,0.671875,0.003459537634626031,8.281681467386445e-07,0.0001595616340637207,2.25,0.9366999864578247,0.8306383490562439,0.9366999864578247,1.3016221523284912,1367,41.599734634160995
0.0032199981505982578,0.0032199981505982578,0.000521920679602772,0.000521920679602772,0.0037419188302010298,0.5,492.0,403.0,273.0,1.44,0.0,0.5859375,0.0018915896653197706,8.275439530027947e-07,-0.0004644840955734253,4.75,2.184466600418091,0.6214879751205444,2.184466600418091,0.5943381786346436,1368,81.91692182933912
0.003873771638609469,0.003873771638609469,0.00043252596515230834,0.00043252596515230834,0.004306297603761777,1.0,578.0,361.25,189.0,1.4410526315789474,0.0,0.6015625,0.0015440739807672799,8.269188637742846e-07,0.0005617886781692505,3.75,0.42009586095809937,1.7027896642684937,0.42009586095809937,1.7714712619781494,1369,63.00460129114799
0.0005694761057384312,0.0005694761057384312,0.00206611561588943,0.00206611561588943,0.0026355917216278613,0.5,439.0,234.25,128.0,1.4421052631578948,0.5,0.431640625,0.0037110619014129043,8.262928807620843e-07,0.00046472251415252686,3.25,0.8499875068664551,0.2121497094631195,0.8499875068664551,2.150181770324707,1370,44.57245059404522
0.002398040611296892,0.002398040611296892,0.0011037527583539486,0.0011037527583539486,0.0035017933696508408,1.0,453.0,320.0,216.0,1.4431578947368422,0.0,0.734375,0.0018278068455401808,8.256660056776074e-07,0.0009672343730926514,3.25,1.0672874450683594,1.0344794988632202,1.0672874450683594,1.2372206449508667,1371,62.74576467182487
0.002057613106444478,0.002057613106444478,0.0019194098422303796,0.0019194098422303796,0.003977022948674858,0.5,486.0,337.25,188.0,1.4442105263157896,0.0,0.625,0.0017639300203882158,8.250382402347064e-07,0.001085922122001648,3.5,2.123412609100342,0.3179328143596649,2.123412609100342,0.7428592443466187,1372,62.6087892872747
0.0015625000232830644,0.0015625000232830644,0.004849646240472794,0.004849646240472794,0.006412146263755858,1.0,480.0,294.5,128.0,1.4452631578947368,0.0,0.75,0.004094275296665728,8.244095861496685e-07,-0.0010109096765518188,3.0,0.47103747725486755,1.4979525804519653,0.47103747725486755,1.3037818670272827,1373,53.12992463121191
0.00369352288544178,0.00369352288544178,0.0008417508215643466,0.0008417508215643466,0.004535273707006127,0.75,539.0,309.0,128.0,1.4463157894736842,0.0,0.8125,0.004684917745180428,8.237800451412094e-07,0.0010126978158950806,3.0,0.7925750017166138,0.6267440915107727,0.7925750017166138,1.6752216815948486,1374,62.24511578073725
0.000830564764328301,0.000830564764328301,0.0017985611921176314,0.0017985611921176314,0.0026291259564459324,0.75,602.0,397.0,283.0,1.4473684210526316,0.0,0.65234375,0.002550894336309284,8.231496189304704e-07,-0.00039693713188171387,4.5,1.5937583446502686,1.1711691617965698,1.5937583446502686,1.4561337232589722,1375,73.78638677601703
0.0022135479375720024,0.0022135479375720024,0.000851788732688874,0.000851788732688874,0.0030653366702608764,0.5,587.0,391.5,205.0,1.4484210526315788,0.0,0.671875,0.0020609819039236754,8.225183092410127e-07,-0.00013799965381622314,4.25,1.7469667196273804,0.42717495560646057,1.7469667196273804,0.7014156579971313,1376,71.20690802391618
0.004833947634324431,0.004833947634324431,0.000688705244101584,0.000688705244101584,0.005522652878426015,0.75,669.0,356.0,190.0,1.4494736842105262,0.0,0.71875,0.002518456953112036,8.218861177988128e-07,0.0008659809827804565,3.5,1.6322083473205566,1.1199746131896973,1.6322083473205566,1.3342288732528687,1377,75.59060340886936
0.0,0.0,0.0015772870974615216,0.0015772870974615216,0.0015772870974615216,1.0,574.0,286.75,128.0,1.4505263157894737,0.5,0.384765625,0.00319868276710622,8.212530463322582e-07,0.00018489360809326172,3.0,0.8497124910354614,0.46002593636512756,0.8497124910354614,2.200927257537842,1378,58.079305957537144
0.005127728218212724,0.005127728218212724,0.0,0.0,0.005127728218212724,0.75,580.0,308.5,128.0,1.451578947368421,0.0,0.66796875,0.0010623348789522424,8.206190965721418e-07,-0.0012767910957336426,3.25,-0.7319250106811523,1.6348309516906738,-0.7319250106811523,2.158245086669922,1379,53.93195337220095
0.008668154943734407,0.008668154943734407,0.0011600927682593465,0.0011600927682593465,0.009828247711993754,1.0,431.0,256.75,128.0,1.4526315789473685,0.0,0.80078125,0.002674074989045039,8.199842702516582e-07,-0.00023993849754333496,2.5,-0.6819875240325928,1.1042710542678833,-0.6819875240325928,1.6762901544570923,1380,524.5199941920582
0.0012499999720603228,0.0012499999720603228,0.0019157087663188577,0.0019157087663188577,0.0031657087383791804,0.75,400.0,259.75,187.0,1.453684210526316,0.0,0.71875,0.0021640161867253482,8.193485691063984e-07,-3.419816493988037e-05,2.75,1.6235625743865967,0.10668467730283737,1.6235625743865967,0.41355305910110474,1381,44.29449779796414
0.002199413487687707,0.002199413487687707,0.0018450184725224972,0.0018450184725224972,0.004044431960210204,0.75,341.0,217.0,128.0,1.454736842105263,0.5,0.478515625,0.00275887711904943,8.187119948743449e-07,0.000972129637375474,2.75,0.6119375228881836,0.37202656269073486,0.6119375228881836,1.9102343320846558,1382,44.20760688884184
0.001953125,0.001953125,0.0005263157654553652,0.0005263157654553652,0.002479440765455365,0.75,475.0,332.25,128.0,1.4557894736842105,0.0,0.75,0.0024396022490691394,8.180745492958674e-07,0.0013300180435180664,3.5,0.31902503967285156,0.573569655418396,0.31902503967285156,2.10843563079834,1383,305.17688780114986
0.0019083969527855515,0.0019083969527855515,0.0,0.0,0.0019083969527855515,1.0,262.0,182.0,128.0,1.456842105263158,0.5,0.427734375,0.0029878919012844563,8.174362341137176e-07,0.00048365796101279557,1.75,0.19955003261566162,0.1415627896785736,0.19955003261566162,1.3947330713272095,1384,31.85181689891033
0.005461386172100902,0.005461386172100902,0.0019329896895214915,0.0019329896895214915,0.007394375861622393,0.5,444.0,339.5,173.0,1.4578947368421051,0.0,0.79296875,0.002508345351088792,8.167970510730252e-07,-8.6173415184021e-05,4.0,0.9363250732421875,1.360826849937439,0.9363250732421875,2.2379770278930664,1385,184.9295723598916
0.0014880952658131719,0.0014880952658131719,0.002512254985049367,0.002512254985049367,0.004000350250862539,0.0,540.0,279.5,168.0,1.4589473684210525,0.0,0.69140625,0.009894620045088232,8.16157001921292e-07,0.0006897002458572388,3.25,1.317812442779541,1.1762897968292236,1.317812442779541,1.3582364320755005,1386,55.641374301863834
0.002158165705623105,0.002158165705623105,0.0008635578560642898,0.0008635578560642898,0.003021723561687395,0.75,579.0,411.5,201.0,1.46,0.0,0.7734375,0.0034942874044645578,8.15516088408388e-07,0.003173232078552246,4.25,1.6410748958587646,1.4970512390136719,1.6410748958587646,1.520060658454895,1387,76.21984730288386
0.006352032069116831,0.006352032069116831,0.002289723081048578,0.002289723081048578,0.008641755150165409,0.75,437.0,361.5,319.0,1.4610526315789474,0.0,0.57421875,0.002134561917046085,8.148743122865463e-07,0.00031404197216033936,4.0,2.1485748291015625,0.10560642927885056,2.1485748291015625,0.108063243329525,1388,71.54710476123728
0.0036059351405128837,0.0036059351405128837,0.0,0.0,0.0036059351405128837,0.75,403.0,304.75,207.0,1.4621052631578948,0.0,0.51171875,0.0012638349435292184,8.14231675310358e-07,-0.0004402846097946167,3.5,-0.16583335399627686,2.0357370376586914,-0.16583335399627686,1.672946572303772,1389,54.64978756313212
0.0033322363160550594,0.0033322363160550594,0.0025394581025466323,0.0025394581025466323,0.005871694418601692,0.75,653.0,365.25,206.0,1.4631578947368422,0.0,0.74609375,0.001965976582141593,8.135881792367685e-07,7.297098636627197e-05,3.75,0.3969416916370392,0.6975609064102173,0.3969416916370392,0.696721076965332,1390,67.82874700892717
0.0026273519033566117,0.0026273519033566117,0.001953125,0.001953125,0.004580476903356612,0.5,523.0,299.5,128.0,1.4642105263157894,0.0,0.859375,0.008026583818718791,8.129438258250711e-07,0.0027636736631393433,3.25,0.9874750375747681,2.8107142448425293,0.9874750375747681,2.2950289249420166,1391,61.27926741517149
0.0028735632076859474,0.0028735632076859474,0.0,0.0,0.0028735632076859474,0.5,348.0,320.0,252.0,1.4652631578947368,0.0,0.58984375,0.0018326214922126383,8.122986168369039e-07,6.355345249176025e-05,3.75,1.5044125318527222,1.0525461435317993,1.5044125318527222,1.1569839715957642,1392,60.8575153297279
0.001022494863718748,0.001022494863718748,0.0009259259095415473,0.0009259259095415473,0.0019484207732602954,0.25,540.0,343.75,158.0,1.4663157894736842,0.0,0.83984375,0.0027459815610200167,8.116525540362433e-07,0.0024468302726745605,4.0,1.068000078201294,0.4980977773666382,1.068000078201294,0.6599046587944031,1393,191.19931077584624
0.0009225092362612486,0.0009225092362612486,0.0009842519648373127,0.0009842519648373127,0.0019067612010985613,0.75,390.0,276.0,189.0,1.4673684210526317,0.0,0.67578125,0.002836262370692566,8.110056391894003e-07,-0.00022047758102416992,3.0,1.0734000205993652,1.4140722751617432,1.0734000205993652,1.5769004821777344,1394,51.58789586275816
0.003308095328975469,0.003308095328975469,0.0008896797080524266,0.0008896797080524266,0.0041977750370278955,0.5,562.0,381.75,273.0,1.4684210526315788,0.0,0.63671875,0.004150979599216953,8.103578740650156e-07,0.0009516775608062744,4.25,1.6037750244140625,1.089510202407837,1.6037750244140625,1.2453402280807495,1395,72.87666523875669
0.0018119807937182486,0.0018119807937182486,0.0,0.0,0.0018119807937182486,0.5,491.0,285.5,145.0,1.4694736842105263,0.0,0.84375,0.0019419836171437055,8.097092604340541e-07,0.000723719596862793,3.5,1.4514374732971191,0.2870323359966278,1.4514374732971191,0.294818252325058,1396,59.34445981681347
0.0013345195911824703,0.0013345195911824703,0.0026007588021457195,0.0026007588021457195,0.00393527839332819,0.5,562.0,385.5,193.0,1.4705263157894737,0.0,0.66015625,0.003347873716847971,8.090598000698008e-07,0.0025563091039657593,4.25,1.3156417608261108,1.355818271636963,1.3156417608261108,2.0935797691345215,1397,69.43140155100264
0.002398318436462432,0.002398318436462432,0.0,0.0,0.002398318436462432,0.25,426.0,326.75,78.0,1.471578947368421,0.0,0.9921875,0.03160602992284112,8.084094947478554e-07,0.003272131085395813,4.25,1.0327832698822021,2.2148232460021973,1.0327832698822021,1.8522151708602905,1398,303.1252427601721
0.0034403670579195023,0.0034403670579195023,0.001043841359205544,0.001043841359205544,0.004484208417125046,0.75,479.0,238.25,128.0,1.4726315789473685,0.5,0.396484375,0.0017312637064605951,8.077583462461282e-07,-0.0004458432667888701,2.25,0.1272749900817871,0.06572556495666504,0.1272749900817871,1.3038756847381592,1399,42.8447326219175
0.0018999016610905528,0.0018999016610905528,0.0009671180159784853,0.0009671180159784853,0.002867019677069038,0.75,517.0,351.75,190.0,1.4736842105263157,0.0,0.5703125,0.0019323531014379114,8.071063563448339e-07,-4.616379737854004e-05,3.75,0.14236250519752502,2.341177463531494,0.14236250519752502,2.2518744468688965,1400,506.69669080432504
0.002152679953724146,0.002152679953724146,0.0016447368543595076,0.0016447368543595076,0.0037974168080836535,0.25,552.0,365.25,204.0,1.4747368421052631,0.0,0.65234375,0.0014671780518256128,8.064535268264883e-07,0.0004295259714126587,4.5,1.855625033378601,1.5476092100143433,1.855625033378601,1.4773640632629395,1401,76.04541759891436
0.002211683546192944,0.002211683546192944,0.00591428205370903,0.00591428205370903,0.008125965599901974,0.5,507.0,272.0,128.0,1.4757894736842105,0.0,0.78515625,0.0020542919810395688,8.057998594759022e-07,-0.002256155014038086,3.25,0.8201333284378052,1.5966706275939941,0.8201333284378052,1.5028905868530273,1402,63.84161858796142
0.005546834086999297,0.005546834086999297,0.007111378246918321,0.007111378246918321,0.012658212333917618,0.75,546.0,359.75,192.0,1.476842105263158,0.0,0.671875,0.0028668585000559688,8.051453560801771e-07,0.0006224513053894043,3.75,1.6717791557312012,0.5680837035179138,1.6717791557312012,0.5598289966583252,1403,74.8056443638634
0.0022639016387984157,0.0022639016387984157,0.0014044943964108825,0.0014044943964108825,0.003668396035209298,0.5,411.0,316.0,195.0,1.4778947368421052,0.0,0.72265625,0.0027681533829309046,8.044900184287006e-07,0.0006858408451080322,3.5,1.7141375541687012,0.6497427225112915,1.7141375541687012,0.5812650918960571,1404,59.41078430088237
0.0013440860202535987,0.0013440860202535987,0.0022931525018066168,0.0022931525018066168,0.0036372385220602155,0.75,558.0,299.25,191.0,1.4789473684210526,0.0,0.65234375,0.0021120503661222756,8.038338483131406e-07,0.0009319782257080078,3.0,1.811174988746643,0.6549929976463318,1.811174988746643,0.9258838891983032,1405,55.60118227312341
0.0035173960495740175,0.0035173960495740175,0.001231527072377503,0.001231527072377503,0.0047489231219515204,0.75,456.0,285.75,203.0,1.48,0.0,0.85546875,0.004383783991215751,8.031768475274412e-07,0.0014886558055877686,3.25,1.7855875492095947,0.619231104850769,1.7855875492095947,0.5252809524536133,1406,55.67116397921927
0.0065006406512111425,0.0065006406512111425,0.0032437811605632305,0.0032437811605632305,0.009744421811774373,0.0,433.0,282.75,201.0,1.4810526315789474,0.0,0.828125,0.0037197001511231065,8.025190178678174e-07,0.0006565898656845093,3.5,1.5542874336242676,1.3702845573425293,1.5542874336242676,1.2816739082336426,1407,60.94453726685606
0.002577319508418441,0.002577319508418441,0.0005446622963063419,0.0005446622963063419,0.0031219818047247827,0.75,459.0,282.0,194.0,1.4821052631578948,0.0,0.78515625,0.0026709128287620842,8.018603611327504e-07,0.0017029643058776855,3.0,1.3011499643325806,0.3138493299484253,1.3011499643325806,0.3665839433670044,1408,61.119761967798695
0.0007062146905809641,0.0007062146905809641,0.001859756070189178,0.001859756070189178,0.002565970760770142,0.75,410.0,291.5,200.0,1.4831578947368422,0.0,0.55078125,0.0026435198669787496,8.012008791229825e-07,0.0006984472274780273,3.25,1.377112627029419,0.45507627725601196,1.377112627029419,0.4750996530056,1409,51.800721172010526
0.0,0.0,0.0,0.0,0.0,0.5,327.0,206.75,146.0,1.4842105263157894,0.0,0.8203125,0.011236391845159233,8.005405736415125e-07,0.0009969621896743774,2.5,1.511162519454956,0.23032236099243164,1.511162519454956,0.3251919448375702,1410,41.4947973259259
0.0031250000465661287,0.0031250000465661287,0.0027114341501146555,0.0027114341501146555,0.005836434196680784,0.75,428.0,239.5,128.0,1.4852631578947368,0.0,0.7109375,0.001790379435988143,7.998794464935903e-07,-0.0007653683423995972,2.5,-0.2633875012397766,0.7601928114891052,-0.2633875012397766,2.03267502784729,1411,40.996109317056835
0.005696630571037531,0.005696630571037531,0.001953125,0.001953125,0.007649755571037531,0.5,579.0,346.25,128.0,1.4863157894736843,0.0,0.890625,0.00255418595043011,7.992174994867123e-07,0.0018106251955032349,3.75,0.43718746304512024,2.7042417526245117,0.43718746304512024,2.386042356491089,1412,184.09039185778238
0.0032943248515948653,0.0032943248515948653,0.0004520795773714781,0.0004520795773714781,0.0037464044289663434,0.75,553.0,357.0,199.0,1.4873684210526315,0.0,0.58203125,0.0024880611163098365,7.985547344306161e-07,0.0004526376724243164,3.75,1.3951833248138428,0.7125750780105591,1.3951833248138428,1.1033008098602295,1413,67.23276907904074
0.005876951385289431,0.005876951385289431,0.002520608832128346,0.002520608832128346,0.008397560217417777,0.5,540.0,407.25,190.0,1.4884210526315789,0.0,1.28125,0.004288435855414718,7.978911531372764e-07,0.0007196515798568726,5.0,0.8725125789642334,0.6870778799057007,0.8725125789642334,1.6174793243408203,1414,80.00185803812928
0.0032613148214295506,0.0032613148214295506,0.0010669969487935305,0.0010669969487935305,0.004328311770223081,0.75,514.0,410.75,190.0,1.4894736842105263,0.0,0.66796875,0.0035276112612336874,7.97226757420899e-07,3.7103891372680664e-05,4.5,-0.005116671323776245,1.0202608108520508,-0.005116671323776245,0.9811915159225464,1415,201.8221004391089
0.002102766535244882,0.002102766535244882,0.004562706220895052,0.004562706220895052,0.006665472756139934,0.5,606.0,405.5,200.0,1.4905263157894737,0.0,0.6015625,0.004009471362223849,7.965615490979163e-07,-0.00019240379333496094,4.25,1.124150037765503,2.0149714946746826,1.124150037765503,2.191549301147461,1416,81.3901594907511
0.0017564402660354972,0.0017564402660354972,0.0028072275454178452,0.0028072275454178452,0.0045636678114533424,0.75,427.0,316.75,258.0,1.4915789473684211,0.0,0.75390625,0.0055204346717800945,7.958955299869825e-07,-0.0002644062042236328,3.5,1.4923499822616577,0.9635037183761597,1.4923499822616577,1.1647844314575195,1417,74.89724301896058
0.0038699094438925385,0.0038699094438925385,0.0,0.0,0.0038699094438925385,0.5,479.0,306.5,128.0,1.4926315789473685,0.0,0.796875,0.003591750282794237,7.952287019089685e-07,0.00044783949851989746,3.75,0.7075833082199097,0.6481812000274658,0.7075833082199097,1.759941816329956,1418,68.01993864658289
0.0009157509193755686,0.0009157509193755686,0.0009578543831594288,0.0009578543831594288,0.0018736053025349975,0.75,546.0,299.5,195.0,1.4936842105263157,0.0,0.75,0.012537799164419994,7.945610666869567e-07,0.0003032684326171875,3.0,1.3796249628067017,1.1229915618896484,1.3796249628067017,1.2971078157424927,1419,61.925903622293845
0.00047438329784199595,0.00047438329784199595,0.0023923444095999002,0.0023923444095999002,0.002866727707441896,0.5,527.0,300.25,128.0,1.4947368421052631,0.5,0.359375,0.0029733542178291827,7.938926261462365e-07,-0.00036869943141937256,3.5,0.9249999523162842,0.0707106962800026,0.9249999523162842,2.224297523498535,1420,65.37262930395082
0.0021616159938275814,0.0021616159938275814,0.003787878784351051,0.003787878784351051,0.005949494778178632,0.5,624.0,385.25,198.0,1.4957894736842106,0.0,0.64453125,0.0028107863035984337,7.932233821142986e-07,-5.075335502624512e-05,4.0,2.3486623764038086,1.41493821144104,2.3486623764038086,1.161695122718811,1421,74.46685663284734
0.0034722222480922937,0.0034722222480922937,0.0021008404437452555,0.0021008404437452555,0.005573062691837549,0.75,288.0,219.25,119.0,1.496842105263158,0.0,0.80078125,0.0028698996757157147,7.925533364208308e-07,0.0005598366260528564,2.25,0.9364374876022339,1.0775070190429688,0.9364374876022339,1.3116631507873535,1422,43.78181396611035
0.003768844297155738,0.003768844297155738,0.0021186440717428923,0.0021186440717428923,0.00588748836889863,0.5,199.0,169.75,118.0,1.4978947368421052,0.0,1.0703125,0.004377655510324985,7.918824908977122e-07,0.0026971101760864258,2.0,0.7111250162124634,0.9015964865684509,0.7111250162124634,1.2750500440597534,1423,38.735334526980296
0.0050896103493869305,0.0050896103493869305,0.0015822785208001733,0.0015822785208001733,0.006671888870187104,0.5,415.0,280.5,158.0,1.4989473684210526,0.0,0.62890625,0.0017487507429905236,7.912108473790091e-07,-0.0008467137813568115,3.25,1.7987874746322632,0.7781533002853394,1.7987874746322632,0.6724261045455933,1424,58.9564336349722
0.005892255925573409,0.005892255925573409,0.008834586711600423,0.008834586711600423,0.014726842637173831,0.75,594.0,267.5,70.0,1.5,0.0,1.140625,0.03984002795186825,7.905384077009692e-07,0.000744163990020752,2.75,1.2985625267028809,1.5898412466049194,1.2985625267028809,1.836548924446106,1425,54.54996106866747
0.002122040110407397,0.002122040110407397,0.0024556179996579885,0.0024556179996579885,0.004577658110065386,0.75,549.0,363.75,209.0,1.5010526315789474,0.0,0.6328125,0.0023758765164529905,7.898651737020166e-07,0.001615867018699646,3.75,1.6174626350402832,1.0990855693817139,1.6174626350402832,1.0690251588821411,1426,73.30482719698921
0.0023225595941767097,0.0023225595941767097,0.002158871677238494,0.002158871677238494,0.004481431271415204,0.75,511.0,296.25,186.0,1.5021052631578948,0.0,0.71875,0.0016825318016344681,7.891911472227477e-07,0.0003182739019393921,3.25,1.2796624898910522,1.086982250213623,1.2796624898910522,1.2573612928390503,1427,58.20390279497951
0.0032674772664904594,0.0032674772664904594,0.0025252525229007006,0.0025252525229007006,0.00579272978939116,0.75,315.0,239.25,99.0,1.5031578947368422,0.0,1.046875,0.004939280450344086,7.88516330105925e-07,-0.0010961592197418213,2.5,0.6047250032424927,1.6875810623168945,0.6047250032424927,1.4205902814865112,1428,46.50304936920293
0.005627009551972151,0.005627009551972151,0.0025296134408563375,0.0025296134408563375,0.008156622992828488,0.5,387.0,272.0,188.0,1.5042105263157894,0.0,0.6796875,0.0030675164016429335,7.878407241964728e-07,-0.000936552882194519,4.0,1.3290250301361084,1.0187640190124512,1.3290250301361084,1.1764003038406372,1429,57.7873684510123
0.0,0.0,0.000830564764328301,0.000830564764328301,0.000830564764328301,1.0,602.0,372.5,206.0,1.5052631578947369,0.5,0.29296875,0.002465459459926933,7.871643313414718e-07,0.0009125994401983917,3.75,0.8232625126838684,1.4841641187667847,0.8232625126838684,1.8175709247589111,1430,69.54106901190244
0.002318483544513583,0.002318483544513583,0.004878048785030842,0.004878048785030842,0.007196532329544425,0.75,460.0,264.25,189.0,1.506315789473684,0.0,0.83984375,0.0025911068951245397,7.864871533901543e-07,-0.0005562752485275269,3.0,1.7110998630523682,0.619602382183075,1.7110998630523682,0.8290051221847534,1431,50.749904525931925
0.000936329597607255,0.000936329597607255,0.0,0.0,0.000936329597607255,0.5,267.0,210.0,132.0,1.5073684210526315,0.0,0.828125,0.0031802660669200122,7.858091921938987e-07,-0.0005522221326828003,2.5,1.5232625007629395,0.24775253236293793,1.5232625007629395,0.2022908329963684,1432,45.515550410375
0.003521289909258485,0.003521289909258485,0.0015432098880410194,0.0015432098880410194,0.005064499797299504,0.5,486.0,322.25,195.0,1.5084210526315789,0.0,0.6953125,0.0018223330553155392,7.851304496062254e-07,0.00037820637226104736,3.75,0.7509083151817322,0.5151390433311462,0.7509083151817322,1.010145664215088,1433,64.55846894183196
0.005812489544041455,0.005812489544041455,0.001953125,0.001953125,0.007765614544041455,1.0,322.0,209.25,128.0,1.5094736842105263,0.0,0.9375,0.003959152847528458,7.844509274827906e-07,0.0014409273862838745,2.25,0.4867500066757202,2.1025819778442383,0.4867500066757202,1.7314255237579346,1434,38.580828815931454
0.0041701317531988025,0.0041701317531988025,0.003184652072377503,0.003184652072377503,0.007354783825576305,0.75,439.0,290.5,128.0,1.5105263157894737,0.0,0.91796875,0.0031269815808627754,7.837706276813818e-07,-0.0008372515439987183,3.0,1.1740750074386597,0.8835299611091614,1.1740750074386597,1.5018401145935059,1435,60.476848640013486
0.0013440860202535987,0.0013440860202535987,0.0,0.0,0.0013440860202535987,0.75,372.0,270.25,190.0,1.5115789473684211,0.0,0.87109375,0.002433422254398465,7.830895520619128e-07,0.0012156367301940918,2.75,1.6113749742507935,0.1237790584564209,1.6113749742507935,0.4311371445655823,1436,52.97150907875039
0.003218884114176035,0.003218884114176035,0.0025380710139870644,0.0025380710139870644,0.005756955128163099,0.75,466.0,264.5,128.0,1.5126315789473685,0.0,0.87890625,0.003929978876840323,7.824077024864179e-07,0.0005409866571426392,2.75,0.7648999691009521,0.835093080997467,0.7648999691009521,1.2094656229019165,1437,48.479207469383255
0.006166147533804178,0.006166147533804178,0.002897157217375934,0.002897157217375934,0.009063304751180112,0.5,435.0,310.75,184.0,1.5136842105263157,0.0,0.66796875,0.0033502414007671177,7.817250808190483e-07,-0.0010814815759658813,3.0,1.6482625007629395,0.1765115112066269,1.6482625007629395,0.21191999316215515,1438,55.766416780184954
0.0025510203558951616,0.0025510203558951616,0.0014024227275513113,0.0014024227275513113,0.003953443083446473,1.0,429.0,319.0,196.0,1.5147368421052632,0.0,0.625,0.002117932977853343,7.810416889260653e-07,-0.0010121315717697144,3.5,1.5011500120162964,0.17228654026985168,1.5011500120162964,0.40195897221565247,1439,70.63806071295403
0.0051879307720810175,0.0051879307720810175,0.003865979379042983,0.003865979379042983,0.009053910151124,0.75,397.0,267.75,194.0,1.5157894736842106,0.0,0.92578125,0.002503688621800393,7.803575286758363e-07,-0.0008061081171035767,3.0,1.7601375579833984,0.6893407106399536,1.7601375579833984,0.5890790820121765,1440,83.71542337397113
0.005115850828588009,0.005115850828588009,0.0,0.0,0.005115850828588009,0.0,538.0,326.0,71.0,1.5168421052631578,0.0,1.4296875,0.03831167932366952,7.796726019388295e-07,0.004267632961273193,3.75,1.7121374607086182,2.3162872791290283,1.7121374607086182,2.084746837615967,1441,67.04575195489451
0.003626376565080136,0.003626376565080136,0.0012254902394488454,0.0012254902394488454,0.0048518668045289814,0.75,463.0,276.0,194.0,1.5178947368421052,0.0,0.73828125,0.0024105724005494267,7.789869105876082e-07,0.0015988796949386597,3.0,1.8864374160766602,0.7611827850341797,1.8864374160766602,1.0757085084915161,1442,61.30759354424663
0.0020626375335268676,0.0020626375335268676,0.004686627886258066,0.004686627886258066,0.006749265419784933,0.25,566.0,372.5,71.0,1.5189473684210526,0.0,1.0625,0.02866316435392946,7.783004564968263e-07,0.002588033676147461,4.5,0.6980958580970764,1.9182806015014648,0.6980958580970764,1.8242816925048828,1443,70.48263978702016
0.0019488707766868174,0.0019488707766868174,0.0011600927682593465,0.0011600927682593465,0.003108963544946164,0.25,431.0,344.0,183.0,1.52,0.0,0.71484375,0.002752451371634379,7.776132415432232e-07,0.0014656037092208862,4.0,1.602174997329712,0.6677916049957275,1.602174997329712,0.9295912384986877,1444,75.07430085376836
0.004769392777234316,0.004769392777234316,0.0007267441833391786,0.0007267441833391786,0.0054961369605734944,0.5,437.0,308.75,187.0,1.5210526315789474,0.0,0.73828125,0.0017709352832753211,7.769252676056186e-07,-0.00022111833095550537,3.75,1.4551749229431152,0.7343657612800598,1.4551749229431152,1.2800558805465698,1445,57.65650960081257
0.0028165759285911918,0.0028165759285911918,0.0040539654437452555,0.0040539654437452555,0.006870541372336447,0.5,455.0,258.75,128.0,1.5221052631578948,0.0,0.89453125,0.0031097146566025913,7.762365365649067e-07,-0.0001258254051208496,3.0,1.249062418937683,1.272385597229004,1.249062418937683,1.649240255355835,1446,48.23877835692838
0.0015923567116260529,0.0015923567116260529,0.0009157509193755686,0.0009157509193755686,0.0025081076310016215,0.75,314.0,223.25,128.0,1.5231578947368423,0.0,0.87109375,0.0019510688434820622,7.755470503040515e-07,0.0009521692991256714,2.25,1.036787509918213,0.830691397190094,1.036787509918213,1.382389783859253,1447,43.912837081588805
0.004015984013676643,0.004015984013676643,0.002016128972172737,0.002016128972172737,0.0060321129858493805,0.25,325.0,219.25,124.0,1.5242105263157895,0.0,0.92578125,0.0042711892165243626,7.74856810708083e-07,0.002175763249397278,3.0,0.13637495040893555,1.131476879119873,0.13637495040893555,1.35589599609375,1448,160.9590270780027
0.00183031742926687,0.00183031742926687,0.0,0.0,0.00183031742926687,0.25,424.0,284.75,94.0,1.5252631578947369,0.0,1.09375,0.02896762971067801,7.741658196640891e-07,0.0019280612468719482,3.75,1.1847915649414062,1.1814576387405396,1.1847915649414062,1.496651530265808,1449,173.3453404661268
0.002660758444108069,0.002660758444108069,0.0012886597542092204,0.0012886597542092204,0.003949418198317289,0.5,433.0,291.75,194.0,1.526315789473684,0.0,0.7734375,0.003598617680836469,7.734740790612136e-07,-0.00031298398971557617,3.5,1.0382583141326904,0.6391302347183228,1.0382583141326904,1.1002277135849,1450,175.51612665993161
0.0023272762773558497,0.0023272762773558497,0.00390625,0.00390625,0.00623352627735585,0.5,516.0,389.0,128.0,1.5273684210526315,0.0,1.0703125,0.003470559779088944,7.72781590790648e-07,-1.0192394256591797e-05,4.25,0.2637208104133606,1.487817406654358,0.2637208104133606,1.8419172763824463,1451,72.62197521096095
0.0,0.0,0.0011480908724479377,0.0011480908724479377,0.0011480908724479377,0.25,549.0,373.5,55.0,1.528421052631579,0.0,1.046875,0.02546029636869207,7.720883567456298e-07,0.004338756203651428,4.25,-0.777691662311554,1.4952361583709717,-0.777691662311554,2.3889195919036865,1452,68.97836900968105
0.001436049526091665,0.001436049526091665,0.0,0.0,0.001436049526091665,0.5,656.0,338.5,128.0,1.5294736842105263,0.0,0.6640625,0.0019118490745313466,7.713943788214337e-07,0.0017887204885482788,3.25,1.5740875005722046,1.9800934791564941,1.5740875005722046,1.9279295206069946,1453,68.23790292418562
0.0008630447264295071,0.0008630447264295071,0.0,0.0,0.0008630447264295071,1.0,589.0,418.5,192.0,1.5305263157894737,0.0,0.61328125,0.0017711797263473272,7.706996589153689e-07,0.0003182440996170044,4.25,2.2855873107910156,0.9370401501655579,2.2855873107910156,0.79721999168396,1454,72.00514961290173
0.0021429602638818324,0.0021429602638818324,0.0015772870974615216,0.0015772870974615216,0.003720247361343354,0.75,317.0,215.0,68.0,1.5315789473684212,0.0,1.546875,0.03916428099910263,7.700041989267736e-07,0.003341004252433777,2.25,0.011387504637241364,0.8481215238571167,0.011387504637241364,0.977482795715332,1455,51.35110705229454
0.004522997536696494,0.004522997536696494,0.0026256004348397255,0.0026256004348397255,0.007148597971536219,0.75,534.0,472.5,354.0,1.5326315789473686,0.0,0.53515625,0.002456443980918266,7.693080007570083e-07,0.0008264929056167603,5.0,1.9851458072662354,1.7877485752105713,1.9851458072662354,1.5270273685455322,1456,239.48627977771685
0.002617801073938608,0.002617801073938608,0.0,0.0,0.002617801073938608,1.0,212.0,164.75,128.0,1.5336842105263158,0.5,0.53515625,0.002730054606217891,7.686110663094525e-07,-8.691025868756697e-05,1.5,0.17425000667572021,0.0004242501745466143,0.17425000667572021,1.3559072017669678,1457,34.667525929166004
0.0031105324160307646,0.0031105324160307646,0.0,0.0,0.0031105324160307646,0.75,405.0,247.5,128.0,1.5347368421052632,0.0,0.796875,0.005888893094379455,7.679133974894982e-07,0.0009586215019226074,2.25,-1.5382626056671143,0.6189836263656616,-1.5382626056671143,0.8455036282539368,1458,41.0123221820686
0.0023785202065482736,0.0023785202065482736,0.0030973348766565323,0.0030973348766565323,0.005475855083204806,0.5,437.0,316.75,198.0,1.5357894736842104,0.0,1.0625,0.002883468638174236,7.672149962045457e-07,0.00032745301723480225,3.25,1.519345760345459,0.9257147312164307,1.519345760345459,0.8342356085777283,1459,66.95457493700087
0.007119804387912154,0.007119804387912154,0.0027675277087837458,0.0027675277087837458,0.0098873320966959,0.5,527.0,305.25,72.0,1.5368421052631578,0.0,0.9140625,0.009968539699912071,7.665158643639969e-07,-0.0010166019201278687,3.5,1.32215416431427,1.234296202659607,1.32215416431427,1.558996558189392,1460,59.00712278508581
0.0020002881065011024,0.0020002881065011024,0.0,0.0,0.0020002881065011024,0.75,506.0,300.0,194.0,1.5378947368421052,0.0,0.75,0.0025721102429088205,7.658160038792518e-07,0.0005193501710891724,3.5,1.0910500288009644,0.859063982963562,1.0910500288009644,0.8867236971855164,1461,179.88920915080234
0.004403684637509286,0.004403684637509286,0.00390625,0.00390625,0.008309934637509286,1.0,357.0,247.5,128.0,1.5389473684210526,0.0,1.03125,0.003253051661886275,7.651154166637024e-07,-0.0007272809743881226,2.25,0.9860749244689941,1.2899394035339355,0.9860749244689941,1.370477318763733,1462,49.1876372450497
0.002487562131136656,0.002487562131136656,0.0014506769366562366,0.0014506769366562366,0.0039382390677928925,0.5,517.0,336.75,201.0,1.54,0.0,0.6484375,0.002064062195131555,7.64414104632727e-07,-0.0007737874984741211,4.0,0.9305375814437866,0.5911942720413208,0.9305375814437866,0.7351998090744019,1463,68.94435369689018
0.0040699634701013565,0.0040699634701013565,0.0006476683774963021,0.0006476683774963021,0.004717631847597659,1.0,386.0,295.25,193.0,1.5410526315789475,0.0,0.59765625,0.002311363903572783,7.637120697036865e-07,0.00039455294609069824,3.25,1.4317208528518677,0.5552260875701904,1.4317208528518677,0.8316672444343567,1464,53.734164527151734
0.0056057985057123005,0.0056057985057123005,0.002301742904819548,0.002301742904819548,0.007907541410531849,0.75,531.0,363.25,215.0,1.5421052631578949,0.0,0.55859375,0.0015442048897966743,7.63009313795917e-07,0.0015167444944381714,4.0,0.4114750027656555,2.5979456901550293,0.4114750027656555,3.0199944972991943,1465,77.44234800012782
0.005459859501570463,0.005459859501570463,0.004036581609398127,0.004036581609398127,0.00949644111096859,0.5,315.0,290.25,263.0,1.543157894736842,0.0,0.65625,0.002403175487415865,7.623058388307268e-07,-0.0011970847845077515,3.5,0.5568958520889282,1.0371429920196533,0.5568958520889282,1.1532918214797974,1466,56.411249115131795
0.004067604197189212,0.004067604197189212,0.002577319508418441,0.002577319508418441,0.006644923705607653,0.5,342.0,223.75,157.0,1.5442105263157895,0.0,0.90625,0.002723073004744947,7.61601646731389e-07,0.003154754638671875,2.75,1.2015249729156494,0.20735906064510345,1.2015249729156494,0.2926836907863617,1467,48.8194865132682
0.0035007536644116044,0.0035007536644116044,0.0024068455095402896,0.0024068455095402896,0.005907599173951894,0.75,551.0,313.75,128.0,1.545263157894737,0.0,0.8359375,0.006199870986165479,7.608967394231386e-07,0.00047135353088378906,3.25,0.7203458547592163,1.6669039726257324,0.7203458547592163,1.4310768842697144,1468,62.07306858431548
0.004149394808337092,0.004149394808337092,0.0016565915429964662,0.0016565915429964662,0.0058059863513335586,0.5,593.0,406.5,253.0,1.546315789473684,0.0,0.953125,0.003109102341113612,7.601911188331649e-07,0.0005316585302352905,4.5,2.5237250328063965,0.6369264721870422,2.5237250328063965,0.5576671361923218,1469,81.45146982790902
0.0019011406693607569,0.0019011406693607569,0.0021739129442721605,0.0021739129442721605,0.004075053613632917,0.5,263.0,185.0,115.0,1.5473684210526315,0.0,1.0234375,0.005236539291217923,7.594847868906076e-07,0.0032886266708374023,2.25,1.3360373973846436,0.12383203208446503,1.3360373973846436,0.14331720769405365,1470,41.29657036392018
0.0038563963025808334,0.0038563963025808334,0.0007716049440205097,0.0007716049440205097,0.004628001246601343,0.25,428.0,328.75,279.0,1.548421052631579,0.0,0.671875,0.0017462892428738996,7.587777455265514e-07,0.0007188022136688232,4.0,1.7395124435424805,0.5792795419692993,1.7395124435424805,0.66729336977005,1471,71.32891353475861
0.0031521657947450876,0.0031521657947450876,0.002313460921868682,0.002313460921868682,0.0054656267166137695,0.5,417.0,247.0,128.0,1.5494736842105263,0.0,0.86328125,0.002658874145708978,7.5806999667402e-07,-0.00010736286640167236,2.75,0.536850094795227,0.619637668132782,0.536850094795227,1.9742004871368408,1472,168.2838669407647
0.0035643716109916568,0.0035643716109916568,0.0,0.0,0.0035643716109916568,0.25,466.0,324.75,191.0,1.5505263157894738,0.0,0.72265625,0.0031654936901759356,7.573615422679725e-07,0.000269085168838501,3.75,0.7233999967575073,0.5481845736503601,0.7233999967575073,1.4104470014572144,1473,68.18252860871144
0.0013404826167970896,0.0013404826167970896,0.0051438737427815795,0.0051438737427815795,0.006484356359578669,0.75,373.0,244.5,128.0,1.5515789473684212,0.0,0.7265625,0.0019854733254760504,7.566523842452956e-07,-0.00041162967681884766,2.75,1.0613625049591064,1.0073621273040771,1.0613625049591064,1.392877221107483,1474,50.43323292490095
0.004285167786292732,0.004285167786292732,0.0047570462338626385,0.0047570462338626385,0.00904221402015537,0.75,468.0,389.25,308.0,1.5526315789473686,0.0,0.7265625,0.0032353001879528165,7.559425245448005e-07,0.00018092989921569824,4.25,1.3274040222167969,0.8017235994338989,1.3274040222167969,1.0876014232635498,1475,72.49286931031384
0.0006410256610251963,0.0006410256610251963,0.0030738740460947156,0.0030738740460947156,0.003714899707119912,0.25,490.0,420.0,316.0,1.5536842105263158,0.0,0.63671875,0.004367824440123513,7.552319651072163e-07,0.0004228949546813965,4.75,1.0269500017166138,1.6225626468658447,1.0269500017166138,1.9199566841125488,1476,80.20381646067835
0.0016949152341112494,0.0016949152341112494,0.00485142960678786,0.00485142960678786,0.00654634484089911,0.75,529.0,289.25,128.0,1.5547368421052632,0.0,0.69140625,0.002537492022383958,7.545207078751857e-07,-0.0011393427848815918,3.0,-0.2132750153541565,1.130274772644043,-0.2132750153541565,1.1135982275009155,1477,52.04333575791679
0.004005702736321837,0.004005702736321837,0.0,0.0,0.004005702736321837,0.5,360.0,256.0,128.0,1.5557894736842104,0.0,0.8671875,0.0038660289137624204,7.538087547932584e-07,0.0006000399589538574,3.0,0.27406248450279236,1.219246506690979,0.27406248450279236,1.4721657037734985,1478,50.77414476685226
0.001661680347751826,0.001661680347751826,0.002121080120559782,0.002121080120559782,0.003782760468311608,0.75,467.0,394.25,287.0,1.5568421052631578,0.0,0.5859375,0.0015749348822282627,7.530961078078872e-07,0.000126764178276062,4.25,2.1857376098632812,0.30000776052474976,2.1857376098632812,0.369968444108963,1479,73.92749004089274
0.002602904860395938,0.002602904860395938,0.0024341250536963344,0.0024341250536963344,0.0050370299140922725,1.0,299.0,248.5,195.0,1.5578947368421052,0.0,0.84375,0.00367167143849656,7.523827688674219e-07,0.0015257596969604492,2.5,0.9481874704360962,1.2376666069030762,0.9481874704360962,1.4520384073257446,1480,48.42021825071424
0.0012135922443121672,0.0012135922443121672,0.0012531328247860074,0.0012531328247860074,0.0024667250690981746,0.75,399.0,215.25,128.0,1.5589473684210526,0.5,0.65234375,0.004343829408753663,7.516687399221035e-07,0.0003366003802511841,2.25,-1.012737512588501,1.6790426969528198,-1.012737512588501,1.9388474225997925,1481,57.30621593608521
0.003238375182263553,0.003238375182263553,0.0045093795051798224,0.0045093795051798224,0.007747754687443376,0.25,412.0,219.25,77.0,1.56,0.0,1.078125,0.005617714894469827,7.509540229240601e-07,0.0006666034460067749,3.25,1.337049961090088,1.644164800643921,1.337049961090088,1.690136194229126,1482,48.60468021873385
0.0017953321803361177,0.0017953321803361177,0.001334913948085159,0.001334913948085159,0.003130246128421277,0.25,604.0,461.0,190.0,1.5610526315789475,0.0,0.65625,0.002077717275824398,7.502386198273009e-07,0.0008841156959533691,4.75,-0.3946624994277954,2.2187418937683105,-0.3946624994277954,2.770369291305542,1483,445.8594863920007
0.0,0.0,0.0008417508215643466,0.0008417508215643466,0.0008417508215643466,0.5,594.0,353.25,104.0,1.5621052631578949,0.0,0.875,0.0032867279078345746,7.495225325877103e-07,0.0017009824514389038,4.0,1.3664499521255493,1.2836816310882568,1.3664499521255493,1.4098093509674072,1484,68.94617195590399
0.0037639072397723794,0.0037639072397723794,0.002128752472344786,0.002128752472344786,0.005892659712117165,1.0,388.0,295.0,196.0,1.563157894736842,0.0,0.6796875,0.0025329444906674325,7.488057631630437e-07,-8.876621723175049e-05,3.0,1.7978874444961548,0.5309134125709534,1.7978874444961548,0.4919183552265167,1485,58.54472129745409
0.004498936701565981,0.004498936701565981,0.0037226640270091593,0.0037226640270091593,0.00822160072857514,0.5,538.0,323.75,179.0,1.5642105263157895,0.0,0.70703125,0.002730410313233733,7.480883135129211e-07,0.000395163893699646,3.5,0.42392498254776,1.8021677732467651,0.42392498254776,2.2465744018554688,1486,69.27353599737398
0.002475247485563159,0.002475247485563159,0.002175063535105437,0.002175063535105437,0.004650311020668596,0.75,527.0,306.75,202.0,1.5652631578947367,0.0,0.87890625,0.0028799938736483455,7.473701855988226e-07,0.0005882531404495239,3.5,1.154425024986267,0.2731906771659851,1.154425024986267,0.2763250470161438,1487,65.48307818872854
0.0031008404912427068,0.0031008404912427068,0.0024999999441206455,0.0024999999441206455,0.005600840435363352,1.0,357.0,267.25,200.0,1.566315789473684,0.0,0.875,0.0038879045750945807,7.466513813840824e-07,0.0020393729209899902,3.0,1.7981998920440674,0.24830056726932526,1.7981998920440674,0.3770596981048584,1488,53.136812596349046
0.004939080448821187,0.004939080448821187,0.0012135922443121672,0.0012135922443121672,0.006152672693133354,0.25,218.0,200.0,187.0,1.5673684210526315,0.0,0.9375,0.003580223012249917,7.45931902833884e-07,0.0006564557552337646,2.25,1.4109625816345215,0.19535595178604126,1.4109625816345215,0.3327515721321106,1489,40.176458296133205
0.0022421525791287422,0.0022421525791287422,0.0035350576508790255,0.0035350576508790255,0.005777210230007768,0.5,489.0,251.75,96.0,1.568421052631579,0.0,1.0,0.005696532636648044,7.452117519152541e-07,0.001323506236076355,2.75,-0.38831251859664917,1.0431416034698486,-0.38831251859664917,2.32094407081604,1490,50.15056319721043
0.002312514348886907,0.002312514348886907,0.0009900990407913923,0.0009900990407913923,0.0033026133896782994,0.25,508.0,404.5,193.0,1.5694736842105264,0.0,0.60546875,0.0024076119298115373,7.444909305970577e-07,9.53972339630127e-05,5.0,2.0643999576568604,1.1110061407089233,2.0643999576568604,0.9126120209693909,1491,83.37212446215563
0.003486478584818542,0.003486478584818542,0.0022935778833925724,0.0022935778833925724,0.005780056468211114,0.0,545.0,406.75,64.0,1.5705263157894738,0.0,1.1640625,0.04129933405783959,7.437694408499932e-07,0.0017520636320114136,4.75,0.022975027561187744,1.8886469602584839,0.022975027561187744,2.1407623291015625,1492,197.550563900033
0.003386381024029106,0.003386381024029106,0.001953125,0.001953125,0.005339506024029106,0.5,388.0,275.0,128.0,1.5715789473684212,0.0,0.75390625,0.012784044723957777,7.430472846465855e-07,0.0011411458253860474,3.0,1.6990749835968018,0.38947439193725586,1.6990749835968018,0.505561113357544,1493,50.80116827576421
0.005457910476252437,0.005457910476252437,0.0017914438794832677,0.0017914438794832677,0.007249354355735704,0.75,550.0,325.5,187.0,1.5726315789473684,0.0,1.703125,0.016368988966860343,7.423244639611826e-07,0.0013118535280227661,3.5,1.1075583696365356,0.9778462648391724,1.1075583696365356,1.0010744333267212,1494,64.05518263415433
0.002039546496234834,0.002039546496234834,0.0022831049282103777,0.0022831049282103777,0.004322651424445212,1.0,438.0,338.75,192.0,1.5736842105263158,0.0,0.73046875,0.0028189042932353914,7.416009807699481e-07,0.0007182955741882324,4.0,1.3909999132156372,0.7182791233062744,1.3909999132156372,1.3364900350570679,1495,67.56443270901218
0.0016556291375309229,0.0016556291375309229,0.0012755101779475808,0.0012755101779475808,0.0029311393154785037,0.75,347.0,258.25,188.0,1.5747368421052632,0.0,0.83203125,0.0026001415244536474,7.408768370508576e-07,0.0006050616502761841,3.0,1.747925043106079,0.5665692090988159,1.747925043106079,0.46982336044311523,1496,51.90814248775132
0.0029341390472836792,0.0029341390472836792,0.0,0.0,0.0029341390472836792,0.75,522.0,288.25,189.0,1.5757894736842104,0.0,0.79296875,0.002171739179175347,7.401520347836926e-07,0.0016467869281768799,3.0,1.5092041492462158,0.4748988151550293,1.5092041492462158,0.5614303350448608,1497,56.28569783270359
0.0,0.0,0.002904180670157075,0.002904180670157075,0.002904180670157075,1.0,344.0,294.75,255.0,1.5768421052631578,0.0,0.6484375,0.0028342030418571085,7.394265759500347e-07,0.0006255507469177246,3.25,1.380275011062622,0.8399367928504944,1.380275011062622,1.0141520500183105,1498,174.32173477322794
0.003497669706121087,0.003497669706121087,0.001149425283074379,0.001149425283074379,0.004647094989195466,0.25,488.0,413.5,255.0,1.5778947368421052,0.0,0.6640625,0.002488451689714566,7.387004625332607e-07,0.00017629563808441162,5.0,-0.3608166575431824,1.2398173809051514,-0.3608166575431824,1.3029875755310059,1499,203.4061497070361
0.004669642308726907,0.004669642308726907,0.0025906735099852085,0.0025906735099852085,0.007260315818712115,0.75,292.0,257.25,193.0,1.5789473684210527,0.0,0.7265625,0.002187682199291885,7.379736965185368e-07,0.00019308924674987793,2.75,1.6105499267578125,0.12406190484762192,1.6105499267578125,0.17503385245800018,1500,49.3634416249115
0.0018281536176800728,0.0018281536176800728,0.0009505703346803784,0.0009505703346803784,0.0027787239523604512,0.5,547.0,363.0,189.0,1.58,0.0,1.1953125,0.0020803514489671215,7.372462798928137e-07,0.0001720339059829712,4.0,1.9974665641784668,0.6040223836898804,1.9974665641784668,1.0231842994689941,1501,74.48506032698788
0.0019029014511033893,0.0019029014511033893,0.002746775804553181,0.002746775804553181,0.00464967725565657,1.0,315.0,242.25,128.0,1.5810526315789475,0.0,1.0234375,0.004518811358138919,7.365182146448204e-07,0.0018017292022705078,2.25,0.8863999843597412,0.9011369347572327,0.8863999843597412,1.2657655477523804,1502,42.749827563995495
0.0029921060195192695,0.0029921060195192695,0.0012002551811747253,0.0012002551811747253,0.004192361200693995,0.25,510.0,457.5,356.0,1.582105263157895,0.0,0.59375,0.0024139847373589873,7.357895027650598e-07,0.00031606853008270264,5.25,2.8869500160217285,0.4062328338623047,2.8869500160217285,0.46089836955070496,1503,91.50362846511416
0.001953125,0.001953125,0.0027834484353661537,0.0027834484353661537,0.004736573435366154,0.25,572.0,340.5,128.0,1.583157894736842,0.0,0.6796875,0.0025257278757635504,7.350601462458024e-07,0.0006350278854370117,4.0,-0.49377501010894775,1.051785945892334,-0.49377501010894775,1.4106818437576294,1504,307.2882369607687
0.00354242161847651,0.00354242161847651,0.0035587188322097063,0.0035587188322097063,0.007101140450686216,0.25,530.0,351.5,281.0,1.5842105263157895,0.0,0.66015625,0.0027980527956970036,7.343301470810807e-07,-0.0005998164415359497,4.75,2.386237621307373,0.47858762741088867,2.386237621307373,0.5527676343917847,1505,73.94626900181174
0.012809599982574582,0.012809599982574582,0.001439539366401732,0.001439539366401732,0.014249139348976314,0.5,521.0,280.75,131.0,1.5852631578947367,0.0,0.875,0.002116318282787688,7.335995072666847e-07,-0.00046303868293762207,3.25,0.9175249934196472,0.8562355637550354,0.9175249934196472,0.9879906177520752,1506,69.88861719309352
0.0010000000474974513,0.0010000000474974513,0.0011737089371308684,0.0011737089371308684,0.0021737089846283197,0.75,426.0,233.0,128.0,1.5863157894736841,0.5,0.49609375,0.0027044134330935776,7.32868228800156e-07,2.307558315806091e-05,2.5,0.09503328800201416,0.4655472934246063,0.09503328800201416,1.373963713645935,1507,48.43474343395792
0.005934746935963631,0.005934746935963631,0.0027528252685442567,0.0027528252685442567,0.008687572204507887,0.5,493.0,288.0,202.0,1.5873684210526315,0.0,0.734375,0.0031571775616612285,7.321363136807818e-07,-0.00023393332958221436,3.25,1.3070833683013916,0.16449666023254395,1.3070833683013916,0.19566042721271515,1508,59.636960798176005
0.006614873418584466,0.006614873418584466,0.0008865247946232557,0.0008865247946232557,0.007501398213207722,0.75,564.0,297.25,155.0,1.588421052631579,0.0,0.89453125,0.002494669723091647,7.3140376390959e-07,0.00028426945209503174,3.25,1.0656750202178955,0.5412195324897766,1.0656750202178955,0.7293323278427124,1509,176.22574569890276
0.0031645570416003466,0.0031645570416003466,0.004404105478897691,0.004404105478897691,0.007568662520498037,0.5,317.0,176.25,102.0,1.5894736842105264,0.0,1.1875,0.007677358342334628,7.306705814893439e-07,0.0009910017251968384,1.75,0.2620750069618225,1.7848436832427979,0.2620750069618225,1.4643148183822632,1510,36.56528004491702
0.0009671180159784853,0.0009671180159784853,0.00651995069347322,0.00651995069347322,0.007487068709451705,0.5,517.0,237.75,65.0,1.5905263157894738,0.0,0.94140625,0.04182556481100619,7.299367684245362e-07,0.002823159098625183,2.75,0.9841666221618652,1.1468446254730225,0.9841666221618652,1.3883140087127686,1511,50.77907189936377
0.004987554275430739,0.004987554275430739,0.002109704539179802,0.002109704539179802,0.007097258814610541,0.5,409.0,325.25,237.0,1.5915789473684212,0.0,0.73046875,0.002965393243357539,7.292023267213835e-07,0.0011661946773529053,3.75,2.1361498832702637,0.6891109347343445,2.1361498832702637,0.5819523930549622,1512,73.67673429870047
0.0006476683774963021,0.0006476683774963021,0.0017241379246115685,0.0017241379246115685,0.0023718063021078706,0.75,413.0,321.75,198.0,1.5926315789473684,0.0,0.6640625,0.004841737798415124,7.284672583878218e-07,0.0010333508253097534,3.75,2.1614251136779785,0.5126877427101135,2.1614251136779785,0.6008113622665405,1513,70.44028800074011
0.003169836534652859,0.003169836534652859,0.0007836990407668054,0.0007836990407668054,0.003953535575419664,1.0,567.0,333.25,188.0,1.5936842105263158,0.0,0.88671875,0.00244767582626082,7.277315654334996e-07,-1.3560056686401367e-06,3.25,1.4667624235153198,1.247177243232727,1.4667624235153198,1.3067805767059326,1514,60.16221255646087
0.003508772002533078,0.003508772002533078,0.0026550666661933064,0.0026550666661933064,0.006163838668726385,0.5,470.0,296.75,196.0,1.594736842105263,0.0,0.73828125,0.002613189455587417,7.269952498697734e-07,-0.0016170740127563477,3.75,0.8052500486373901,1.5111933946609497,0.8052500486373901,1.809586524963379,1515,58.6692517332267
0.0016590678715147078,0.0016590678715147078,0.003141025605145842,0.003141025605145842,0.00480009347666055,0.5,470.0,370.0,200.0,1.5957894736842104,0.0,0.7265625,0.004209788603475317,7.262583137097018e-07,-0.0005324631929397583,4.5,1.7950959205627441,1.3504383563995361,1.7950959205627441,1.1782233715057373,1516,68.55201937723905
0.002387493441347033,0.002387493441347033,0.005140293622389436,0.005140293622389436,0.0075277870637364686,0.75,588.0,337.25,191.0,1.5968421052631578,0.0,0.8046875,0.0025373354146722704,7.255207589680402e-07,0.0016570985317230225,3.75,2.148974895477295,1.1327496767044067,2.148974895477295,1.0281624794006348,1517,71.7478466751054
0.0029712405521422625,0.0029712405521422625,0.0,0.0,0.0029712405521422625,0.75,296.0,170.25,62.0,1.5978947368421053,0.0,1.703125,0.0036783452960662544,7.247825876612352e-07,0.0017737150192260742,2.0,0.31146249175071716,1.854688048362732,0.31146249175071716,1.5534371137619019,1518,35.569663086906075
0.004957305500283837,0.004957305500283837,0.001953125,0.001953125,0.006910430500283837,0.5,394.0,266.0,128.0,1.5989473684210527,0.0,0.7109375,0.002103189908666536,7.240438018074187e-07,-0.0007080733776092529,2.75,0.20315417647361755,2.079347610473633,0.20315417647361755,1.755164623260498,1519,55.62522358587012
0.007011448731645942,0.007011448731645942,0.003984931041486561,0.003984931041486561,0.010996379773132503,0.5,568.0,274.75,128.0,1.6,0.0,0.94921875,0.003383550647413358,7.233044034264033e-07,0.000612601637840271,3.0,-0.4882124662399292,1.1844215393066406,-0.4882124662399292,2.6299824714660645,1520,657.4817107480485
0.004444722813786939,0.004444722813786939,0.00390625,0.00390625,0.008350972813786939,0.5,576.0,300.5,128.0,1.6010526315789475,0.0,1.0625,0.0038558495289180428,7.225643945396756e-07,0.0017804056406021118,3.25,0.49293747544288635,1.1341933012008667,0.49293747544288635,1.085244059562683,1521,67.19258808088489
0.004771505482494831,0.004771505482494831,0.0008090615156106651,0.0008090615156106651,0.005580566998105496,0.75,309.0,253.0,184.0,1.6021052631578947,0.0,0.796875,0.003850983630400151,7.21823777170392e-07,0.0014178603887557983,2.75,1.710862398147583,0.1238674446940422,1.710862398147583,0.25999706983566284,1522,47.76996194431558
0.00303592870477587,0.00303592870477587,0.003504672786220908,0.003504672786220908,0.006540601490996778,1.0,469.0,364.25,212.0,1.6031578947368421,0.0,0.734375,0.0022000787721481174,7.210825533433719e-07,0.0025097280740737915,4.0,1.392775058746338,0.3003789484500885,1.392775058746338,0.4585112929344177,1523,188.34915812616237
0.0012410940253175795,0.0012410940253175795,0.0012690355069935322,0.0012690355069935322,0.0025101295323111117,0.75,687.0,404.0,197.0,1.6042105263157893,0.0,0.64453125,0.001869003230240196,7.203407250850928e-07,0.0011575371026992798,4.0,1.4669874906539917,0.29940667748451233,1.4669874906539917,0.312820702791214,1524,78.82115224003792
0.0027676443569362164,0.0027676443569362164,0.0,0.0,0.0027676443569362164,0.75,445.0,252.5,128.0,1.6052631578947367,0.0,0.859375,0.0030179079913068563,7.195982944236852e-07,0.0020115673542022705,2.75,1.1617751121520996,1.3967127799987793,1.1617751121520996,1.5343804359436035,1525,47.71359633724205
0.0,0.0,0.0,0.0,0.0,0.5,435.0,268.0,190.0,1.6063157894736841,0.0,0.95703125,0.0024258285120595247,7.188552633889259e-07,0.0011344552040100098,3.25,1.6858875751495361,0.6192310452461243,1.6858875751495361,0.6192854046821594,1526,50.19944031024352
0.007008260814473033,0.007008260814473033,0.002911910181865096,0.002911910181865096,0.009920170996338129,0.75,605.0,391.25,254.0,1.6073684210526316,0.0,0.58203125,0.00326982798287645,7.181116340122335e-07,-0.0006354004144668579,4.25,1.6946083307266235,0.6417937278747559,1.6946083307266235,0.7408486008644104,1527,71.62446999177337
0.001231527072377503,0.001231527072377503,0.0,0.0,0.001231527072377503,0.75,203.0,158.0,110.0,1.608421052631579,0.5,0.5703125,0.023197106434963644,7.173674083266623e-07,0.0006479918956756592,1.5,0.1367875337600708,0.052591048181056976,0.1367875337600708,1.3140530586242676,1528,29.794008632889017
0.0,0.0,0.0017123287543654442,0.0017123287543654442,0.0017123287543654442,0.5,548.0,310.5,128.0,1.6094736842105264,0.5,0.40625,0.0038220244459807873,7.166225883668968e-07,0.0007988810539245605,3.25,-0.08152499794960022,1.3527305126190186,-0.08152499794960022,1.888024091720581,1529,57.260304886847734
0.0018518518190830946,0.0018518518190830946,0.005859375,0.005859375,0.007711226819083095,0.75,275.0,208.5,128.0,1.6105263157894738,0.0,1.484375,0.005451884760987014,7.158771761692464e-07,0.002543926239013672,2.25,1.036312460899353,1.2191758155822754,1.036312460899353,1.3820744752883911,1530,47.322437359020114
0.003757946426048875,0.003757946426048875,0.0016778523568063974,0.0016778523568063974,0.005435798782855272,1.0,428.0,307.5,215.0,1.611578947368421,0.0,0.62109375,0.0027001709095202386,7.151311737716396e-07,-0.000928834080696106,3.0,0.850433349609375,0.9515417814254761,0.850433349609375,0.8411945104598999,1531,54.72950507211499
0.00358422938734293,0.00358422938734293,0.0,0.0,0.00358422938734293,1.0,279.0,197.5,128.0,1.6126315789473684,0.5,0.5390625,0.003951953927753493,7.143845832136187e-07,-0.0002848803997039795,1.75,0.2744624614715576,0.14154508709907532,0.2744624614715576,1.4806708097457886,1532,37.77035011607222
0.002838620450347662,0.002838620450347662,0.002415458904579282,0.002415458904579282,0.005254079354926944,0.75,480.0,302.0,190.0,1.6136842105263158,0.0,0.82421875,0.0029634663951583207,7.136374065363333e-07,0.0003064274787902832,3.25,1.8114124536514282,0.7612534761428833,1.8114124536514282,0.7246866226196289,1533,56.37687061796896
0.0039047389291226864,0.0039047389291226864,0.0012195121962577105,0.0012195121962577105,0.005124251125380397,1.0,470.0,266.75,128.0,1.614736842105263,0.0,0.7890625,0.003608786588301882,7.128896457825363e-07,0.0018471777439117432,2.75,1.1737749576568604,1.4135417938232422,1.1737749576568604,1.5170835256576538,1534,49.93540415586904
0.003125752555206418,0.003125752555206418,0.005703422240912914,0.005703422240912914,0.008829174796119332,1.0,467.0,316.25,206.0,1.6157894736842104,0.0,0.81640625,0.0034614360192790627,7.121413029965769e-07,0.001200452446937561,3.75,0.9508249759674072,0.9580942988395691,0.9508249759674072,1.4190361499786377,1535,180.43708148552105
0.008713952731341124,0.008713952731341124,0.0012499999720603228,0.0012499999720603228,0.009963952703401446,0.75,323.0,207.25,128.0,1.6168421052631579,0.0,0.95703125,0.00358745944686234,7.113923802243956e-07,0.0028413981199264526,2.0,0.8490374684333801,0.9539753794670105,0.8490374684333801,1.2436360120773315,1536,41.72222929960117
0.001212466275319457,0.001212466275319457,0.0028409091755747795,0.0028409091755747795,0.0040533754508942366,0.25,608.0,384.75,176.0,1.6178947368421053,0.0,0.5859375,0.0037004538608016446,7.106428795135188e-07,0.0009218305349349976,4.25,1.1306625604629517,0.9045957326889038,1.1306625604629517,1.023218035697937,1537,76.09634020365775
0.005867509753443301,0.005867509753443301,0.0017793594161048532,0.0017793594161048532,0.007646869169548154,0.5,381.0,262.25,128.0,1.6189473684210527,0.0,0.93359375,0.004970171954482794,7.098928029130528e-07,0.00026194751262664795,3.0,1.798474907875061,0.24646207690238953,1.798474907875061,0.3755967617034912,1538,62.230999388266355
0.003977570391725749,0.003977570391725749,0.00048828125,0.00048828125,0.004465851641725749,0.75,514.0,411.75,205.0,1.62,0.0,0.625,0.0016411273390986025,7.091421524736783e-07,0.0007611960172653198,4.25,0.6376833319664001,0.5688791871070862,0.6376833319664001,1.3198381662368774,1539,76.46679359395057
0.006137797492556274,0.006137797492556274,0.00146484375,0.00146484375,0.007602641242556274,0.5,512.0,324.5,128.0,1.6210526315789475,0.0,0.78515625,0.005841957201482728,7.083909302476452e-07,0.0004302114248275757,3.5,1.4241125583648682,1.0256054401397705,1.4241125583648682,1.7472280263900757,1540,62.07210705685429
0.0026352368877269328,0.0026352368877269328,0.0017793594161048532,0.0017793594161048532,0.004414596303831786,0.75,388.0,323.0,267.0,1.6221052631578947,0.0,0.6171875,0.002237361914012581,7.076391382887661e-07,0.0014219284057617188,3.75,1.045799970626831,0.5083390474319458,1.045799970626831,1.0690815448760986,1541,64.68451053486206
0.0,0.0,0.0020160696585662663,0.0020160696585662663,0.0020160696585662663,0.5,409.0,288.5,190.0,1.6231578947368421,0.0,0.71875,0.005500745493918657,7.068867786524115e-07,0.0014666318893432617,3.0,0.8903666734695435,1.2842237949371338,0.8903666734695435,1.5747554302215576,1542,53.16751573770307
0.0,0.0,0.0,0.0,0.0,1.0,369.0,241.5,188.0,1.6242105263157893,0.0,0.72265625,0.005725703900679946,7.061338533955041e-07,0.001290351152420044,2.5,1.094508409500122,0.35976412892341614,1.094508409500122,0.5083167552947998,1543,48.62717656698078
0.0017123287543654442,0.0017123287543654442,0.001953125,0.001953125,0.003665453754365444,0.75,438.0,205.5,128.0,1.6252631578947367,0.5,0.859375,0.0033258327457588166,7.053803645765127e-07,0.0017035554628819227,2.25,-0.10000002384185791,1.2727922201156616,-0.10000002384185791,1.7999999523162842,1544,38.091237040935084
0.0038265306502580643,0.0038265306502580643,0.00220745918340981,0.00220745918340981,0.006033989833667874,0.75,572.0,334.5,195.0,1.6263157894736842,0.0,1.109375,0.0018130553944502026,7.04626314255447e-07,-0.0012242943048477173,3.5,0.04510831832885742,1.7377737760543823,0.04510831832885742,1.9951972961425781,1545,61.75930895283818
0.000851788732688874,0.000851788732688874,0.001964242139365524,0.001964242139365524,0.002816030872054398,0.5,587.0,375.25,201.0,1.6273684210526316,0.0,0.6640625,0.002406197687378153,7.038717044938518e-07,0.0003705620765686035,4.25,1.7573957443237305,1.4384024143218994,1.7573957443237305,1.3081167936325073,1546,75.70185617473908
0.00070821528788656,0.00070821528788656,0.0,0.0,0.00070821528788656,0.75,353.0,213.5,72.0,1.628421052631579,0.5,0.498046875,0.007368377060629427,7.031165373548013e-07,0.0006506042554974556,2.25,-0.44864165782928467,0.16186852753162384,-0.44864165782928467,0.6635233759880066,1547,160.59653861820698
0.002617801073938608,0.002617801073938608,0.0,0.0,0.002617801073938608,0.5,461.0,342.0,143.0,1.6294736842105264,0.0,0.7421875,0.0032718153670430183,7.023608149028936e-07,0.0019282251596450806,4.25,1.2674500942230225,0.9648118019104004,1.2674500942230225,1.5727910995483398,1548,65.79271543910727
0.0018939394503831863,0.0018939394503831863,0.0043302945559844375,0.0043302945559844375,0.006224234006367624,0.75,310.0,204.5,132.0,1.6305263157894738,0.0,0.85546875,0.004583886999171227,7.016045392042451e-07,0.00024117529392242432,2.25,0.9672499895095825,0.5394164323806763,0.9672499895095825,0.7623000741004944,1549,43.4839813541621
0.0013513513840734959,0.0013513513840734959,0.003989361692219973,0.003989361692219973,0.0053407130762934685,0.25,370.0,280.0,188.0,1.631578947368421,0.0,0.73046875,0.0025432762049604207,7.008477123264847e-07,0.0017108917236328125,3.5,1.3689833879470825,0.8543499708175659,1.3689833879470825,0.8728979825973511,1550,57.24274298083037
0.002815315267071128,0.002815315267071128,0.0021826474694535136,0.0021826474694535136,0.0049979627365246415,0.5,471.0,411.0,283.0,1.6326315789473684,0.0,0.59375,0.002832677389960736,7.000903363387481e-07,-5.59389591217041e-05,5.0,0.20355413854122162,2.2862942218780518,0.20355413854122162,1.9354134798049927,1551,198.494892639108
0.007720597321167588,0.007720597321167588,0.0,0.0,0.007720597321167588,0.5,587.0,326.0,206.0,1.6336842105263156,0.0,0.78125,0.0036459369002841413,6.993324133116725e-07,-0.001153513789176941,3.75,1.1658291816711426,0.961105465888977,1.1658291816711426,0.9676027894020081,1552,74.40190621372312
0.006326148228254169,0.006326148228254169,0.005563504993915558,0.005563504993915558,0.011889653222169727,0.5,388.0,240.5,44.0,1.634736842105263,0.0,1.3828125,0.0636949828476645,6.985739453173902e-07,0.0016379207372665405,2.5,0.149399995803833,0.8134909868240356,0.149399995803833,2.126624345779419,1553,45.98582146386616
0.0022636709618382156,0.0022636709618382156,0.0016447368543595076,0.0016447368543595076,0.003908407816197723,0.5,347.0,258.25,152.0,1.6357894736842105,0.0,0.73046875,0.0031834030232857913,6.978149344295241e-07,-0.00012877583503723145,2.5,1.523400068283081,0.3885551691055298,1.523400068283081,0.33760446310043335,1554,53.052780407713726
0.004014897160232067,0.004014897160232067,0.0,0.0,0.004014897160232067,0.25,588.0,365.25,226.0,1.6368421052631579,0.0,0.77734375,0.0018409636977594346,6.970553827231808e-07,0.000943303108215332,4.25,2.2363624572753906,0.9016848802566528,2.2363624572753906,0.7431507110595703,1555,68.30446426174603
0.0014104880974628031,0.0014104880974628031,0.002545336727052927,0.002545336727052927,0.00395582482451573,1.0,451.0,334.0,193.0,1.6378947368421053,0.0,0.6015625,0.002091291098622605,6.962952922749457e-07,0.0012301802635192871,3.5,0.9523916840553284,1.4435703754425049,0.9523916840553284,1.5844950675964355,1556,64.7093708650209
0.002076121687423438,0.002076121687423438,0.00200803205370903,0.00200803205370903,0.004084153741132468,0.5,592.0,370.75,190.0,1.6389473684210527,0.0,0.6953125,0.003081168426433578,6.955346651628769e-07,0.0007257610559463501,4.0,1.328225016593933,0.9126273989677429,1.328225016593933,1.1188057661056519,1557,74.13870027824305
0.001704545458778739,0.001704545458778739,0.0,0.0,0.001704545458778739,0.75,440.0,204.75,123.0,1.6400000000000001,0.5,0.59375,0.004251572187058628,6.947735034665001e-07,8.982255531009287e-05,2.0,-0.15038752555847168,1.2015334367752075,-0.15038752555847168,1.6992249488830566,1558,38.898180038202554
0.0013863216154277325,0.0013863216154277325,0.0026855161995626986,0.0026855161995626986,0.004071837814990431,0.75,543.0,453.25,304.0,1.6410526315789473,0.0,0.54296875,0.0038465618854388595,6.940118092668021e-07,-1.0013580322265625e-05,4.75,1.7655541896820068,1.214591383934021,1.7655541896820068,2.3047397136688232,1559,84.41118448087946
0.0025932954158633947,0.0025932954158633947,0.0006038647261448205,0.0006038647261448205,0.003197160142008215,0.75,414.0,295.75,204.0,1.6421052631578947,0.0,0.67578125,0.0022504498483613133,6.932495846462261e-07,-0.0002543032169342041,3.5,1.5259875059127808,0.24389883875846863,1.5259875059127808,0.2574399411678314,1560,63.98257392505184
0.0014880952658131719,0.0014880952658131719,0.0,0.0,0.0014880952658131719,0.75,336.0,198.75,128.0,1.6431578947368422,0.5,0.484375,0.002849634038284421,6.924868316886648e-07,-0.0002335334720555693,2.25,0.43667495250701904,0.37179669737815857,0.43667495250701904,1.7135801315307617,1561,41.55797817395069
0.0013513513840734959,0.0013513513840734959,0.0005144032766111195,0.0005144032766111195,0.0018657546606846154,1.0,486.0,263.0,185.0,1.6442105263157893,0.0,0.76953125,0.002462498960085213,6.917235524794558e-07,0.0011232197284698486,2.75,1.2519874572753906,0.1375499963760376,1.2519874572753906,0.11242803931236267,1562,52.949577822117135
0.0019011406693607569,0.0019011406693607569,0.0005175983533263206,0.0005175983533263206,0.0024187390226870775,0.75,526.0,316.25,128.0,1.6452631578947368,0.5,0.337890625,0.0023613967350684106,6.909597491053752e-07,0.00041062640957534313,3.25,0.9367749691009521,0.05200769379734993,0.9367749691009521,2.23720121383667,1563,61.37390823359601
0.0023736264556646347,0.0023736264556646347,0.004419191973283887,0.004419191973283887,0.006792818428948522,0.5,546.0,281.5,132.0,1.6463157894736842,0.0,1.0078125,0.0028160173969808966,6.901954236546324e-07,-5.650520324707031e-05,3.25,1.9853501319885254,0.9012429714202881,1.9853501319885254,1.0251288414001465,1564,59.72112920600921
0.001737744954880327,0.001737744954880327,0.0017656526761129498,0.0017656526761129498,0.003503397630993277,0.75,588.0,450.5,326.0,1.6473684210526316,0.0,0.61328125,0.0031234148773364723,6.894305782168638e-07,0.0016383975744247437,5.0,1.3996374607086182,1.7322523593902588,1.3996374607086182,2.381366014480591,1565,87.30547105078585
0.0012499999720603228,0.0012499999720603228,0.0,0.0,0.0012499999720603228,1.0,404.0,215.0,128.0,1.648421052631579,0.5,0.4375,0.003078389388974756,6.886652148831279e-07,-0.00024021977151278406,2.0,-0.5089083313941956,0.9661670923233032,-0.5089083313941956,1.2514790296554565,1566,42.13679283997044
0.0008771930006332695,0.0008771930006332695,0.002463054144755006,0.002463054144755006,0.0033402471453882754,1.0,285.0,205.5,128.0,1.6494736842105264,0.0,0.984375,0.002984172897413373,6.878993357458985e-07,0.000573962926864624,2.0,0.8986999988555908,1.0249512195587158,0.8986999988555908,1.292007327079773,1567,37.77335756830871
0.0006097560981288552,0.0006097560981288552,0.0012135922443121672,0.0012135922443121672,0.0018233483424410224,1.0,410.0,252.0,193.0,1.6505263157894738,0.0,0.6328125,0.0023579326807521284,6.871329428990601e-07,0.0009182840585708618,2.75,1.6611624956130981,0.5837342739105225,1.6611624956130981,0.7642368078231812,1568,52.318386886268854
0.0020689229713752866,0.0020689229713752866,0.0026709308149293065,0.0026709308149293065,0.004739853786304593,1.0,552.0,466.75,352.0,1.651578947368421,0.0,0.60546875,0.0016793546237749979,6.863660384379017e-07,-0.0005004853010177612,5.0,0.8945707678794861,1.0540428161621094,0.8945707678794861,2.424987554550171,1569,324.42480950267054
0.0015923567116260529,0.0015923567116260529,0.00978878466412425,0.00978878466412425,0.011381141375750303,1.0,471.0,276.75,128.0,1.6526315789473685,0.0,0.77734375,0.0032263433386106044,6.855986244591103e-07,-0.001481562852859497,3.0,1.0991499423980713,1.201480507850647,1.0991499423980713,1.4976611137390137,1570,48.75614893226884
0.0012853470398113132,0.0012853470398113132,0.000798722030594945,0.000798722030594945,0.002084069070406258,1.0,389.0,280.25,197.0,1.6536842105263156,0.5,0.369140625,0.0021510377118829638,6.84830703060767e-07,-0.0003380790585651994,2.75,1.6606500148773193,0.05342193320393562,1.6606500148773193,0.3652249574661255,1571,54.29092309786938
0.0013736264081671834,0.0013736264081671834,0.0015625000232830644,0.0015625000232830644,0.0029361264314502478,0.75,364.0,267.5,192.0,1.654736842105263,0.0,0.609375,0.0026714931009337306,6.840622763423391e-07,0.0007201582193374634,3.25,1.3300999402999878,1.0524578094482422,1.3300999402999878,1.2153358459472656,1572,54.82002634159289
0.0,0.0,0.0006666666595265269,0.0006666666595265269,0.0006666666595265269,1.0,375.0,222.75,128.0,1.6557894736842105,0.5,0.4609375,0.0023431922891177237,6.832933464046759e-07,0.0009956210851669312,2.25,-0.37144583463668823,1.161098837852478,-0.37144583463668823,1.5245680809020996,1573,44.417524540098384
0.00159744406118989,0.00159744406118989,0.0014450866729021072,0.0014450866729021072,0.003042530734091997,0.75,437.0,311.75,173.0,1.656842105263158,0.5,0.671875,0.002688209991902113,6.825239153500029e-07,0.000666740583255887,3.5,-1.4751875400543213,1.4493037462234497,-1.4751875400543213,2.267335891723633,1574,174.65516866440885
0.002647278131917119,0.002647278131917119,0.0011961722047999501,0.0011961722047999501,0.003843450336717069,1.0,596.0,361.5,209.0,1.6578947368421053,0.0,0.62890625,0.0038643148145638406,6.817539852819148e-07,0.0017291456460952759,3.75,1.492224931716919,1.2813482284545898,1.492224931716919,1.284110426902771,1575,66.34248625207692
0.002895752899348736,0.002895752899348736,0.0012626262614503503,0.0012626262614503503,0.004158379160799086,0.75,259.0,178.25,128.0,1.6589473684210527,0.5,0.61328125,0.004586339520756155,6.809835583053715e-07,-0.00018885871395468712,2.0,0.39916253089904785,0.3182864785194397,0.39916253089904785,1.65688955783844,1576,37.064761460060254
0.00270348833873868,0.00270348833873868,0.0,0.0,0.00270348833873868,0.75,423.0,289.25,190.0,1.6600000000000001,0.0,0.6328125,0.002017420716583729,6.802126365266904e-07,-0.0001608431339263916,3.5,0.992687463760376,1.1394848823547363,0.992687463760376,1.378643274307251,1577,56.86350548709743
0.0023809524718672037,0.0023809524718672037,0.0007225433364510536,0.0007225433364510536,0.0031034958083182573,0.75,420.0,255.5,128.0,1.6610526315789473,0.5,0.349609375,0.0018598417518660426,6.794412220535425e-07,-0.0006694495677947998,3.0,-0.12742918729782104,0.2924298942089081,-0.12742918729782104,1.0626351833343506,1578,51.83657402615063
0.004101545782759786,0.004101545782759786,0.0005144032766111195,0.0005144032766111195,0.004615949059370905,0.5,511.0,417.0,199.0,1.6621052631578948,0.0,0.60546875,0.005192518437979743,6.786693169949455e-07,-0.0002687722444534302,5.0,0.09012918174266815,1.7043099403381348,0.09012918174266815,1.5018192529678345,1579,110.82072061486542
0.0022727272007614374,0.0022727272007614374,0.0013075171154923737,0.0013075171154923737,0.003580244316253811,0.25,550.0,395.0,263.0,1.663157894736842,0.0,0.6875,0.0025627073482610285,6.778969234612583e-07,0.0008911788463592529,5.0,1.087012529373169,0.748443067073822,1.087012529373169,0.7062716484069824,1580,79.75981353991665
0.0036772629246115685,0.0036772629246115685,0.0008833922329358757,0.0008833922329358757,0.004560655157547444,0.75,538.0,309.75,128.0,1.6642105263157894,0.0,0.6171875,0.0029126138251740485,6.771240435641753e-07,0.0006595999002456665,3.25,-1.4134750366210938,1.0610136985778809,-1.4134750366210938,1.7532966136932373,1581,294.5233762532007
0.0020399746135808527,0.0020399746135808527,0.0010395010467618704,0.0010395010467618704,0.003079475660342723,0.75,549.0,401.75,206.0,1.6652631578947368,0.0,0.65234375,0.002567208546679467,6.763506794167206e-07,0.0007642656564712524,4.5,1.1120083332061768,0.9249074459075928,1.1120083332061768,1.5027484893798828,1582,79.88433564500883
0.001957787462742999,0.001957787462742999,0.0030920772114768624,0.0030920772114768624,0.005049864674219862,0.75,581.0,409.75,128.0,1.6663157894736842,0.0,0.60546875,0.0021457327238749713,6.755768331332423e-07,0.0007843524217605591,4.5,1.3760374784469604,0.9589605927467346,1.3760374784469604,1.6905386447906494,1583,79.08956387615763
0.001291989698074758,0.001291989698074758,0.0020779099431820214,0.0020779099431820214,0.0033698996412567794,0.25,548.0,441.25,387.0,1.6673684210526316,0.0,0.57421875,0.002176732406951487,6.748025068294067e-07,0.0011397898197174072,5.25,2.145183563232422,0.5008319616317749,2.145183563232422,0.6747741103172302,1584,94.74567844183184
0.003107058466412127,0.003107058466412127,0.001968397235032171,0.001968397235032171,0.005075455701444298,0.75,493.0,349.75,262.0,1.668421052631579,0.0,0.671875,0.002836848667357117,6.740277026221922e-07,2.454221248626709e-05,3.5,1.0951625108718872,0.9947047829627991,1.0951625108718872,0.9389751553535461,1585,64.35488807898946
0.002053388161584735,0.002053388161584735,0.0013440860202535987,0.0013440860202535987,0.0033974741818383336,0.5,487.0,249.0,80.0,1.6694736842105264,0.0,1.4765625,0.0035146412847097963,6.732524226298841e-07,0.0001331120729446411,3.0,1.1990875005722046,1.4494805335998535,1.1990875005722046,1.5824605226516724,1586,51.71111802244559
0.003942881594412029,0.003942881594412029,0.001953125,0.001953125,0.005896006594412029,0.75,226.0,185.5,128.0,1.6705263157894736,0.0,1.109375,0.006215203204192221,6.724766689720679e-07,-0.00014519691467285156,2.0,0.8487624526023865,0.9541168212890625,0.8487624526023865,1.2434886693954468,1587,42.67938880994916
0.002790178667055443,0.002790178667055443,0.0012953367549926043,0.0012953367549926043,0.004085515422048047,0.75,560.0,303.5,141.0,1.671578947368421,0.0,0.953125,0.0024609144311398268,6.717004437696249e-07,0.0016238540410995483,3.25,1.8111000061035156,0.7600690722465515,1.8111000061035156,0.7929922342300415,1588,64.43775791698135
0.0025774044916033745,0.0025774044916033745,0.0023809524718672037,0.0023809524718672037,0.004958356963470578,0.75,460.0,282.75,197.0,1.6726315789473685,0.0,0.6640625,0.003053314401768148,6.709237491447249e-07,0.0003314763307571411,3.25,1.8364124298095703,0.6903660297393799,1.8364124298095703,0.6621136665344238,1589,59.399491051677614
0.0010373444529250264,0.0010373444529250264,0.0,0.0,0.0010373444529250264,1.0,482.0,298.0,194.0,1.6736842105263157,0.0,0.7578125,0.002313220698852092,6.701465872208216e-07,0.00096149742603302,3.25,1.3664374351501465,1.103882074356079,1.3664374351501465,1.274614691734314,1590,59.04480904457159
0.005802226718515158,0.005802226718515158,0.0006097560981288552,0.0006097560981288552,0.006411982816644013,1.0,448.0,351.0,214.0,1.674736842105263,0.0,0.65234375,0.002875803766073659,6.693689601226458e-07,-0.00015294551849365234,3.5,1.6441208124160767,0.9959304332733154,1.6441208124160767,0.9525030255317688,1591,63.95110347913578
0.0024461510474793613,0.0024461510474793613,0.0026881720405071974,0.0026881720405071974,0.005134323087986559,0.75,489.0,346.75,186.0,1.6757894736842105,0.0,0.5234375,0.0020871208689641207,6.685908699762001e-07,0.0005473345518112183,4.0,0.9157916903495789,0.8900235295295715,0.9157916903495789,1.054059386253357,1592,189.6544013095554
0.0,0.0,0.0,0.0,0.0,1.0,441.0,344.5,192.0,1.676842105263158,0.0,0.69921875,0.0016421161708422005,6.678123189087539e-07,0.000351831316947937,3.5,0.7252082824707031,1.2701640129089355,0.7252082824707031,1.2066718339920044,1593,71.27481843996793
0.0033428227761760354,0.0033428227761760354,0.007950636558234692,0.007950636558234692,0.011293459334410727,0.25,552.0,307.5,73.0,1.6778947368421053,0.0,0.79296875,0.040073069714708254,6.670333090488356e-07,-0.00015810132026672363,3.5,1.0263125896453857,1.098649501800537,1.0263125896453857,1.3730084896087646,1594,59.19839238584973
0.0,0.0,0.0,0.0,0.0,0.75,253.0,159.25,128.0,1.6789473684210527,0.5,0.6328125,0.00514094065874815,6.662538425262284e-07,0.0013903379440307617,1.75,-1.4500000476837158,0.6363961100578308,-1.4500000476837158,0.8999999761581421,1595,390.3963471192401
0.0015384615398943424,0.0015384615398943424,0.0,0.0,0.0015384615398943424,1.0,479.0,265.0,128.0,1.6800000000000002,0.5,0.396484375,0.0024524712935090065,6.654739214719641e-07,0.0005199167644605041,2.5,-0.23207497596740723,0.8577558994293213,-0.23207497596740723,1.3293877840042114,1596,48.77151362830773
0.004329328774474561,0.004329328774474561,0.0014796026516705751,0.0014796026516705751,0.005808931426145136,0.75,543.0,416.75,285.0,1.6810526315789474,0.0,0.55859375,0.002666436252184212,6.646935480183173e-07,0.0011165142059326172,5.0,0.48130834102630615,1.0297478437423706,0.48130834102630615,0.866951584815979,1597,85.07218545000069
0.0028655899805016816,0.0028655899805016816,0.0014880952658131719,0.0014880952658131719,0.004353685246314853,0.25,493.0,315.25,168.0,1.6821052631578948,0.0,0.80859375,0.0042997554410248995,6.639127242987987e-07,0.0011076033115386963,3.5,1.773800015449524,0.7426035404205322,1.773800015449524,0.6170529127120972,1598,58.41271605389193
0.004016935941763222,0.004016935941763222,0.002358490601181984,0.002358490601181984,0.006375426542945206,0.75,537.0,336.5,195.0,1.683157894736842,0.0,0.5703125,0.0017217915446963161,6.631314524481513e-07,0.0001398324966430664,3.5,1.8738750219345093,0.6371738910675049,1.8738750219345093,0.6286260485649109,1599,62.415089210961014
0.0005827505956403911,0.0005827505956403911,0.0029411765281111,0.0029411765281111,0.0035239271237514913,0.75,429.0,253.5,85.0,1.6842105263157894,0.0,1.0,0.006196691145305522,6.623497346023417e-07,0.0008794963359832764,2.75,1.0920000076293945,0.8572255373001099,1.0920000076293945,0.9924906492233276,1600,48.48962343623862
0.0065391340758651495,0.0065391340758651495,0.0012019231216982007,0.0012019231216982007,0.00774105719756335,0.25,440.0,326.75,208.0,1.6852631578947368,0.0,0.65234375,0.0021552700782194734,6.615675728985572e-07,0.00016102194786071777,4.0,1.4347457885742188,0.8050115704536438,1.4347457885742188,0.7988569140434265,1601,97.91797777987085
0.0018532963003963232,0.0018532963003963232,0.00277752336114645,0.00277752336114645,0.004630819661542773,0.75,485.0,288.25,163.0,1.6863157894736842,0.0,0.84765625,0.0029157296230550855,6.607849694751977e-07,4.082918167114258e-05,3.0,1.7361375093460083,0.653950035572052,1.7361375093460083,0.6749540567398071,1602,58.52233799616806
0.001497006043791771,0.001497006043791771,0.001336898421868682,0.001336898421868682,0.002833904465660453,0.25,530.0,464.5,374.0,1.6873684210526316,0.5,0.44140625,0.002753321285126731,6.600019264718713e-07,0.0006599277257919312,5.5,-0.7504500150680542,0.318834513425827,-0.7504500150680542,3.7702748775482178,1603,201.6128352289088
0.001004016026854515,0.001004016026854515,0.0,0.0,0.001004016026854515,0.75,548.0,325.5,128.0,1.688421052631579,0.5,0.326171875,0.0021215635060798377,6.592184460293877e-07,-0.00020531032350845635,3.25,0.93711256980896,0.08840596675872803,0.93711256980896,2.2391130924224854,1604,60.364001194247976
0.0036881493870168924,0.0036881493870168924,0.0012886597542092204,0.0012886597542092204,0.004976809141226113,0.75,302.0,236.0,194.0,1.6894736842105265,0.0,0.78515625,0.002423412719508633,6.584345302897522e-07,-0.0005874782800674438,2.75,1.660962462425232,0.44259577989578247,1.660962462425232,0.36657434701919556,1605,50.50134743005037
0.0045287778484635055,0.0045287778484635055,0.0028787050396203995,0.0028787050396203995,0.007407482888083905,0.25,356.0,267.5,177.0,1.6905263157894737,0.0,0.9921875,0.004226908029522747,6.576501813961608e-07,-0.0001958310604095459,3.25,1.3767874240875244,0.45504093170166016,1.3767874240875244,0.5264203548431396,1606,53.303489826153964
0.0009578543831594288,0.0009578543831594288,0.0004990019951947033,0.0004990019951947033,0.0014568563783541322,0.5,501.0,288.0,193.0,1.691578947368421,0.0,0.640625,0.004526786535279825,6.568654014929932e-07,0.0012596100568771362,3.25,1.4969792366027832,0.03800111636519432,1.4969792366027832,0.17672111093997955,1607,55.6421304049436
0.004481066716834903,0.004481066716834903,0.0007836990407668054,0.0007836990407668054,0.005264765757601708,0.75,638.0,444.0,254.0,1.6926315789473683,0.0,0.5,0.0015052961971377954,6.560801927258079e-07,-0.0013694912195205688,4.5,1.181862473487854,1.0131957530975342,1.181862473487854,1.3713054656982422,1608,199.5905314278789
0.00446812401060015,0.00446812401060015,0.002577319508418441,0.002577319508418441,0.0070454435190185905,0.5,293.0,243.5,194.0,1.6936842105263157,0.0,0.66796875,0.0031859897426329553,6.552945572413356e-07,-4.9442052841186523e-05,2.75,1.1047749519348145,0.8393003940582275,1.1047749519348145,0.9682170152664185,1609,53.56060418696143
0.0027173913549631834,0.0027173913549631834,0.0013020833721384406,0.0013020833721384406,0.004019474727101624,1.0,418.0,274.75,184.0,1.694736842105263,0.0,0.671875,0.002827693388098851,6.545084971874736e-07,0.0009575486183166504,2.75,1.1675500869750977,1.033719539642334,1.1675500869750977,1.1193149089813232,1610,60.14227747381665
0.0037182497326284647,0.0037182497326284647,0.005630630534142256,0.005630630534142256,0.00934888026677072,0.75,477.0,265.0,128.0,1.6957894736842105,0.0,0.9375,0.0063836086774244905,6.537220147132804e-07,-0.00026720762252807617,3.0,0.8640249967575073,0.9751002788543701,0.8640249967575073,1.2520513534545898,1611,54.871205426286906
0.0016598073998466134,0.0016598073998466134,0.0014285714132711291,0.0014285714132711291,0.0030883788131177425,0.25,564.0,341.0,175.0,1.696842105263158,0.0,0.94140625,0.004927122965455055,6.529351119689687e-07,0.002591729164123535,3.75,2.2484374046325684,1.274188756942749,2.2484374046325684,1.0790303945541382,1612,71.77402902580798
0.0016891892300918698,0.0016891892300918698,0.0038249247008934617,0.0038249247008934617,0.0055141139309853315,0.5,504.0,283.25,128.0,1.6978947368421053,0.0,0.9296875,0.003305565769551322,6.521477911059008e-07,0.0008988231420516968,3.25,-0.42573750019073486,0.8486165404319763,-0.42573750019073486,1.2539021968841553,1613,56.374695455888286
0.0034068190725520253,0.0034068190725520253,0.0,0.0,0.0034068190725520253,0.75,469.0,381.0,192.0,1.6989473684210528,0.0,0.609375,0.0028953027504030615,6.513600542765816e-07,0.0012439191341400146,4.5,1.1407291889190674,0.7065233588218689,1.1407291889190674,1.1660802364349365,1614,198.21760894870386
0.0007836990407668054,0.0007836990407668054,0.0011645962949842215,0.0011645962949842215,0.0019482953357510269,0.75,644.0,304.75,128.0,1.7,0.5,0.431640625,0.0014097216771915555,6.505719036346537e-07,0.0012567192316055298,2.75,-0.004616647958755493,0.6416522860527039,-0.004616647958755493,1.3674821853637695,1615,61.23827343177982
0.002277904422953725,0.002277904422953725,0.0,0.0,0.002277904422953725,0.75,439.0,225.5,128.0,1.7010526315789474,0.5,0.53125,0.0026974797365255654,6.497833413348909e-07,-0.0002881288528442383,2.5,0.16785001754760742,1.0342143774032593,0.16785001754760742,1.8012858629226685,1616,163.81751574017107
0.0006265664123930037,0.0006265664123930037,0.0005482456181198359,0.0005482456181198359,0.0011748120305128396,0.75,458.0,379.0,203.0,1.7021052631578948,0.0,0.7734375,0.005885917984414846,6.489943695331923e-07,0.0006784945726394653,4.25,1.6749541759490967,0.7358565330505371,1.6749541759490967,0.6228889226913452,1617,67.83453992777504
0.0038513513281941414,0.0038513513281941414,0.0014846020785626024,0.0014846020785626024,0.005335953406756744,0.5,541.0,353.75,185.0,1.703157894736842,0.0,0.6171875,0.0038969360757619143,6.482049903865768e-07,0.0008452087640762329,4.0,-0.0692249983549118,1.864322304725647,-0.0692249983549118,1.6316298246383667,1618,549.9751528643537
0.0036309524439275265,0.0036309524439275265,0.0009920635493472219,0.0009920635493472219,0.004623015993274748,1.0,315.0,248.5,200.0,1.7042105263157894,0.0,0.8828125,0.0026577611570246518,6.474152060531768e-07,0.0007945597171783447,2.75,0.6249333024024963,0.16172710061073303,0.6249333024024963,0.8552082777023315,1619,48.03768243617378
0.0,0.0,0.0024999999441206455,0.0024999999441206455,0.0024999999441206455,0.75,376.0,222.5,128.0,1.7052631578947368,0.0,1.015625,0.003955427935579792,6.466250186922324e-07,0.002093598246574402,2.5,0.4488874673843384,0.24785861372947693,0.4488874673843384,1.7757614850997925,1620,161.62689726613462
0.003881987649947405,0.003881987649947405,0.0,0.0,0.003881987649947405,0.75,322.0,199.75,94.0,1.7063157894736842,0.0,0.9609375,0.009751942910952494,6.458344304640857e-07,0.0014460384845733643,2.25,0.9363625049591064,1.0778251886367798,0.9363625049591064,1.332375407218933,1621,42.020353741012514
0.0028485445654951036,0.0028485445654951036,0.0010121457744389772,0.0010121457744389772,0.003860690339934081,0.5,536.0,374.75,208.0,1.7073684210526316,0.0,0.8046875,0.011940934520680457,6.450434435301751e-07,0.0007988214492797852,4.25,0.5660833716392517,0.10644315183162689,0.5660833716392517,0.943795382976532,1622,191.30435146577656
0.0018712370074354112,0.0018712370074354112,0.004273504484444857,0.004273504484444857,0.006144741491880268,0.5,506.0,292.5,117.0,1.708421052631579,0.0,2.109375,0.0041654472588561475,6.44252060053028e-07,0.0009786039590835571,3.5,1.5470166206359863,0.3556157648563385,1.5470166206359863,0.30489563941955566,1623,65.49963246891275
0.003649376449175179,0.003649376449175179,0.0027345880516804755,0.0027345880516804755,0.0063839645008556545,0.75,432.0,341.5,260.0,1.7094736842105265,0.0,0.578125,0.004847943957429379,6.43460282196257e-07,-0.00016865134239196777,3.75,1.0627082586288452,0.5687023997306824,1.0627082586288452,1.1239718198776245,1624,63.71415159199387
0.0,0.0,0.0007022471982054412,0.0007022471982054412,0.0007022471982054412,0.75,356.0,285.75,193.0,1.7105263157894737,0.0,0.69140625,0.002491942170308903,6.426681121245527e-07,-1.849234104156494e-05,3.75,0.27406251430511475,2.014777183532715,0.27406251430511475,2.8845109939575195,1625,53.65404280903749
0.003076923079788685,0.003076923079788685,0.002886517031583935,0.002886517031583935,0.00596344011137262,0.5,617.0,523.25,325.0,1.711578947368421,0.0,0.4921875,0.0032207875628955662,6.418755520036774e-07,-0.0002587735652923584,5.25,0.12307494878768921,2.2114057540893555,0.12307494878768921,2.621434211730957,1626,219.69872101512738
0.0024410245823673904,0.0024410245823673904,0.001953125,0.001953125,0.00439414958236739,0.5,490.0,305.5,128.0,1.7126315789473683,0.0,0.8984375,0.002473646338330582,6.410826040004607e-07,0.000372081995010376,3.75,1.3141125440597534,1.4625266790390015,1.3141125440597534,1.628980040550232,1627,62.83239071513526
0.0012690355069935322,0.0012690355069935322,0.00048449612222611904,0.00048449612222611904,0.0017535316292196512,0.5,516.0,280.75,197.0,1.7136842105263157,0.0,0.53125,0.004475853405892849,6.402892702827916e-07,0.001492515206336975,3.25,0.680512547492981,1.1932603120803833,0.680512547492981,1.5790507793426514,1628,60.0316479918547
0.002036837162449956,0.002036837162449956,0.001243781065568328,0.001243781065568328,0.003280618228018284,0.75,551.0,396.75,201.0,1.7147368421052631,0.0,0.60546875,0.002173568675061688,6.394955530196147e-07,0.00040328502655029297,4.5,2.3739500045776367,0.4588768780231476,2.3739500045776367,0.7136014699935913,1629,74.52657462004572
0.005002901656553149,0.005002901656553149,0.0,0.0,0.005002901656553149,0.75,490.0,357.0,203.0,1.7157894736842105,0.0,0.59765625,0.00213090906618163,6.387014543809223e-07,-0.00017632544040679932,3.75,1.133275032043457,0.9152790307998657,1.133275032043457,1.051777720451355,1630,66.33564083417878
0.005400782101787627,0.005400782101787627,0.002590743126347661,0.002590743126347661,0.007991525228135288,1.0,465.0,262.25,192.0,1.716842105263158,0.0,0.90625,0.0035570165928220376,6.379069765377499e-07,-3.5628676414489746e-05,2.75,1.7598999738693237,0.5846005082130432,1.7598999738693237,0.8259002566337585,1631,53.30406922288239
0.0062974682077765465,0.0062974682077765465,0.0009328357991762459,0.0009328357991762459,0.007230304006952792,1.0,395.0,288.0,200.0,1.7178947368421054,0.0,0.8046875,0.004576293402351439,6.371121216621697e-07,0.0008136332035064697,3.0,1.3925375938415527,0.716175377368927,1.3925375938415527,1.1080412864685059,1632,181.84070471022278
0.0027755533228628337,0.0027755533228628337,0.0,0.0,0.0027755533228628337,0.5,456.0,378.0,272.0,1.7189473684210528,0.0,0.62890625,0.0019559104985091835,6.363168919272846e-07,0.002159491181373596,5.0,1.9194083213806152,0.18065398931503296,1.9194083213806152,0.4298419952392578,1633,82.74932314106263
0.0005827505956403911,0.0005827505956403911,0.0015337422955781221,0.0015337422955781221,0.0021164928912185133,0.5,489.0,293.5,128.0,1.72,0.5,0.345703125,0.005432154692243785,6.355212895072222e-07,-7.97072279965505e-05,3.5,0.48319584131240845,0.6951271891593933,0.48319584131240845,1.891409158706665,1634,65.71388902212493
0.0029679782455787063,0.0029679782455787063,0.0009842519648373127,0.0009842519648373127,0.003952230210416019,1.0,285.0,232.75,186.0,1.7210526315789474,0.0,0.53125,0.004638450569473207,6.347253165771289e-07,0.000927407294511795,2.25,1.4105374813079834,0.1945781409740448,1.4105374813079834,0.23598819971084595,1635,47.2603685380891
0.005129881668835878,0.005129881668835878,0.0010416667209938169,0.0010416667209938169,0.006171548389829695,0.5,460.0,317.25,240.0,1.7221052631578946,0.0,0.5859375,0.0026335865259170532,6.339289753131648e-07,0.00041122734546661377,4.0,0.482283353805542,0.7537168860435486,0.482283353805542,1.6524229049682617,1636,64.52871218835935
0.0036714739399030805,0.0036714739399030805,0.0004761904710903764,0.0004761904710903764,0.004147664410993457,0.5,525.0,341.75,189.0,1.723157894736842,0.0,0.5859375,0.00258985381515231,6.331322678924961e-07,-0.0005237311124801636,3.5,0.21977084875106812,1.124400019645691,0.21977084875106812,1.726731777191162,1637,213.87271851836704
0.004319293657317758,0.004319293657317758,0.0026612594083417207,0.0026612594083417207,0.006980553065659478,1.0,574.0,417.5,289.0,1.7242105263157894,0.0,0.6171875,0.0020928359881509095,6.323351964932908e-07,-0.00018881261348724365,4.25,1.1440500020980835,0.9251785278320312,1.1440500020980835,0.8710009455680847,1638,80.00698539684527
0.005667951190844178,0.005667951190844178,0.0035834943410009146,0.0035834943410009146,0.009251445531845093,0.25,346.0,233.75,180.0,1.7252631578947368,0.0,0.66796875,0.0030216587183531374,6.315377632947114e-07,-0.000559195876121521,2.75,1.6107499599456787,0.12406190484762192,1.6107499599456787,0.3354651629924774,1639,48.693140905117616
0.004199001472443342,0.004199001472443342,0.0012953367549926043,0.0012953367549926043,0.0054943382274359465,1.0,432.0,303.75,193.0,1.7263157894736842,0.0,0.68359375,0.0020640268630813807,6.307399704769098e-07,8.299946784973145e-05,3.0,1.7981375455856323,0.6367319822311401,1.7981375455856323,0.5450249910354614,1640,58.6865552959498
0.0,0.0,0.0,0.0,0.0,0.75,303.0,190.0,128.0,1.7273684210526317,0.5,0.45703125,0.004080167360370979,6.299418202210214e-07,0.0005266815423965454,2.0,0.3498624563217163,0.24764645099639893,0.3498624563217163,1.5847007036209106,1641,38.63900922774337
0.0,0.0,0.0004950495203956962,0.0004950495203956962,0.0004950495203956962,0.75,505.0,298.5,201.0,1.728421052631579,0.0,0.59765625,0.001602300617378205,6.291433147091583e-07,0.0017762631177902222,3.25,0.9076083302497864,0.7303588390350342,0.9076083302497864,0.9853886961936951,1642,65.43608866911381
0.001308900536969304,0.001308900536969304,0.0025510203558951616,0.0025510203558951616,0.0038599208928644657,1.0,209.0,197.25,191.0,1.7294736842105263,0.0,0.76171875,0.002373384137172252,6.283444561244041e-07,0.0002882331609725952,2.0,1.3482248783111572,0.0006363752763718367,1.3482248783111572,0.0005751556600444019,1643,46.37875800812617
0.002111394831445068,0.002111394831445068,0.0012886597542092204,0.0012886597542092204,0.0034000545856542885,1.0,317.0,238.25,189.0,1.7305263157894737,0.0,0.8125,0.003240846563130617,6.275452466508075e-07,-0.0013035237789154053,2.25,1.4860249757766724,0.19512608647346497,1.4860249757766724,0.2754502296447754,1644,51.61066804593429
0.0009157509193755686,0.0009157509193755686,0.003543623606674373,0.003543623606674373,0.004459374526049942,1.0,273.0,241.5,202.0,1.731578947368421,0.0,0.609375,0.002018431492615491,6.26745688473377e-07,-0.00016094744205474854,2.75,1.6107749938964844,0.12406186759471893,1.6107749938964844,0.17541679739952087,1645,54.29111801995896
0.0005813953466713428,0.0005813953466713428,0.0,0.0,0.0005813953466713428,0.75,430.0,203.75,70.0,1.7326315789473683,0.0,1.390625,0.008070847077760845,6.259457837780741e-07,0.0015399307012557983,2.0,-0.17982915043830872,1.1598968505859375,-0.17982915043830872,1.034001350402832,1646,38.83782145194709
0.002703692705836147,0.002703692705836147,0.001585089456057176,0.001585089456057176,0.004288782161893323,1.0,616.0,401.5,212.0,1.7336842105263157,0.0,0.6171875,0.0012243911623954773,6.251455347518073e-07,0.0014684051275253296,4.25,1.3911499977111816,1.0369720458984375,1.3911499977111816,1.0414981842041016,1647,83.64169779722579
0.0016778523568063974,0.0016778523568063974,0.0013440860202535987,0.0013440860202535987,0.003021938377059996,0.75,596.0,277.75,128.0,1.7347368421052631,0.0,0.75390625,0.002299265004694462,6.243449435824276e-07,-4.649162292480469e-06,2.75,1.1470916271209717,1.3763008117675781,1.1470916271209717,1.6056727170944214,1648,54.57477036677301
0.003596230293624103,0.003596230293624103,0.0,0.0,0.003596230293624103,1.0,252.0,211.75,192.0,1.7357894736842105,0.0,0.921875,0.0024552388058509678,6.235440124587198e-07,0.001025468111038208,2.25,1.4361375570297241,0.26599588990211487,1.4361375570297241,0.3229711949825287,1649,43.89636826585047
0.0031784363090991974,0.0031784363090991974,0.0030179174500517547,0.0030179174500517547,0.006196353759150952,0.5,541.0,384.5,197.0,1.736842105263158,0.0,0.58203125,0.005260701640509069,6.227427435703995e-07,0.00025235116481781006,4.25,1.1427624225616455,1.9535771608352661,1.1427624225616455,2.117347002029419,1650,79.79683075263165
0.0024264429230242968,0.0024264429230242968,0.0012953367549926043,0.0012953367549926043,0.003721779678016901,0.5,456.0,319.5,193.0,1.7378947368421054,0.0,0.83203125,0.0020157686521997675,6.219411391081054e-07,0.001339644193649292,3.75,0.9355083703994751,0.45186474919319153,0.9355083703994751,0.5754149556159973,1651,80.7824635640718
0.004694835748523474,0.004694835748523474,0.0,0.0,0.004694835748523474,0.5,436.0,289.25,197.0,1.7389473684210528,0.0,0.73046875,0.003401774389203638,6.211392012633931e-07,0.000819280743598938,3.25,0.942562460899353,1.1048365831375122,0.942562460899353,1.2460399866104126,1652,61.1705189072527
0.0016840136959217489,0.0016840136959217489,0.00193050189409405,0.00193050189409405,0.003614515590015799,1.0,324.0,246.25,128.0,1.74,0.0,1.0,0.0023739985772408545,6.203369322287305e-07,0.0007774233818054199,2.75,0.6946709156036377,0.4889937937259674,0.6946709156036377,1.2889313697814941,1653,45.285291359294206
0.005200916202738881,0.005200916202738881,0.0,0.0,0.005200916202738881,0.25,571.0,373.25,180.0,1.7410526315789474,0.0,0.9375,0.003574583912268281,6.1953433419749e-07,0.0011337250471115112,4.0,0.47569581866264343,0.409903883934021,0.47569581866264343,1.3661859035491943,1654,198.2318194610998
0.0025167784187942743,0.0025167784187942743,0.0,0.0,0.0025167784187942743,0.75,417.0,227.25,66.0,1.7421052631578946,0.5,0.390625,0.003872984438203275,6.187314093639443e-07,0.0003590248816180974,2.25,0.12007081508636475,0.46514075994491577,0.12007081508636475,1.400435447692871,1655,169.20361763914116
0.001336898421868682,0.001336898421868682,0.0,0.0,0.001336898421868682,1.0,465.0,244.25,128.0,1.743157894736842,0.0,0.640625,0.0028731801721733063,6.17928159923259e-07,0.0014945119619369507,2.5,1.073812484741211,1.2727744579315186,1.073812484741211,1.5029432773590088,1656,48.58321223105304
0.002334639895707369,0.002334639895707369,0.0028588525019586086,0.0028588525019586086,0.0051934923976659775,0.5,507.0,353.25,267.0,1.7442105263157894,0.0,0.65234375,0.0030715856701135635,6.171245880714879e-07,0.0009735822677612305,4.0,1.809316635131836,0.37392982840538025,1.809316635131836,0.3596227765083313,1657,75.66480824560858
0.0027027027681469917,0.0027027027681469917,0.0008503401186317205,0.0008503401186317205,0.0035530428867787123,0.5,588.0,253.75,114.0,1.7452631578947368,0.5,0.47265625,0.0028651187021750957,6.163206960055652e-07,-0.0009879916906356812,2.5,-0.3066999912261963,0.6799538135528564,-0.3066999912261963,1.1213099956512451,1658,48.56692809518427
0.0028732639621011913,0.0028732639621011913,0.006525471108034253,0.006525471108034253,0.009398735070135444,0.25,384.0,238.0,142.0,1.7463157894736843,0.0,0.7109375,0.003406827905564569,6.155164859233011e-07,-0.0004497021436691284,3.0,1.6738874912261963,0.5658445358276367,1.6738874912261963,0.5576117634773254,1659,49.61329769087024
0.0022356953704729676,0.0022356953704729676,0.007117709959857166,0.007117709959857166,0.009353405330330133,0.25,546.0,302.0,94.0,1.7473684210526317,0.0,0.734375,0.0031091907585505396,6.147119600233758e-07,-0.0007055997848510742,3.5,0.4592791199684143,0.10331419110298157,0.4592791199684143,0.8546849489212036,1660,59.69173626299016
0.0033859284594655037,0.0033859284594655037,0.001179245300590992,0.001179245300590992,0.004565173760056496,0.5,246.0,213.75,186.0,1.748421052631579,0.0,0.88671875,0.0031022654729895294,6.139071205053319e-07,-0.000822409987449646,2.75,1.611337423324585,0.3720972537994385,1.611337423324585,0.3357393443584442,1661,43.5629387809895
0.0008333333535119891,0.0008333333535119891,0.0017985611921176314,0.0017985611921176314,0.0026318945456296206,0.5,600.0,353.0,128.0,1.7494736842105263,0.5,0.31640625,0.0014579831331502646,6.131019695695702e-07,-0.0004483279772102833,3.5,0.3583332896232605,1.1549410820007324,0.3583332896232605,2.058788776397705,1662,72.87542426586151
0.004009025753475726,0.004009025753475726,0.002140115655492991,0.002140115655492991,0.006149141408968717,0.5,480.0,325.25,197.0,1.7505263157894737,0.0,0.68359375,0.0025083130167331547,6.122965094173423e-07,-0.0003378242254257202,3.75,2.011237621307373,0.6898003816604614,2.011237621307373,0.6158589124679565,1663,65.71551037603058
0.0010000000474974513,0.0010000000474974513,0.0,0.0,0.0010000000474974513,0.75,250.0,174.5,128.0,1.751578947368421,0.0,1.0625,0.0040299814427271485,6.114907422507459e-07,0.0033321231603622437,1.75,0.26186248660087585,1.7845430374145508,0.26186248660087585,1.4640965461730957,1664,37.24884895468131
0.0038797783199697733,0.0038797783199697733,0.0017015837947838008,0.0017015837947838008,0.005581362114753574,0.5,464.0,333.5,215.0,1.7526315789473683,0.0,0.5,0.0019162555108778179,6.106846702727172e-07,-2.1472573280334473e-05,3.75,1.2302000522613525,1.0873887538909912,1.2302000522613525,1.4739910364151,1665,68.82617274718359
0.004728812724351883,0.004728812724351883,0.0004578754596877843,0.0004578754596877843,0.005186688184039667,0.75,546.0,304.75,128.0,1.7536842105263157,0.0,0.7265625,0.003952734521590173,6.098782956870265e-07,0.0014638006687164307,3.25,0.9143624901771545,1.0386161804199219,0.9143624901771545,1.3350025415420532,1666,61.37218592595309
0.0030790084274485707,0.0030790084274485707,0.0016943614755291492,0.0016943614755291492,0.00477336990297772,0.75,520.0,384.0,206.0,1.7547368421052632,0.0,0.54296875,0.0019034789584111422,6.090716206982713e-07,2.250075340270996e-05,4.0,0.38942497968673706,0.1454518437385559,0.38942497968673706,0.8981929421424866,1667,79.07599346339703
0.000806451600510627,0.000806451600510627,0.0027601805049926043,0.0027601805049926043,0.0035666321055032313,0.25,512.0,366.25,193.0,1.7557894736842106,0.0,0.7109375,0.00348994554951787,6.082646475118699e-07,0.0015096515417099,4.5,1.0932625532150269,0.6743618249893188,1.0932625532150269,0.8032633662223816,1668,74.0740136532113
0.005069124512374401,0.005069124512374401,0.002976057236082852,0.002976057236082852,0.008045181748457253,0.75,410.0,279.25,210.0,1.756842105263158,0.0,0.59765625,0.0041230201022699475,6.074573783340562e-07,0.00020296871662139893,3.0,0.4733999967575073,0.1591697484254837,0.4733999967575073,1.027226209640503,1669,262.12925274530426
0.0024038462433964014,0.0024038462433964014,0.001479289960116148,0.001479289960116148,0.0038831362035125494,0.75,208.0,158.25,128.0,1.7578947368421054,0.5,0.609375,0.006186010199598968,6.066498153718734e-07,0.0011380384676158428,1.5,0.12463748455047607,0.07019802182912827,0.12463748455047607,1.3011468648910522,1670,36.669451364083216
0.002159183961339295,0.002159183961339295,0.0,0.0,0.002159183961339295,0.5,242.0,184.0,128.0,1.7589473684210526,0.0,0.8359375,0.002764236065559089,6.058419608331678e-07,0.0009430050849914551,2.25,0.39263755083084106,0.41508936882019043,0.39263755083084106,1.1897469758987427,1671,39.49053289205767
0.004957160446792841,0.004957160446792841,0.0,0.0,0.004957160446792841,0.75,430.0,253.75,184.0,1.76,0.0,0.671875,0.003745344205526635,6.05033816926583e-07,0.0016672313213348389,3.0,1.7986249923706055,0.6375982165336609,1.7986249923706055,0.9009168744087219,1672,50.28245393722318
0.0037117497995495796,0.0037117497995495796,0.005494505632668734,0.005494505632668734,0.009206255432218313,0.5,446.0,229.0,91.0,1.7610526315789472,0.0,1.1875,0.005343798460671678,6.042253858615531e-07,-0.0012055784463882446,3.0,0.6848291754722595,0.9695553183555603,0.6848291754722595,1.2284311056137085,1673,175.805516858818
0.00460122711956501,0.00460122711956501,0.000974658876657486,0.000974658876657486,0.005575885996222496,0.5,513.0,273.75,128.0,1.7621052631578946,0.5,0.390625,0.001897084788652137,6.034166698482983e-07,-0.0007384024793282151,3.25,-0.453249990940094,0.614122211933136,-0.453249990940094,0.9494431018829346,1674,59.5310125509277
0.001098901149816811,0.001098901149816811,0.003533404553309083,0.003533404553309083,0.004632305703125894,0.75,455.0,308.25,190.0,1.763157894736842,0.0,0.6171875,0.003446578106377274,6.026076710978171e-07,0.000609278678894043,3.25,1.467612385749817,0.8570664525032043,1.467612385749817,1.2483367919921875,1675,61.58464501216076
0.0006097560981288552,0.0006097560981288552,0.001231527072377503,0.001231527072377503,0.0018412831705063581,0.75,410.0,217.25,128.0,1.7642105263157895,0.5,0.5,0.0029981946281623095,6.017983918218811e-07,0.000434552610386163,2.0,0.34936249256134033,0.38942137360572815,0.34936249256134033,1.6216979026794434,1676,43.9266720500309
0.0034246575087308884,0.0034246575087308884,0.0,0.0,0.0034246575087308884,0.75,219.0,170.25,128.0,1.7652631578947369,0.5,0.5859375,0.0042617678409442306,6.009888342330291e-07,-0.0010778754949569702,1.75,0.21182501316070557,0.1943129450082779,0.21182501316070557,1.4171695709228516,1677,33.77791609521955
0.0,0.0,0.0,0.0,0.0,1.0,316.0,233.75,128.0,1.7663157894736843,0.0,1.0625,0.004318087827414274,6.001790005445606e-07,0.002063184976577759,2.25,-0.5450500249862671,1.0170671939849854,-0.5450500249862671,1.4606105089187622,1678,282.46506127296016
0.0032534695928916335,0.0032534695928916335,0.000965250947047025,0.000965250947047025,0.0042187205399386585,0.5,402.0,290.0,214.0,1.7673684210526317,0.0,0.734375,0.0028744505834765732,5.993688929705299e-07,0.001201137900352478,3.25,1.8860374689102173,0.37135475873947144,1.8860374689102173,0.5270624756813049,1679,58.372934150276706
0.0032417927868664265,0.0032417927868664265,0.000654450268484652,0.000654450268484652,0.0038962430553510785,0.75,481.0,319.25,199.0,1.768421052631579,0.0,0.609375,0.003112095728283748,5.985585137257401e-07,0.0008168667554855347,3.5,1.8861249685287476,0.37190282344818115,1.8861249685287476,0.8001927733421326,1680,66.95691583817825
0.0010416667209938169,0.0010416667209938169,0.005859375,0.005859375,0.006901041720993817,0.75,480.0,216.0,128.0,1.7694736842105263,0.5,0.578125,0.004682799451984465,5.977478650257374e-07,-0.0010709745110943913,2.0,-0.5098749995231628,0.6931414008140564,-0.5098749995231628,0.9802500009536743,1681,38.55523513909429
0.002371378184761852,0.002371378184761852,0.0009433962404727936,0.0009433962404727936,0.0033147744252346456,1.0,530.0,331.75,128.0,1.7705263157894737,0.0,0.80078125,0.004426836298080161,5.969369490868042e-07,-0.0007719099521636963,3.5,0.5285124778747559,1.7597944736480713,0.5285124778747559,1.4726848602294922,1682,72.15672849002294
0.0011111111380159855,0.0011111111380159855,0.004121340229175985,0.004121340229175985,0.00523245136719197,0.25,450.0,319.0,136.0,1.771578947368421,0.0,0.93359375,0.0035239009594079107,5.961257681259535e-07,0.0007948428392410278,4.25,1.4036999940872192,1.194232702255249,1.4036999940872192,1.1619173288345337,1683,64.7862000958994
0.0024449878837913275,0.0024449878837913275,0.0005592841189354658,0.0005592841189354658,0.0030042720027267933,0.75,447.0,295.0,128.0,1.7726315789473683,0.0,0.8203125,0.003933282278012484,5.953143243609234e-07,0.002975553274154663,3.5,0.9273625016212463,1.5868360996246338,0.9273625016212463,1.561486840248108,1684,67.31438138522208
0.0028649342129938304,0.0028649342129938304,0.0012195121962577105,0.0012195121962577105,0.004084446409251541,0.5,529.0,335.25,189.0,1.7736842105263158,0.0,0.5546875,0.0019380556186661124,5.945026200101702e-07,-0.0009312033653259277,4.0,2.012012481689453,1.0790271759033203,2.012012481689453,0.8850197196006775,1685,69.92347716423683
0.001043841359205544,0.001043841359205544,0.0,0.0,0.001043841359205544,0.75,479.0,235.5,128.0,1.7747368421052632,0.5,0.435546875,0.0018002392316702753,5.936906572928624e-07,0.00040671229362487793,2.5,0.6246625185012817,0.6368734240531921,0.6246625185012817,2.014989137649536,1686,48.3107473179698
0.001685393275693059,0.001685393275693059,0.003990255412645638,0.003990255412645638,0.005675648688338697,0.75,445.0,273.75,186.0,1.7757894736842106,0.0,0.875,0.003173585224431008,5.92878438428875e-07,0.002153456211090088,2.75,1.7109500169754028,0.5128998756408691,1.7109500169754028,0.5188353657722473,1687,53.84259919100441
0.0,0.0,0.0012953367549926043,0.0012953367549926043,0.0012953367549926043,0.5,542.0,282.25,191.0,1.776842105263158,0.0,0.828125,0.004516326356679201,5.920659656387836e-07,0.0012803822755813599,3.0,0.8173625469207764,0.7510004639625549,0.8173625469207764,1.061575174331665,1688,52.000998152885586
0.0,0.0,0.002336448524147272,0.002336448524147272,0.002336448524147272,0.5,214.0,132.25,80.0,1.7778947368421054,0.5,0.96484375,0.00436752921086736,5.912532411438576e-07,-0.0002153324894607067,1.25,-0.41296249628067017,0.8301964402198792,-0.41296249628067017,1.1740750074386597,1689,26.827219182392582
0.003052678657695651,0.003052678657695651,0.0018331497558392584,0.0018331497558392584,0.0048858284135349095,0.75,474.0,342.5,210.0,1.7789473684210526,0.0,0.54296875,0.001914748951094225,5.90440267166055e-07,0.00026510655879974365,3.75,0.5841291546821594,0.9928073287010193,0.5841291546821594,1.7757072448730469,1690,65.10615873406641
0.004339893930591643,0.004339893930591643,0.0019294611411169171,0.0019294611411169171,0.00626935507170856,0.5,456.0,275.75,181.0,1.78,0.0,0.67578125,0.0024198281462304294,5.896270459280152e-07,0.0011930614709854126,3.0,0.34831252694129944,0.22993344068527222,0.34831252694129944,1.1852494478225708,1691,51.33786984626204
0.0037372735678218305,0.0037372735678218305,0.0,0.0,0.0037372735678218305,1.0,438.0,311.5,216.0,1.7810526315789472,0.0,0.7109375,0.001836775103583932,5.888135796530544e-07,-0.0006174445152282715,3.0,1.8485000133514404,0.3180919587612152,1.8485000133514404,0.46034249663352966,1692,65.36536564212292
0.0033440861152485013,0.0033440861152485013,0.0028796738479286432,0.0028796738479286432,0.0062237599631771445,0.75,375.0,266.75,186.0,1.7821052631578946,0.0,0.625,0.00236869728541933,5.879998705651579e-07,0.000791013240814209,2.75,1.2423499822616577,0.9282898306846619,1.2423499822616577,1.0788233280181885,1693,54.63967358507216
0.0011441647075116634,0.0011441647075116634,0.0,0.0,0.0011441647075116634,0.75,437.0,220.0,128.0,1.783157894736842,0.5,0.578125,0.00150247648707591,5.871859208889758e-07,0.0003066211938858032,2.0,0.34901249408721924,0.2473282814025879,0.34901249408721924,1.5836691856384277,1694,46.63976603979245
0.003759881015866995,0.003759881015866995,0.0025345340836793184,0.0025345340836793184,0.006294415099546313,0.25,573.0,429.75,253.0,1.7842105263157895,0.0,0.7109375,0.0021010531345382333,5.863717328498152e-07,8.574128150939941e-05,5.0,1.3483457565307617,0.752791702747345,1.3483457565307617,1.1145504713058472,1695,90.76884092460386
0.001696832594461739,0.001696832594461739,0.0,0.0,0.001696832594461739,0.75,442.0,224.5,128.0,1.7852631578947369,0.5,0.68359375,0.00236583745572716,5.855573086736349e-07,0.0001909881830215454,2.5,0.6244250535964966,0.6358304023742676,0.6244250535964966,2.0142946243286133,1696,51.404249514918774
0.002224442199803889,0.002224442199803889,0.001054852269589901,0.001054852269589901,0.0032792944693937898,0.25,525.0,393.5,146.0,1.7863157894736843,0.0,0.7734375,0.0034852023236453533,5.847426505870399e-07,0.0004186183214187622,4.25,1.3802375793457031,1.6173475980758667,1.3802375793457031,1.6951899528503418,1697,77.40987662691623
0.0045014554634690285,0.0045014554634690285,0.0014367816038429737,0.0014367816038429737,0.005938237067312002,0.75,316.0,219.5,174.0,1.7873684210526317,0.0,0.60546875,0.0034322428691666573,5.839277608172738e-07,-0.0010068565607070923,2.25,1.386199951171875,0.19448970258235931,1.386199951171875,0.22854621708393097,1698,42.663698797579855
0.004385964944958687,0.004385964944958687,0.0,0.0,0.004385964944958687,0.5,399.0,229.75,119.0,1.788421052631579,0.0,0.8046875,0.007474215293768793,5.831126415922147e-07,-0.0015610605478286743,2.5,1.023974895477295,1.2014803886413574,1.023974895477295,1.4371576309204102,1699,46.752525829244405
0.006100615486502647,0.006100615486502647,0.0,0.0,0.006100615486502647,0.5,411.0,271.75,191.0,1.7894736842105263,0.0,0.5625,0.003431853750953451,5.82297295140367e-07,8.404254913330078e-06,2.75,1.1673749685287476,0.9289261698722839,1.1673749685287476,1.073062539100647,1700,54.463980595814064
0.0051438737427815795,0.0051438737427815795,0.005867259809747338,0.005867259809747338,0.011011133552528918,0.75,202.0,164.5,79.0,1.7905263157894735,0.0,0.84375,0.002904073044192046,5.814817236908568e-07,-0.0009837299585342407,1.75,0.7611624598503113,0.8305145502090454,0.7611624598503113,1.1741083860397339,1701,37.41305886814371
0.004395959083922207,0.004395959083922207,0.0017793594161048532,0.0017793594161048532,0.0061753185000270605,1.0,402.0,283.75,190.0,1.791578947368421,0.0,1.7265625,0.0022470046824309975,5.806659294734255e-07,0.002009749412536621,3.0,1.8484001159667969,0.318162739276886,1.8484001159667969,0.3721834123134613,1702,59.048564836150035
0.0018924769246950746,0.0018924769246950746,0.0008992805960588157,0.0008992805960588157,0.0027917575207538903,0.75,401.0,336.5,273.0,1.7926315789473684,0.0,0.5859375,0.0025268549798056483,5.798499147184232e-07,0.000691145658493042,3.75,2.173524856567383,0.5302947759628296,2.173524856567383,0.44816139340400696,1703,69.96733216685243
0.002201859140768647,0.002201859140768647,0.0026164311566390097,0.0026164311566390097,0.004818290297407657,0.5,466.0,400.5,273.0,1.7936842105263158,0.0,0.6328125,0.003716159757459536,5.790336816568032e-07,-0.0001519918441772461,4.75,2.5611374378204346,0.5824969410896301,2.5611374378204346,0.5037279725074768,1704,87.37604481703602
0.002698255586437881,0.002698255586437881,0.0028409091755747795,0.0028409091755747795,0.0055391647620126605,0.25,599.0,366.0,176.0,1.7947368421052632,0.0,0.671875,0.00255213251512032,5.782172325201155e-07,-0.00022593140602111816,4.25,0.4484249949455261,2.5091683864593506,0.4484249949455261,3.024606943130493,1705,66.82979869004339
0.0007374631240963936,0.0007374631240963936,0.002449156774673611,0.002449156774673611,0.0031866198987700045,0.75,504.0,293.0,128.0,1.7957894736842106,0.0,0.90234375,0.0038653220399282873,5.774005695405007e-07,0.00021366775035858154,3.0,0.41019588708877563,0.6083534359931946,0.41019588708877563,1.0292216539382935,1706,56.9499791583512
0.0,0.0,0.005215150536969304,0.005215150536969304,0.005215150536969304,0.5,258.0,183.0,64.0,1.796842105263158,0.0,1.109375,0.04188394543598406,5.765836949506843e-07,0.0021938681602478027,2.25,0.986162543296814,1.1490309238433838,0.986162543296814,1.3435736894607544,1707,40.754377184668556
0.007673796731978655,0.007673796731978655,0.0011467889416962862,0.0011467889416962862,0.008820585673674941,0.5,374.0,271.0,200.0,1.7978947368421052,0.0,0.8046875,0.002279848384205252,5.757666109839702e-07,0.001762479543685913,3.25,1.3301500082015991,1.0171730518341064,1.3301500082015991,1.1743719577789307,1708,56.01572554069571
0.0030620545730926096,0.0030620545730926096,0.001243781065568328,0.001243781065568328,0.0043058356386609375,0.75,461.0,282.75,189.0,1.7989473684210526,0.0,0.859375,0.003067905083298683,5.749493198742348e-07,0.000272601842880249,3.25,1.8362751007080078,0.8310626149177551,1.8362751007080078,0.8072401881217957,1709,65.4358558782842
0.0017303832282777876,0.0017303832282777876,0.0010482179932296276,0.0010482179932296276,0.002778601221507415,0.5,603.0,404.25,190.0,1.8,0.0,0.6796875,0.002243062452180311,5.741318238559209e-07,-5.21540641784668e-07,4.25,2.044370651245117,0.5370888710021973,2.044370651245117,1.348589301109314,1710,84.68215619493276
0.0026041667442768812,0.0026041667442768812,0.0017730495892465115,0.0017730495892465115,0.004377216333523393,0.5,564.0,315.5,128.0,1.8010526315789472,0.0,0.95703125,0.004169876629021019,5.733141251640314e-07,0.0001207888126373291,3.75,-1.6380375623703003,2.562501907348633,-1.6380375623703003,2.3447837829589844,1711,421.9176480558235
0.0032006107503548265,0.0032006107503548265,0.0006053269025869668,0.0006053269025869668,0.003805937652941793,0.75,516.0,440.75,396.0,1.8021052631578947,0.0,0.5625,0.0027247724938206375,5.724962260341229e-07,-1.3113021850585938e-06,5.0,0.475849986076355,0.5213733911514282,0.475849986076355,0.7118910551071167,1712,96.90287156985141
0.0044247787445783615,0.0044247787445783615,0.0,0.0,0.0044247787445783615,0.5,483.0,323.25,206.0,1.803157894736842,0.0,0.65625,0.001965826828381978,5.716781287023009e-07,0.0009511411190032959,3.75,1.9233124256134033,0.5670819282531738,1.9233124256134033,0.534493088722229,1713,70.24253081087954
0.0026541822589933872,0.0026541822589933872,0.0022977942135185003,0.0022977942135185003,0.0049519764725118876,0.75,544.0,405.5,303.0,1.8042105263157895,0.0,0.55859375,0.00299484608694911,5.708598354052121e-07,-0.0009127706289291382,4.25,0.7020874619483948,1.1709511280059814,0.7020874619483948,1.7952783107757568,1714,86.92811306728981
0.004906022921204567,0.004906022921204567,0.0014367816038429737,0.0014367816038429737,0.006342804525047541,0.5,417.0,339.0,191.0,1.805263157894737,0.0,0.69140625,0.0023838928318582475,5.700413483800389e-07,0.0013384968042373657,4.5,1.6929500102996826,0.6449521780014038,1.6929500102996826,1.1181432008743286,1715,75.59970471286215
0.0037499999161809683,0.0037499999161809683,0.0015368852764368057,0.0015368852764368057,0.005286885192617774,1.0,488.0,367.25,190.0,1.8063157894736843,0.0,0.62890625,0.002882822183892131,5.692226698644937e-07,-0.0008345991373062134,3.75,-0.14541247487068176,1.252398133277893,-0.14541247487068176,1.1137957572937012,1716,73.31097505940124
0.0024999999441206455,0.0024999999441206455,0.0006234414177015424,0.0006234414177015424,0.003123441361822188,0.75,401.0,214.25,128.0,1.8073684210526317,0.5,0.4453125,0.0024533839314244688,5.684038020968125e-07,-0.0005580335855484009,2.5,-0.5689625144004822,1.051520824432373,-0.5689625144004822,1.3122445344924927,1717,285.5288209221326
0.0018950700759887695,0.0018950700759887695,0.005826456588692963,0.005826456588692963,0.007721526664681733,0.75,531.0,348.5,223.0,1.808421052631579,0.0,0.609375,0.003416980034671724,5.675847473157485e-07,-0.0016368627548217773,4.0,1.321220874786377,0.567741870880127,1.321220874786377,0.6277670860290527,1718,86.48672512173653
0.0032383420038968325,0.0032383420038968325,0.0018656715983524919,0.0018656715983524919,0.005104013602249324,0.5,536.0,294.5,128.0,1.8094736842105263,0.5,0.3203125,0.0022002680925652385,5.667655077605659e-07,0.00016719735867809504,3.25,0.4977791905403137,0.42701593041419983,0.4977791905403137,1.798401117324829,1719,61.701769007137045
0.002463054144755006,0.002463054144755006,0.0032829121919348836,0.0032829121919348836,0.005745966336689889,0.75,376.0,257.5,195.0,1.8105263157894735,0.0,0.7109375,0.003909182909410447,5.659460856710345e-07,0.0017966926097869873,2.75,0.7652791738510132,1.0725336074829102,0.7652791738510132,1.4100818634033203,1720,172.49384910287336
0.0024863770813681185,0.0024863770813681185,0.006241575465537608,0.006241575465537608,0.008727952546905726,0.75,549.0,369.25,189.0,1.811578947368421,0.0,0.91015625,0.0020440631196834147,5.65126483287423e-07,-0.00019019842147827148,4.25,2.2735748291015625,1.0261179208755493,2.2735748291015625,0.9003531336784363,1721,88.58916525286622
0.001879699295386672,0.001879699295386672,0.0015015015378594398,0.0015015015378594398,0.003381200833246112,0.5,333.0,263.0,166.0,1.8126315789473684,0.0,0.73828125,0.00417874613776803,5.643067028504931e-07,0.00273093581199646,2.75,0.1798125058412552,0.6102507710456848,0.1798125058412552,0.7840454578399658,1722,172.11549766501412
0.003968254197388887,0.003968254197388887,0.0,0.0,0.003968254197388887,0.75,210.0,168.25,126.0,1.8136842105263158,0.0,0.83203125,0.002481446572346613,5.634867466014931e-07,0.001447632908821106,1.75,0.7610249519348145,0.8309211134910583,0.7610249519348145,1.1740168333053589,1723,33.226760487305
0.004216270055621862,0.004216270055621862,0.0012562813935801387,0.0012562813935801387,0.005472551449202001,0.5,448.0,275.5,199.0,1.8147368421052632,0.0,0.96484375,0.0031167583947535604,5.626666167821521e-07,0.0024202316999435425,3.5,1.9364500045776367,0.4417649507522583,1.9364500045776367,0.6191847920417786,1724,60.61858305823989
0.002659574383869767,0.002659574383869767,0.0,0.0,0.002659574383869767,0.75,553.0,309.0,197.0,1.8157894736842106,0.0,0.73828125,0.0038622815045528114,5.618463156346739e-07,0.000852629542350769,3.5,0.7565499544143677,1.5097436904907227,0.7565499544143677,1.7160556316375732,1725,74.92838763841428
0.0023506120196543634,0.0023506120196543634,0.0014044943964108825,0.0014044943964108825,0.003755106416065246,1.0,365.0,335.25,261.0,1.816842105263158,0.0,0.6484375,0.0024824202992022038,5.6102584540173e-07,0.0013247430324554443,4.0,0.09009167551994324,1.4844646453857422,0.09009167551994324,1.746606707572937,1726,74.98434868082404
0.0042317548068240285,0.0042317548068240285,0.0,0.0,0.0042317548068240285,0.5,370.0,252.5,118.0,1.8178947368421052,0.0,1.0859375,0.0027284459210932255,5.602052083264555e-07,0.002179443836212158,3.25,1.1737375259399414,1.272138237953186,1.1737375259399414,1.5596805810928345,1727,61.11903604492545
0.0009469697251915932,0.0009469697251915932,0.0011037527583539486,0.0011037527583539486,0.0020507224835455418,0.75,453.0,340.75,244.0,1.8189473684210526,0.0,0.765625,0.0036753204476553947,5.5938440665244e-07,0.0015018582344055176,3.75,0.4262583553791046,1.5525118112564087,0.4262583553791046,1.6102385520935059,1728,188.49325847509317
0.00390625,0.00390625,0.0027455113595351577,0.0027455113595351577,0.006651761359535158,0.75,443.0,329.0,128.0,1.8199999999999998,0.0,0.765625,0.0015820973349036649,5.585634426237246e-07,-3.598630428314209e-05,3.25,0.12343758344650269,0.8129076957702637,0.12343758344650269,2.4577646255493164,1729,57.03261622716673
0.005343774217180908,0.005343774217180908,0.0019806460477411747,0.0019806460477411747,0.007324420264922082,0.5,429.0,339.25,189.0,1.8210526315789473,0.0,0.63671875,0.0028150107245892286,5.577423184847931e-07,0.0004372894763946533,4.75,1.3554999828338623,1.7585039138793945,1.3554999828338623,1.692460536956787,1730,97.10658759297803
0.0016778523568063974,0.0016778523568063974,0.0012886597542092204,0.0012886597542092204,0.002966512111015618,0.75,272.0,216.5,149.0,1.8221052631578947,0.0,0.84375,0.0032848130795173347,5.569210364805676e-07,0.002615690231323242,2.25,1.4858250617980957,0.19537360966205597,1.4858250617980957,0.27551811933517456,1731,52.593974247109145
0.0024805316352285445,0.0024805316352285445,0.0019102561054751277,0.0019102561054751277,0.004390787740703672,0.25,493.0,383.25,279.0,1.823157894736842,0.0,0.58984375,0.002812614431604743,5.560995988564023e-07,0.00045415759086608887,4.75,1.6678500175476074,0.927370548248291,1.6678500175476074,0.9788744449615479,1732,194.01209171884693
0.003702147863805294,0.003702147863805294,0.0,0.0,0.003702147863805294,0.75,573.0,409.75,189.0,1.8242105263157895,0.0,0.6640625,0.00248438841663301,5.552780078580756e-07,-0.0006177574396133423,4.25,2.0090041160583496,0.5460690855979919,2.0090041160583496,0.7694206833839417,1733,87.39001585589722
0.0029270235681906343,0.0029270235681906343,0.0025864129420369864,0.0025864129420369864,0.005513436510227621,0.75,519.0,349.5,191.0,1.825263157894737,0.0,0.63671875,0.0020402703376021236,5.544562657317863e-07,-4.416704177856445e-05,3.75,0.7382458448410034,1.1098453998565674,0.7382458448410034,1.3955843448638916,1734,186.94782471936196
0.0010000000474974513,0.0010000000474974513,0.0008012820617295802,0.0008012820617295802,0.0018012821092270315,0.75,312.0,242.75,181.0,1.8263157894736843,0.0,0.75390625,0.003633095941040665,5.536343747241459e-07,0.0004893690347671509,2.5,1.1071833372116089,0.2003116011619568,1.1071833372116089,0.3621864914894104,1735,169.05257429392077
0.003283408237621188,0.003283408237621188,0.003494206815958023,0.003494206815958023,0.006777615053579211,0.75,503.0,281.75,193.0,1.8273684210526315,0.0,0.68359375,0.0033062635047826916,5.528123370821729e-07,-7.291138172149658e-05,3.0,1.4507124423980713,0.14582304656505585,1.4507124423980713,0.20552556216716766,1736,57.59338167891838
0.00387088384013623,0.00387088384013623,0.0011520737316459417,0.0011520737316459417,0.005022957571782172,0.5,478.0,370.0,214.0,1.828421052631579,0.0,0.63671875,0.002119703422067687,5.519901550532871e-07,0.000957190990447998,4.5,2.335824966430664,0.51222825050354,2.335824966430664,0.7547518610954285,1737,73.43634811183438
0.0024590163957327604,0.0024590163957327604,0.0,0.0,0.0024590163957327604,1.0,305.0,195.75,128.0,1.8294736842105264,0.5,0.5234375,0.004587051633279771,5.511678308853025e-07,0.0001836587762227282,1.75,0.22420001029968262,0.17649385333061218,0.22420001029968262,1.4281996488571167,1738,35.73978697927669
0.0030980415176600218,0.0030980415176600218,0.005063297459855676,0.005063297459855676,0.008161338977515697,0.25,606.0,457.5,189.0,1.8305263157894736,0.0,0.56640625,0.0028334439266473055,5.503453668264222e-07,-1.8998980522155762e-05,5.0,2.799449920654297,0.7432399392127991,2.799449920654297,0.9800312519073486,1739,99.31197676388547
0.0013586956774815917,0.0013586956774815917,0.0,0.0,0.0013586956774815917,0.75,191.0,157.75,128.0,1.831578947368421,0.5,0.6015625,0.003225676598958671,5.495227651252315e-07,0.001137465238571167,1.75,0.2621625065803528,0.12418560683727264,0.2621625065803528,1.4644572734832764,1740,31.198600001865998
0.005226691486313939,0.005226691486313939,0.0016447368543595076,0.0016447368543595076,0.006871428340673447,0.5,507.0,372.5,156.0,1.8326315789473684,0.0,0.77734375,0.003788880363572389,5.487000280306917e-07,0.0022460073232650757,4.0,-0.4469332993030548,1.9623627662658691,-0.4469332993030548,2.409278154373169,1741,82.9284688460175
0.003286697086878121,0.003286697086878121,0.00218791892984882,0.00218791892984882,0.005474616016726941,0.5,548.0,308.75,132.0,1.8336842105263158,0.0,0.87109375,0.004119250341318548,5.478771577921351e-07,0.0005189776420593262,3.5,1.182633399963379,0.6594713926315308,1.182633399963379,0.8506940007209778,1742,58.85740460292436
0.016797018703073263,0.016797018703073263,0.001953125,0.001953125,0.018750143703073263,0.75,247.0,195.0,128.0,1.8347368421052632,0.0,0.8515625,0.004040268715471029,5.470541566592572e-07,-0.003356620669364929,2.0,0.8984875082969666,1.0253578424453735,0.8984875082969666,1.2919938564300537,1743,39.66766677517444
0.0048538013361394405,0.0048538013361394405,0.0005030180909670889,0.0005030180909670889,0.0053568194271065295,1.0,497.0,321.75,190.0,1.8357894736842106,0.0,0.7734375,0.005464270070660859,5.462310268821117e-07,0.0007609128952026367,3.25,0.017841696739196777,0.11357315629720688,0.017841696739196777,1.4594992399215698,1744,307.52321062865667
0.001361161470413208,0.001361161470413208,0.0007267441833391786,0.0007267441833391786,0.0020879056537523866,0.75,688.0,426.0,215.0,1.836842105263158,0.0,0.65234375,0.0023013215977698565,5.454077707111041e-07,0.0006527155637741089,4.25,2.4491748809814453,0.14216381311416626,2.4491748809814453,1.1321898698806763,1745,87.73330295900814
0.003418098494876176,0.003418098494876176,0.0,0.0,0.003418098494876176,1.0,517.0,297.75,128.0,1.8378947368421052,0.0,0.74609375,0.003113783459411934,5.445843903969854e-07,0.0006079524755477905,3.25,1.3360999822616577,1.0065311193466187,1.3360999822616577,1.6614480018615723,1746,59.270170318195596
0.00655435211956501,0.00655435211956501,0.0020408162381500006,0.0020408162381500006,0.00859516835771501,0.5,377.0,269.0,128.0,1.8389473684210527,0.0,0.625,0.003014142799656838,5.437608881908455e-07,-0.0016656816005706787,3.25,0.12428754568099976,0.9550714492797852,0.12428754568099976,2.477712392807007,1747,176.4616587201599
0.0,0.0,0.001683501643128693,0.001683501643128693,0.001683501643128693,0.5,402.0,308.5,194.0,1.8399999999999999,0.0,0.4453125,0.0020194251264911145,5.429372663441085e-07,1.0281801223754883e-05,3.5,1.4950459003448486,0.288965106010437,1.4950459003448486,0.722089946269989,1748,58.474576281849295
0.0028222049004398286,0.0028222049004398286,0.0009057971183210611,0.0009057971183210611,0.0037280020187608898,0.5,368.0,280.5,128.0,1.8410526315789473,0.0,0.609375,0.0023000575602054596,5.421135271085248e-07,0.0012119412422180176,3.0,1.1989750862121582,1.2013391256332397,1.1989750862121582,1.4842205047607422,1749,56.198906225850806
0.004829746205359697,0.004829746205359697,0.0007462686626240611,0.0007462686626240611,0.0055760148679837584,0.5,482.0,359.25,203.0,1.8421052631578947,0.0,0.66015625,0.0022046320082154125,5.412896727361662e-07,-0.0005158782005310059,4.5,0.6328708529472351,1.4262992143630981,0.6328708529472351,1.9426140785217285,1750,75.66477978928015
0.00187265919521451,0.00187265919521451,0.005075820430647582,0.005075820430647582,0.006948479625862092,0.25,384.0,205.5,58.0,1.843157894736842,0.0,1.78125,0.04356586205540225,5.404657054794188e-07,0.004546508193016052,2.5,-0.9255125522613525,1.8023974895477295,-0.9255125522613525,2.083005905151367,1751,524.9826781237498
0.0,0.0,0.0010975092882290483,0.0010975092882290483,0.0010975092882290483,0.25,511.0,289.0,106.0,1.8442105263157895,0.0,0.76953125,0.01516572933178395,5.396416275909779e-07,0.000592157244682312,3.75,-0.925337553024292,1.413736343383789,-0.925337553024292,1.4520845413208008,1752,418.0842863940634
0.004643867141567171,0.004643867141567171,0.0009727626456879079,0.0009727626456879079,0.0056166297872550786,0.25,492.0,305.25,230.0,1.845263157894737,0.0,0.609375,0.004339354461990297,5.38817441323841e-07,0.0015144199132919312,3.75,1.5052000284194946,1.158453106880188,1.5052000284194946,1.3560490608215332,1753,67.91247405321337
0.002499709720723331,0.002499709720723331,0.0,0.0,0.002499709720723331,0.5,545.0,341.5,219.0,1.8463157894736844,0.0,0.73828125,0.003135599661618471,5.379931489313015e-07,0.0010872632265090942,3.5,1.617300033569336,1.4246786832809448,1.617300033569336,1.4377206563949585,1754,75.29535341169685
0.0006188118713907897,0.0006188118713907897,0.000480769231216982,0.000480769231216982,0.0010995811026077718,0.75,520.0,295.0,128.0,1.8473684210526315,0.5,0.32421875,0.006633156139287166,5.371687526669439e-07,0.0005805939435958862,2.75,0.35259997844696045,0.3843124806880951,0.35259997844696045,1.6236677169799805,1755,56.138209307566285
0.006124081322923303,0.006124081322923303,0.0,0.0,0.006124081322923303,0.75,482.0,407.25,358.0,1.848421052631579,0.0,0.6640625,0.003372720879269764,5.363442547846355e-07,-0.0006263554096221924,4.75,2.4611876010894775,0.44273728132247925,2.4611876010894775,0.3711059093475342,1756,90.18424176797271
0.0018350984901189804,0.0018350984901189804,0.001308900536969304,0.001308900536969304,0.0031439990270882845,0.75,660.0,400.0,191.0,1.8494736842105262,0.0,0.5390625,0.001896002038847655,5.355196575385224e-07,0.00019408762454986572,4.0,2.3860249519348145,1.573843002319336,2.3860249519348145,1.2864940166473389,1757,83.90249656676315
0.008848076220601797,0.008848076220601797,0.0035714285913854837,0.0035714285913854837,0.01241950481198728,0.75,280.0,222.75,159.0,1.8505263157894736,0.0,0.71875,0.0043686056160368025,5.34694963183022e-07,-0.0009157955646514893,2.5,1.5234625339508057,0.0006894802791066468,1.5234625339508057,0.20159706473350525,1758,44.2968270694837
0.001231527072377503,0.001231527072377503,0.00390625,0.00390625,0.005137777072377503,0.75,406.0,267.0,128.0,1.851578947368421,0.0,0.9609375,0.008833450556267053,5.33870173972817e-07,0.00015969574451446533,3.0,0.17053334414958954,1.6553841829299927,0.17053334414958954,1.541487693786621,1759,59.760428430046886
0.0,0.0,0.0027281991206109524,0.0027281991206109524,0.0027281991206109524,0.5,521.0,312.25,194.0,1.8526315789473684,0.0,0.6484375,0.002118961128871888,5.330452921628497e-07,-0.00029268860816955566,3.5,0.29893752932548523,0.653773307800293,0.29893752932548523,1.5474350452423096,1760,65.83330812328495
0.0,0.0,0.0006510416860692203,0.0006510416860692203,0.0006510416860692203,0.75,516.0,289.0,128.0,1.8536842105263158,0.0,0.7109375,0.003987603820860386,5.322203200083154e-07,0.0016544312238693237,3.0,-0.512499988079071,1.962221384048462,-0.512499988079071,2.3346574306488037,1761,410.53112827590667
0.0033576979767531157,0.0033576979767531157,0.003835693816654384,0.003835693816654384,0.0071933917934075,0.0,521.0,302.75,96.0,1.8547368421052632,0.0,1.109375,0.003372199193108827,5.313952597646567e-07,0.0002685636281967163,4.5,2.324612617492676,0.8843608498573303,2.324612617492676,0.7935706973075867,1762,68.01282597985119
0.0015151514671742916,0.0015151514671742916,0.0034403670579195023,0.0034403670579195023,0.004955518525093794,1.0,495.0,242.25,128.0,1.8557894736842107,0.5,0.4765625,0.00600525297340937,5.305701136875565e-07,-0.0008425051346421242,2.25,0.48608750104904175,0.44128769636154175,0.48608750104904175,1.7900432348251343,1763,46.10635159397498
0.0018782347906380892,0.0018782347906380892,0.0011737089371308684,0.0011737089371308684,0.0030519437277689576,0.5,302.0,218.75,122.0,1.8568421052631578,0.0,0.8046875,0.0033198232704307884,5.297448840329328e-07,0.0002574622631072998,2.5,1.5732749700546265,0.31773844361305237,1.5732749700546265,0.27197760343551636,1764,47.32792152301408
0.001623376621864736,0.001623376621864736,0.0,0.0,0.001623376621864736,1.0,339.0,225.75,128.0,1.8578947368421053,0.5,0.369140625,0.003235873067751527,5.28919573056932e-07,0.0007915116148069501,2.25,0.10759580135345459,0.4831012487411499,0.10759580135345459,1.3953042030334473,1765,42.77674937667325
0.003474316850770265,0.003474316850770265,0.0027130034286528826,0.0027130034286528826,0.0061873202794231474,0.5,521.0,349.5,128.0,1.8589473684210527,0.0,0.66796875,0.004292133351555094,5.280941830159227e-07,0.0008217543363571167,4.0,0.4266708195209503,1.4354209899902344,0.4266708195209503,1.7622545957565308,1766,70.89377403096296
0.002779882517643273,0.002779882517643273,0.0,0.0,0.002779882517643273,0.5,513.0,365.75,301.0,1.8599999999999999,0.0,0.55859375,0.0031499173783231527,5.2726871616649e-07,0.0002792775630950928,4.0,1.9077832698822021,1.1199393272399902,1.9077832698822021,1.2207411527633667,1767,76.96274741063826
0.004289573524147272,0.004289573524147272,0.00390625,0.00390625,0.008195823524147272,0.75,535.0,255.5,128.0,1.8610526315789473,0.0,0.94921875,0.0018612364656291902,5.264431747654283e-07,-0.0009085536003112793,2.5,-0.10103750228881836,1.3783808946609497,-0.10103750228881836,1.9001991748809814,1768,167.15864304476418
0.0033333334140479565,0.0033333334140479565,0.0,0.0,0.0033333334140479565,0.5,598.0,365.25,128.0,1.8621052631578947,0.0,0.875,0.004266289557563141,5.256175610697365e-07,0.001798197627067566,4.0,-0.1773708462715149,2.5068764686584473,-0.1773708462715149,2.1905341148376465,1769,74.99518662318587
0.0017813920858316123,0.0017813920858316123,0.0023701362079009414,0.0023701362079009414,0.004151528293732554,0.75,498.0,314.5,183.0,1.8631578947368421,0.0,0.796875,0.0032190229976549745,5.247918773366111e-07,0.0012027323246002197,3.75,1.7132500410079956,0.36688232421875,1.7132500410079956,0.38418418169021606,1770,58.88067634915933
0.002439024392515421,0.002439024392515421,0.004965173080563545,0.004965173080563545,0.007404197473078966,1.0,409.0,247.75,128.0,1.8642105263157895,0.0,0.71875,0.004097755125258118,5.239661258234398e-07,-0.0008829683065414429,2.5,0.667787492275238,1.7406671047210693,0.667787492275238,1.5326534509658813,1771,168.6834092240315
0.006670956965535879,0.006670956965535879,0.003505920059978962,0.003505920059978962,0.010176877025514841,1.0,322.0,221.75,128.0,1.865263157894737,0.0,0.87109375,0.0046673493925482035,5.231403087877955e-07,-0.0003313422203063965,2.0,0.38013750314712524,1.3694713115692139,0.38013750314712524,1.1676217317581177,1772,41.38282678928226
0.0007936508045531809,0.0007936508045531809,0.0005081300623714924,0.0005081300623714924,0.0013017808669246733,0.5,492.0,372.5,197.0,1.8663157894736844,0.0,0.6328125,0.003415295766899362,5.223144284874306e-07,0.0021994411945343018,4.5,-0.25037920475006104,1.6834386587142944,-0.25037920475006104,1.849171757698059,1773,315.0222239329014
0.003139928448945284,0.003139928448945284,0.004147256840951741,0.004147256840951741,0.007287185289897025,0.5,320.0,258.75,161.0,1.8673684210526316,0.0,0.73828125,0.002201496361522004,5.214884871802703e-07,0.00018967688083648682,2.75,1.0671124458312988,0.6803958415985107,1.0671124458312988,0.8351492881774902,1774,50.98538691503927
0.003081700997427106,0.003081700997427106,0.0020875209011137486,0.0020875209011137486,0.0051692218985408545,0.5,600.0,468.75,195.0,1.868421052631579,0.0,0.466796875,0.0022748122282791883,5.206624871244065e-07,0.00041510164737701416,4.75,-0.5540750026702881,2.4514331817626953,-0.5540750026702881,2.063183307647705,1775,87.28894795896485
0.003534069750458002,0.003534069750458002,0.0,0.0,0.003534069750458002,0.75,530.0,388.75,193.0,1.8694736842105262,0.0,0.55078125,0.001327921709162183,5.198364305780921e-07,0.0012953877449035645,4.0,1.4084999561309814,1.436133861541748,1.4084999561309814,1.593732237815857,1776,79.37754259910434
0.005310549633577466,0.005310549633577466,0.0029463194077834487,0.0029463194077834487,0.008256869041360915,0.0,572.0,390.25,279.0,1.8705263157894736,0.0,0.79296875,0.0027480106509756297,5.190103197997339e-07,0.0011229068040847778,4.75,2.1139750480651855,0.8280221223831177,2.1139750480651855,0.9109375476837158,1777,78.51180688315071
0.0016142060630954802,0.0016142060630954802,0.0009487665956839919,0.0009487665956839919,0.002562972658779472,0.75,619.0,442.75,310.0,1.871578947368421,0.0,0.314453125,0.0016343853494618088,5.181841570478872e-07,-0.0001804828643798828,4.25,2.0775249004364014,0.8799591064453125,2.0775249004364014,1.0366604328155518,1778,94.15615770430304
0.002376425778493285,0.002376425778493285,0.0005580357392318547,0.0005580357392318547,0.00293446151772514,0.75,526.0,307.5,128.0,1.8726315789473684,0.5,0.32421875,0.0035188478068448603,5.173579445812495e-07,0.00015433132648468018,3.25,0.44036251306533813,0.7914469242095947,0.44036251306533813,1.8977292776107788,1779,59.501038279850036
0.002385496161878109,0.002385496161878109,0.0006738544325344265,0.0006738544325344265,0.0030593505944125354,0.75,524.0,287.75,128.0,1.8736842105263158,0.5,0.345703125,0.0026036597264464945,5.165316846586541e-07,8.255243301391602e-05,3.0,0.7618999481201172,0.3367242217063904,0.7618999481201172,2.0712878704071045,1780,61.77302670921199
0.0034072306007146835,0.0034072306007146835,0.0015105740167200565,0.0015105740167200565,0.00491780461743474,0.75,602.0,373.5,214.0,1.8747368421052633,0.0,0.64453125,0.002409263397566974,5.157053795390641e-07,0.0005346089601516724,4.25,1.8696832656860352,1.4212727546691895,1.8696832656860352,1.285675048828125,1781,88.61537935980596
0.0026881720405071974,0.0026881720405071974,0.004785675089806318,0.004785675089806318,0.007473847130313516,0.75,337.0,261.75,186.0,1.8757894736842107,0.0,0.61328125,0.004178475821390748,5.148790314815662e-07,-0.00021444261074066162,3.0,1.698812484741211,0.24828290939331055,1.698812484741211,0.49517565965652466,1782,59.452544453088194
0.002312778146006167,0.002312778146006167,0.0,0.0,0.002312778146006167,0.75,506.0,300.5,196.0,1.8768421052631579,0.0,0.7421875,0.005798839498311281,5.140526427453645e-07,0.0015962272882461548,3.25,1.8487000465393066,0.8491291999816895,1.8487000465393066,0.9291102290153503,1783,66.7605325030163
0.0,0.0,0.001987644878681749,0.001987644878681749,0.001987644878681749,1.0,376.0,244.75,189.0,1.8778947368421053,0.0,0.703125,0.0018154265999328345,5.132262155897738e-07,0.000935092568397522,2.5,1.1067208051681519,0.34100812673568726,1.1067208051681519,0.3894564211368561,1784,56.54609304503538
0.007620687712915242,0.007620687712915242,0.002423049823846668,0.002423049823846668,0.01004373753676191,0.75,532.0,263.25,128.0,1.8789473684210525,0.0,0.8046875,0.0028724791773129255,5.123997522742151e-07,-0.001285836100578308,3.0,0.5042250156402588,1.4420735836029053,0.5042250156402588,1.2503732442855835,1785,55.44398645195179
0.0014910537283867598,0.0014910537283867598,0.001847313076723367,0.001847313076723367,0.0033383668051101267,1.0,503.0,377.0,194.0,1.88,0.0,0.63671875,0.003001189325004816,5.115732550582069e-07,0.0006490796804428101,4.25,0.24672085046768188,1.7413623332977295,0.24672085046768188,1.7850762605667114,1786,195.20745590724982
0.0046478359727188945,0.0046478359727188945,0.0004725898033939302,0.0004725898033939302,0.005120425776112825,0.5,529.0,415.5,285.0,1.8810526315789473,0.0,0.63671875,0.0036450896004680544,5.107467262013614e-07,-0.00044399499893188477,5.0,1.2741625308990479,1.8379650115966797,1.2741625308990479,2.1775104999542236,1787,77.15546908299439
0.001607717014849186,0.001607717014849186,0.0012254902394488454,0.0012254902394488454,0.0028332072542980313,0.5,311.0,224.25,128.0,1.8821052631578947,0.0,0.89453125,0.00334105989895761,5.099201679633768e-07,0.002365514636039734,2.25,-0.3757999837398529,1.0247390270233154,-0.3757999837398529,1.4853551387786865,1788,158.3643754629884
0.0008012820617295802,0.0008012820617295802,0.0012195121962577105,0.0012195121962577105,0.0020207942579872906,1.0,312.0,193.25,128.0,1.8831578947368421,0.5,0.51953125,0.003588195308111608,5.090935826040318e-07,0.0004226863384246826,1.75,0.31197500228881836,0.1944897472858429,0.31197500228881836,1.5314937829971313,1789,38.518533169990405
0.0012755101779475808,0.0012755101779475808,0.0017182130832225084,0.0017182130832225084,0.0029937232611700892,0.75,588.0,342.75,188.0,1.8842105263157896,0.0,0.75390625,0.002594296296592802,5.082669723831793e-07,0.0006814002990722656,3.5,1.9233249425888062,0.5654379725456238,1.9233249425888062,0.5949357151985168,1790,61.68839526292868
0.0,0.0,0.0,0.0,0.0,1.0,445.0,270.25,128.0,1.885263157894737,0.5,0.3203125,0.0029063929396215826,5.074403395607398e-07,0.000531333324033767,2.5,0.7239124774932861,0.00033582610194571316,0.7239124774932861,1.9906026124954224,1791,52.8137344121933
0.001453681557904929,0.001453681557904929,0.0020491802133619785,0.0020491802133619785,0.0035028617712669075,0.75,396.0,257.75,122.0,1.8863157894736842,0.0,0.9765625,0.005632229120237753,5.066136863966962e-07,0.0008861124515533447,2.5,0.6053500175476074,0.6099503636360168,0.6053500175476074,1.4653950929641724,1792,55.322805653791875
0.0025170815642923117,0.0025170815642923117,0.0,0.0,0.0025170815642923117,1.0,528.0,307.25,128.0,1.8873684210526316,0.0,0.7890625,0.004888946918072179,5.057870151510863e-07,0.0009372681379318237,3.25,0.5915875434875488,0.5896033644676208,0.5915875434875488,1.4756543636322021,1793,61.675242780009285
0.004559257649816573,0.004559257649816573,0.0005186722264625132,0.0005186722264625132,0.005077929876279086,0.5,501.0,386.5,212.0,1.888421052631579,0.0,0.54296875,0.0021931084629613906,5.049603280839982e-07,0.000291973352432251,4.0,1.379462480545044,1.4760322570800781,1.379462480545044,1.493432641029358,1794,77.77547668525949
0.0047540804371237755,0.0047540804371237755,0.0008992805960588157,0.0008992805960588157,0.005653361033182591,1.0,537.0,343.75,255.0,1.8894736842105262,0.0,1.0390625,0.0037750767660327256,5.041336274555625e-07,0.0007144510746002197,3.75,0.2657749652862549,0.838133692741394,0.2657749652862549,0.9980242848396301,1795,195.59724719217047
0.0,0.0,0.002577319508418441,0.002577319508418441,0.002577319508418441,0.75,194.0,158.75,128.0,1.8905263157894736,0.5,0.7265625,0.0022804236505180597,5.033069155259471e-07,0.0014173060189932585,1.5,0.17400002479553223,0.0006363752763718367,0.17400002479553223,1.3556185960769653,1796,35.89032194297761
0.0016501650679856539,0.0016501650679856539,0.005037471768446267,0.005037471768446267,0.0066876368364319205,0.5,442.0,264.75,128.0,1.891578947368421,0.0,0.9375,0.0061301233363337815,5.024801945553509e-07,0.0012436360120773315,3.5,0.9892500042915344,1.250942587852478,0.9892500042915344,1.4286175966262817,1797,60.56164714624174
0.0009416195680387318,0.0009416195680387318,0.0026531338808126748,0.0026531338808126748,0.0035947534488514066,0.5,531.0,364.75,211.0,1.8926315789473684,0.0,0.671875,0.0036299396597314626,5.016534668039976e-07,0.0012891292572021484,4.0,1.926912546157837,0.7024222016334534,1.926912546157837,1.1171727180480957,1798,76.10082732490264
0.0010893245926126838,0.0010893245926126838,0.002577319508418441,0.002577319508418441,0.0036666441010311246,0.5,459.0,322.75,194.0,1.8936842105263159,0.0,1.609375,0.002650278387591243,5.008267345321291e-07,0.0034283846616744995,3.75,1.2303249835968018,1.3355125188827515,1.2303249835968018,1.547634482383728,1799,63.527196515817195
0.0011160714784637094,0.0011160714784637094,0.002487562131136656,0.002487562131136656,0.003603633609600365,1.0,448.0,281.75,201.0,1.8947368421052633,0.0,0.78515625,0.0035850225249305367,5e-07,0.002186506986618042,3.0,1.6984000205993652,0.49511614441871643,1.6984000205993652,0.49523401260375977,1800,54.49510286562145
0.004160441341809928,0.004160441341809928,0.0015479875728487968,0.0015479875728487968,0.005708428914658725,0.75,452.0,344.0,216.0,1.8957894736842107,0.0,0.65234375,0.0053330708760768175,4.991732654678709e-07,0.0004049241542816162,3.5,0.9455875158309937,0.5082153081893921,0.9455875158309937,0.8701121807098389,1801,70.17929291911423
0.0,0.0,0.0007440476329065859,0.0007440476329065859,0.0007440476329065859,0.75,346.0,240.0,128.0,1.8968421052631579,0.0,0.78125,0.0021809691679663956,4.983465331960023e-07,0.0009670406579971313,2.5,0.049549996852874756,0.6715747117996216,0.049549996852874756,1.9873524904251099,1802,44.07772777462378
0.0021023621084168553,0.0021023621084168553,0.0021173173445276916,0.0021173173445276916,0.004219679452944547,0.75,668.0,456.75,341.0,1.8978947368421053,0.0,0.53515625,0.002416514587821439,4.975198054446492e-07,0.00038395822048187256,4.5,2.499237537384033,0.6718045473098755,2.499237537384033,0.6968191862106323,1803,89.59215009887703
0.003223464242182672,0.003223464242182672,0.0027624310459941626,0.0027624310459941626,0.005985895288176835,0.25,494.0,262.75,181.0,1.8989473684210525,0.0,0.86328125,0.0038294147234410048,4.96693084474053e-07,0.0002496093511581421,3.0,0.2070583999156952,0.2947692275047302,0.2070583999156952,1.263505220413208,1804,53.99147708108649
0.005429757991805673,0.005429757991805673,0.0018427518662065268,0.0018427518662065268,0.007272509858012199,0.25,493.0,408.0,291.0,1.9,0.0,0.609375,0.006005820323480293,4.958663725444375e-07,-0.0005183368921279907,5.0,1.4659290313720703,1.2079211473464966,1.4659290313720703,1.7512911558151245,1805,94.48560198303312
0.0037303761346265674,0.0037303761346265674,0.00374531839042902,0.00374531839042902,0.007475694525055587,0.5,422.0,278.75,128.0,1.9010526315789473,0.0,0.7578125,0.00364967028144747,4.950396719160018e-07,0.0012546032667160034,2.75,0.28710001707077026,0.6185417175292969,0.28710001707077026,2.2446649074554443,1806,50.68587734713219
0.006091817514970899,0.006091817514970899,0.0015625000232830644,0.0015625000232830644,0.007654317538253963,0.0,421.0,248.0,121.0,1.9021052631578947,0.0,1.0390625,0.005459328996948898,4.942129848489136e-07,-0.0006422847509384155,3.0,1.710837483406067,0.6538794040679932,1.710837483406067,0.5851488709449768,1807,53.67258926527575
0.0025125627871602774,0.0025125627871602774,0.0,0.0,0.0025125627871602774,1.0,398.0,284.0,195.0,1.9031578947368422,0.0,0.71875,0.003343963995575905,4.933863136033039e-07,0.0009175986051559448,3.0,1.747749924659729,0.07042793929576874,1.747749924659729,0.4689495265483856,1808,52.14700462901965
0.0013227512827143073,0.0013227512827143073,0.000735294132027775,0.000735294132027775,0.0020580454147420824,0.5,438.0,273.75,128.0,1.9042105263157896,0.0,0.71875,0.0034864071349147707,4.925596604392602e-07,0.0008962452411651611,3.25,0.808020830154419,1.4730861186981201,0.808020830154419,1.471468448638916,1809,52.83703857078217
0.0029411765281111,0.0029411765281111,0.0005060728872194886,0.0005060728872194886,0.003447249415330589,0.5,494.0,272.5,128.0,1.905263157894737,0.5,0.416015625,0.0036742954689543694,4.917330276168208e-07,-0.00025920569896698,3.25,0.40184998512268066,0.4559071362018585,0.40184998512268066,1.7021690607070923,1810,53.764608098426834
0.0013262599240988493,0.0013262599240988493,0.0008928571478463709,0.0008928571478463709,0.0022191170719452202,0.5,444.0,322.0,187.0,1.9063157894736842,0.0,0.7578125,0.0019003603665623814,4.909064173959681e-07,0.0015733838081359863,4.0,2.198387622833252,0.8137208819389343,2.198387622833252,0.7655704021453857,1811,68.95900714281015
0.0027244786033406854,0.0027244786033406854,0.0004752851673401892,0.0004752851673401892,0.0031997637706808746,0.5,526.0,379.5,196.0,1.9073684210526316,0.0,0.7734375,0.008073911943938583,4.900798320366232e-07,0.001475900411605835,4.5,1.484670877456665,0.45128142833709717,1.484670877456665,0.4449162781238556,1812,73.37757807481103
0.0,0.0,0.0,0.0,0.0,1.0,128.0,128.0,128.0,1.9084210526315788,1.0,0.0172119140625,0.0023259156150743365,4.892532737986386e-07,9.303662227466702e-05,1.0,-1.0,0.0,-1.0,0.0,1813,23.185429385863245
0.004111842252314091,0.004111842252314091,0.0013227512827143073,0.0013227512827143073,0.005434593535028398,1.0,304.0,187.25,128.0,1.9094736842105262,0.5,0.62890625,0.0037322519347071648,4.88426744941793e-07,0.0008810311555862427,2.0,0.3489874601364136,0.24792928993701935,0.3489874601364136,1.583765983581543,1814,34.75920815812424
0.003613064531236887,0.003613064531236887,0.0013227512827143073,0.0013227512827143073,0.004935815813951194,0.25,374.0,248.0,118.0,1.9105263157894736,0.0,0.8671875,0.004439795098733157,4.87600247725785e-07,0.002623617649078369,3.5,1.8491499423980713,0.7077785134315491,1.8491499423980713,0.6277875900268555,1815,57.404931200901046
0.0,0.0,0.0,0.0,0.0,1.0,486.0,315.5,191.0,1.911578947368421,0.0,0.6953125,0.002395084156887606,4.86773784410226e-07,0.0006605833768844604,3.25,0.0712541788816452,1.806793451309204,0.0712541788816452,1.4994606971740723,1816,182.96338407113217
0.0068662129342556,0.0068662129342556,0.0012691417359746993,0.0012691417359746993,0.0081353546702303,0.25,409.0,316.75,215.0,1.9126315789473685,0.0,0.84765625,0.005158067331649363,4.859473572546356e-07,0.0005107671022415161,3.75,1.3228083848953247,0.6732246279716492,1.3228083848953247,0.7093013525009155,1817,69.50532408989966
0.0011820330983027816,0.0011820330983027816,0.0008960573468357325,0.0008960573468357325,0.002078090445138514,0.5,423.0,262.5,158.0,1.9136842105263159,0.0,0.7421875,0.002442597266053781,4.851209685184338e-07,0.0009552836418151855,3.0,1.2296124696731567,0.9105591177940369,1.2296124696731567,1.0601463317871094,1818,54.30932190804742
0.0,0.0,0.006730455148499459,0.006730455148499459,0.006730455148499459,0.5,287.0,214.5,128.0,1.9147368421052633,0.0,0.86328125,0.010526250815019011,4.842946204609359e-07,0.0005324184894561768,2.5,0.12816664576530457,1.9736175537109375,0.12816664576530457,1.632434368133545,1819,41.60159121197648
0.00282927299849689,0.00282927299849689,0.0014849178260192275,0.0014849178260192275,0.004314190824516118,0.75,420.0,353.25,281.0,1.9157894736842105,0.0,0.6015625,0.00367793464101851,4.834683153413459e-07,0.0011270791292190552,3.75,2.1118125915527344,0.1946488916873932,2.1118125915527344,0.236251562833786,1820,69.15619369922206
0.0013020833721384406,0.0013020833721384406,0.0019685039296746254,0.0019685039296746254,0.003270587301813066,0.75,471.0,261.25,128.0,1.916842105263158,0.0,0.68359375,0.003952384344302118,4.826420554187506e-07,-0.0006327033042907715,3.0,-0.31697916984558105,0.6948797702789307,-0.31697916984558105,1.5913832187652588,1821,168.13188524218276
0.0051515152445062995,0.0051515152445062995,0.0,0.0,0.0051515152445062995,0.0,449.0,341.75,225.0,1.917894736842105,0.0,0.76953125,0.0032267568458337337,4.818158429521129e-07,0.0014577656984329224,5.5,1.4682625532150269,1.3162968158721924,1.4682625532150269,1.3038800954818726,1822,78.38197777839378
0.0011111111380159855,0.0011111111380159855,0.0017108268511947244,0.0017108268511947244,0.00282193798921071,0.75,550.0,347.5,191.0,1.9189473684210525,0.0,0.6015625,0.0014816961192991585,4.809896802002662e-07,0.0014430582523345947,3.5,0.8053874969482422,1.5464954376220703,0.8053874969482422,1.892677664756775,1823,68.20323907164857
0.004329545074142516,0.004329545074142516,0.001754386001266539,0.001754386001266539,0.006083931075409055,0.5,471.0,368.5,259.0,1.92,0.0,0.51171875,0.0034711933112703264,4.801635694219079e-07,-9.278953075408936e-05,4.25,1.4212875366210938,0.9325854778289795,1.4212875366210938,1.3149147033691406,1824,72.97759251110256
0.00406701338943094,0.00406701338943094,0.001308900536969304,0.001308900536969304,0.005375913926400244,1.0,274.0,209.5,185.0,1.9210526315789473,0.0,0.55078125,0.0021362419065553695,4.793375128755933e-07,0.00021766126155853271,2.25,1.4356749057769775,0.12384973466396332,1.4356749057769775,0.17478381097316742,1825,44.03053686674684
0.0,0.0,0.001231527072377503,0.001231527072377503,0.001231527072377503,0.75,406.0,233.5,128.0,1.9221052631578948,0.5,0.419921875,0.002031306561548263,4.785115128197298e-07,0.00023040127416606992,2.5,0.2150999903678894,0.18985815346240997,0.2150999903678894,1.4201005697250366,1826,46.41194585687481
0.0037499999161809683,0.0037499999161809683,0.0,0.0,0.0037499999161809683,0.5,268.0,235.25,200.0,1.9231578947368422,0.0,0.5,0.0023749241372570395,4.776855715125693e-07,0.0005484670400619507,2.75,1.6108624935150146,0.12393812090158463,1.6108624935150146,0.335347443819046,1827,50.82155473995954
0.0025438141892664135,0.0025438141892664135,0.0009861933067440987,0.0009861933067440987,0.003530007496010512,0.25,507.0,351.25,246.0,1.9242105263157896,0.0,0.66796875,0.002913048112532124,4.768596912122045e-07,0.0016021877527236938,4.0,1.482745885848999,1.225598692893982,1.482745885848999,1.1687767505645752,1828,71.17818578099832
0.0,0.0,0.0,0.0,0.0,0.75,642.0,414.5,188.0,1.9252631578947368,0.0,0.66796875,0.003931157116312534,4.7603387417656024e-07,0.0025032609701156616,4.25,1.3552249670028687,1.1218602657318115,1.3552249670028687,1.4585896730422974,1829,80.27724497392774
0.0012658227933570743,0.0012658227933570743,0.0037128713447600603,0.0037128713447600603,0.004978694138117135,0.5,395.0,241.0,175.0,1.9263157894736842,0.0,0.6953125,0.003103420080151409,4.752081226633888e-07,0.0007306188344955444,2.75,1.6236000061035156,0.3888026773929596,1.6236000061035156,0.5495001077651978,1830,49.635567222954705
0.0027173913549631834,0.0027173913549631834,0.0012886597542092204,0.0012886597542092204,0.004006051109172404,0.0,532.0,329.5,92.0,1.9273684210526316,0.0,0.7578125,0.0032746042124927044,4.743824389302634e-07,0.000360637903213501,4.25,0.9833500385284424,0.5829153060913086,0.9833500385284424,0.5018907189369202,1831,69.52547668712214
0.001956947147846222,0.001956947147846222,0.0005010020104236901,0.0005010020104236901,0.002457949158269912,0.5,511.0,316.5,128.0,1.9284210526315788,0.5,0.345703125,0.0017702247423585504,4.7355682523457173e-07,0.0006258998764678836,3.5,0.14537084102630615,1.1719646453857422,0.14537084102630615,1.8922210931777954,1832,58.727899555815384
0.0,0.0,0.002168886479921639,0.002168886479921639,0.002168886479921639,0.75,477.0,286.5,200.0,1.9294736842105262,0.0,0.71484375,0.003614778135670349,4.727312838335101e-07,0.0009016245603561401,3.25,1.5592291355133057,0.15712501108646393,1.5592291355133057,0.45431721210479736,1833,53.607149289920926
0.004941172897815704,0.004941172897815704,0.0030000556726008654,0.0030000556726008654,0.00794122857041657,0.75,395.0,250.25,128.0,1.9305263157894736,0.0,0.91796875,0.004432745510712266,4.719058169840772e-07,-0.0005483031272888184,2.75,-0.6194750070571899,1.369736671447754,-0.6194750070571899,1.8556337356567383,1834,46.44985308707692
0.004433535854332149,0.004433535854332149,0.0033212711568921804,0.0033212711568921804,0.0077548070112243295,0.75,591.0,327.5,202.0,1.931578947368421,0.0,0.75,0.0040776947571430355,4.71080426943068e-07,-0.00012163817882537842,3.25,0.611050009727478,1.1836261749267578,0.611050009727478,1.6265058517456055,1835,69.0514112059027
0.005584297003224492,0.005584297003224492,0.0007911392604000866,0.0007911392604000866,0.006375436263624579,0.5,424.0,272.75,155.0,1.9326315789473685,0.0,0.5390625,0.005522410036064684,4.702551159670672e-07,0.00019603967666625977,3.0,1.2301000356674194,0.9104707837104797,1.2301000356674194,1.0601056814193726,1836,60.154295295942575
0.002961503341794014,0.002961503341794014,0.0,0.0,0.002961503341794014,0.5,507.0,350.5,128.0,1.933684210526316,0.0,0.95703125,0.0021124327031429857,4.6942988631244345e-07,0.0021146386861801147,3.75,1.7613749504089355,1.9973645210266113,1.7613749504089355,1.973221778869629,1837,74.73447978007607
0.0020584178855642676,0.0020584178855642676,0.0013513513840734959,0.0013513513840734959,0.0034097692696377635,0.5,532.0,367.5,185.0,1.9347368421052633,0.0,0.6640625,0.0024163213674910367,4.686047402353433e-07,-0.00024111568927764893,3.75,1.6549749374389648,1.370408296585083,1.6549749374389648,1.398393988609314,1838,70.64736332418397
0.0032051282469183207,0.0032051282469183207,0.0017229587829206139,0.0017229587829206139,0.0049280870298389345,1.0,594.0,359.5,192.0,1.9357894736842105,0.0,0.69140625,0.002266462630359456,4.6777967999168444e-07,-0.00023217499256134033,3.75,0.9314124584197998,1.6159688234329224,0.9314124584197998,1.839336633682251,1839,67.73992668301798
0.0028588564600795507,0.0028588564600795507,0.0013111887965351343,0.0013111887965351343,0.004170045256614685,0.75,572.0,334.25,205.0,1.936842105263158,0.0,0.76171875,0.0035290319356136024,4.669547078371503e-07,0.0011277347803115845,3.75,1.2783750295639038,0.5949950814247131,1.2783750295639038,1.019029974937439,1840,75.27841292507946
0.0018519534496590495,0.0018519534496590495,0.0012195121962577105,0.0012195121962577105,0.00307146564591676,0.75,571.0,329.0,205.0,1.9378947368421051,0.0,0.6640625,0.009179194923490286,4.66129826027183e-07,0.0013304352760314941,3.5,0.2875499725341797,0.7051976323127747,0.2875499725341797,1.6033822298049927,1841,186.85970281017944
0.0021246952237561345,0.0021246952237561345,0.0,0.0,0.0021246952237561345,0.25,484.0,347.75,198.0,1.9389473684210525,0.0,0.7578125,0.004663381492719054,4.6530503681697796e-07,0.0011773854494094849,4.5,-0.2587749660015106,2.626371383666992,-0.2587749660015106,2.664613723754883,1842,64.35385021287948
0.0021731762681156397,0.0021731762681156397,0.0024331832537427545,0.0024331832537427545,0.004606359521858394,0.25,557.0,364.25,143.0,1.94,0.0,0.6875,0.005187782982829958,4.644803424614775e-07,0.0011488795280456543,4.25,2.101437568664551,0.39246195554733276,2.101437568664551,0.713893473148346,1843,75.94304883899167
0.003947368357330561,0.003947368357330561,0.0,0.0,0.003947368357330561,1.0,270.0,210.5,188.0,1.9410526315789474,0.0,0.7890625,0.001961549947736785,4.6365574521536446e-07,-0.0011190176010131836,2.25,1.3482625484466553,0.24715149402618408,1.3482625484466553,0.24801963567733765,1844,43.12616185983643
0.0019082031212747097,0.0019082031212747097,0.0,0.0,0.0019082031212747097,1.0,518.0,357.0,247.0,1.9421052631578948,0.0,0.671875,0.0020661628805100918,4.628312473330562e-07,0.0012463182210922241,3.75,1.3213458061218262,0.672146201133728,1.3213458061218262,0.6116576790809631,1845,69.52219558390789
0.00241835811175406,0.00241835811175406,0.0008680555620230734,0.0008680555620230734,0.0032864136737771332,0.5,582.0,431.0,288.0,1.9431578947368422,0.0,0.62109375,0.0029621938010677695,4.620068510686984e-07,0.001032501459121704,4.75,2.611537456512451,0.6190543174743652,2.611537456512451,0.55887770652771,1846,83.2469470568467
0.0009842519648373127,0.0009842519648373127,0.0,0.0,0.0009842519648373127,1.0,508.0,254.5,128.0,1.9442105263157896,0.5,0.60546875,0.005659965565428138,4.61182558676159e-07,0.0012267129495739937,2.75,0.624037504196167,0.3885021209716797,0.624037504196167,1.9281880855560303,1847,47.64557432685979
0.0020171336364001036,0.0020171336364001036,0.0,0.0,0.0020171336364001036,0.5,446.0,315.0,216.0,1.9452631578947368,0.0,0.765625,0.0021271199511829764,4.60358372409022e-07,0.003067299723625183,3.75,1.5546749830245972,0.8746203780174255,1.5546749830245972,1.1768943071365356,1848,60.91244055097923
0.0032627724576741457,0.0032627724576741457,0.0007716049440205097,0.0007716049440205097,0.004034377401694655,1.0,366.0,271.5,190.0,1.9463157894736842,0.0,0.6640625,0.0021416402887552977,4.595342945205813e-07,-0.001281246542930603,3.0,1.610687494277954,0.12301889806985855,1.610687494277954,0.40284520387649536,1849,49.272795708850026
0.0017550787306390703,0.0017550787306390703,0.003267973894253373,0.003267973894253373,0.005023052624892443,0.5,426.0,295.5,153.0,1.9473684210526314,0.0,0.63671875,0.0023892864992376417,4.5871032726383385e-07,-0.000452190637588501,3.5,1.873687505722046,0.38906773924827576,1.873687505722046,0.608893096446991,1850,58.716523587936535
0.007784490007907152,0.007784490007907152,0.001308900536969304,0.001308900536969304,0.009093390544876456,0.5,378.0,275.75,191.0,1.9484210526315788,0.0,0.64453125,0.0030652452987851575,4.578864728914751e-07,-0.0005555450916290283,3.5,1.9739874601364136,0.8846082091331482,1.9739874601364136,0.7326581478118896,1851,55.82954400475137
0.006103023653849959,0.006103023653849959,0.0034960333723574877,0.0034960333723574877,0.009599057026207447,0.5,470.0,290.5,111.0,1.9494736842105262,0.0,3.015625,0.008144885476212949,4.5706273365589144e-07,0.002809196710586548,3.25,1.4368500709533691,1.9266184568405151,1.4368500709533691,1.82383131980896,1852,65.07602320727892
0.0013157895300537348,0.0013157895300537348,0.0,0.0,0.0013157895300537348,0.5,574.0,300.5,190.0,1.9505263157894737,0.0,0.65234375,0.0031962481152731925,4.5623911180915434e-07,0.0011597871780395508,3.25,1.0051124095916748,0.8753805160522461,1.0051124095916748,1.0851030349731445,1853,65.6446615208406
0.0,0.0,0.0,0.0,0.0,0.5,196.0,133.25,81.0,1.951578947368421,0.5,0.74609375,0.002098679367918521,4.554156096030148e-07,0.0004556328058242798,1.25,-0.4502750039100647,0.7774285674095154,-0.4502750039100647,1.0994499921798706,1854,26.308431327110156
0.0029411765281111,0.0029411765281111,0.002617801073938608,0.002617801073938608,0.005558977602049708,0.25,442.0,246.25,170.0,1.9526315789473685,0.0,0.765625,0.004393983166664839,4.5459222928889587e-07,0.0009915456175804138,3.25,1.7366249561309814,0.05271483212709427,1.7366249561309814,0.451871395111084,1855,53.35499208420515
0.004276534076780081,0.004276534076780081,0.0011737089371308684,0.0011737089371308684,0.005450243013910949,0.75,507.0,266.25,128.0,1.953684210526316,0.0,0.859375,0.004586773342452943,4.5376897311788825e-07,-0.00019410252571105957,2.75,0.8344416618347168,0.9341824054718018,0.8344416618347168,1.2307687997817993,1856,57.65001836558804
0.002027027076110244,0.002027027076110244,0.0006631299620494246,0.0006631299620494246,0.0026901570381596684,0.5,431.0,342.25,191.0,1.954736842105263,0.0,0.7109375,0.002964007289847359,4.529458433407428e-07,0.0001363307237625122,4.5,2.5740623474121094,0.9551420211791992,2.5740623474121094,0.9036312103271484,1857,72.18866770272143
0.0045437985099852085,0.0045437985099852085,0.0011904762359336019,0.0011904762359336019,0.00573427474591881,0.75,420.0,300.5,128.0,1.9557894736842105,0.0,0.75,0.0020611913059838116,4.521228422078649e-07,0.0003574490547180176,3.25,-0.0635000467300415,1.1141175031661987,-0.0635000467300415,2.6721200942993164,1858,174.67896021623164
0.004961120430380106,0.004961120430380106,0.0022727272007614374,0.0022727272007614374,0.007233847631141543,0.5,428.0,261.75,110.0,1.956842105263158,0.0,0.9140625,0.0032956490467768162,4.512999719693084e-07,-3.711879253387451e-05,3.0,0.7201083302497864,0.9130986928939819,0.7201083302497864,1.4277311563491821,1859,48.45546236215159
0.003592742490582168,0.003592742490582168,0.002761439885944128,0.002761439885944128,0.006354182376526296,0.5,589.0,482.75,394.0,1.9578947368421051,0.0,0.5625,0.002780242240987718,4.5047723487476864e-07,0.0007597059011459351,5.25,0.3856583833694458,2.112823247909546,0.3856583833694458,2.1811184883117676,1860,335.5937297940254
0.0036772629246115685,0.0036772629246115685,0.0020325202494859695,0.0020325202494859695,0.005709783174097538,0.5,246.0,147.25,70.0,1.9589473684210525,0.0,1.21875,0.0031703832210041583,4.496546331735778e-07,0.00198914110660553,1.5,-0.45087501406669617,0.8843784332275391,-0.45087501406669617,1.2020336389541626,1861,149.2560314689763
0.002884615445509553,0.002884615445509553,0.0022927201353013515,0.0022927201353013515,0.0051773355808109045,0.5,489.0,373.25,260.0,1.96,0.0,0.60546875,0.002934425836429,4.488321691146975e-07,0.000896453857421875,4.25,1.1478458642959595,0.9195629358291626,1.1478458642959595,0.8450561761856079,1862,73.43554943869822
0.0013661201810464263,0.0013661201810464263,0.00390625,0.00390625,0.005272370181046426,1.0,366.0,221.75,128.0,1.9610526315789474,0.0,1.0078125,0.0027862436836585402,4.480098449467131e-07,-0.002050146460533142,2.25,0.998787522315979,1.271890640258789,0.998787522315979,1.444222092628479,1863,42.67289234907366
0.0042372881434857845,0.0042372881434857845,0.000936329597607255,0.000936329597607255,0.0051736177410930395,0.75,534.0,296.75,203.0,1.9621052631578948,0.0,0.60546875,0.002132950845407322,4.4718766291782723e-07,0.0006994456052780151,3.0,0.4867124855518341,1.6086502075195312,0.4867124855518341,1.9833533763885498,1864,58.39916592766531
0.0023833863670006394,0.0023833863670006394,0.0021292028832249343,0.0021292028832249343,0.004512589250225574,0.5,620.0,333.0,189.0,1.9631578947368422,0.0,0.546875,0.0026369586412329227,4.463656252758542e-07,-0.0005579143762588501,3.5,1.3948957920074463,0.9255732893943787,1.3948957920074463,1.0700684785842896,1865,61.54096223600209
0.002103047736454755,0.002103047736454755,0.0028030105167999864,0.0028030105167999864,0.004906058253254741,0.5,527.0,351.0,157.0,1.9642105263157896,0.0,0.74609375,0.003550142195308581,4.4554373426821367e-07,0.0019550174474716187,3.75,1.6195082664489746,0.9614766240119934,1.6195082664489746,0.9135639071464539,1866,66.02974313613959
0.0050337560242041945,0.0050337560242041945,0.0022123893722891808,0.0022123893722891808,0.007246145396493375,0.5,592.0,461.25,389.0,1.9652631578947368,0.0,0.49609375,0.003412890393519774,4.4472199214192434e-07,0.0008802413940429688,5.5,2.439650058746338,0.36766013503074646,2.439650058746338,0.7879985570907593,1867,100.11913486989215
0.0018933428800664842,0.0018933428800664842,0.0031102097127586603,0.0031102097127586603,0.0050035525928251445,0.5,508.0,368.25,255.0,1.9663157894736842,0.0,0.58984375,0.0016558434581384063,4.439004011435979e-07,-5.474686622619629e-05,4.5,2.524125099182129,0.14170415699481964,2.524125099182129,0.846116304397583,1868,82.35595775209367
0.0022487624373752624,0.0022487624373752624,0.0,0.0,0.0022487624373752624,0.5,535.0,387.5,190.0,1.9673684210526314,0.0,0.66796875,0.002138554729754105,4.4307896351943233e-07,0.0010513663291931152,4.25,0.9183040857315063,1.3244051933288574,0.9183040857315063,1.6535353660583496,1869,71.3856623924803
0.002785515272989869,0.002785515272989869,0.00390625,0.00390625,0.006691765272989869,0.75,487.0,275.5,128.0,1.9684210526315788,0.0,0.9609375,0.0038369756657630205,4.4225768151520694e-07,-0.00037530064582824707,2.75,-1.0507124662399292,0.5470001697540283,-1.0507124662399292,0.6343299746513367,1870,170.70562560204417
0.004428372485563159,0.004428372485563159,0.0025252525229007006,0.0025252525229007006,0.0069536250084638596,1.0,212.0,185.0,128.0,1.9694736842105263,0.0,0.79296875,0.0033919899142347276,4.4143655737627545e-07,-0.00026482343673706055,1.75,0.1358625292778015,0.05368707329034805,0.1358625292778015,1.4005054235458374,1871,36.70531355519779
0.0022624435368925333,0.0022624435368925333,0.0013916405732743442,0.0013916405732743442,0.0036540841101668775,0.5,592.0,490.25,442.0,1.9705263157894737,0.0,0.55859375,0.004288459487725049,4.406155933475599e-07,0.001121237874031067,5.5,0.1459125429391861,2.8421273231506348,0.1459125429391861,2.6424291133880615,1872,224.46018811315298
0.004519929352682084,0.004519929352682084,0.0,0.0,0.004519929352682084,0.5,457.0,339.5,256.0,1.971578947368421,0.0,0.62890625,0.004048164555570111,4.3979479167354473e-07,0.001145869493484497,3.75,2.0990123748779297,0.7776229977607727,2.0990123748779297,0.7152249217033386,1873,70.51008506631479
0.0032312924740836024,0.0032312924740836024,0.0,0.0,0.0032312924740836024,0.75,245.0,188.0,88.0,1.9726315789473685,0.0,1.3203125,0.005769382085418329,4.389741545982699e-07,0.0022384077310562134,2.0,0.8484125137329102,0.9541521668434143,0.8484125137329102,1.2433152198791504,1874,40.068641250021756
0.002390570007264614,0.002390570007264614,0.0012254902394488454,0.0012254902394488454,0.0036160602467134595,0.5,498.0,334.75,201.0,1.973684210526316,0.0,0.57421875,0.0018159772735089064,4.381536843653261e-07,-0.0005198866128921509,3.75,0.8487749695777893,1.7322700023651123,0.8487749695777893,2.0815000534057617,1875,69.02131567685865
0.0036707257386296988,0.0036707257386296988,0.002475247485563159,0.002475247485563159,0.006145973224192858,0.75,402.0,287.5,202.0,1.9747368421052631,0.0,0.953125,0.0033778801443986595,4.3733338321784777e-07,0.001797497272491455,3.5,1.252779245376587,0.943215548992157,1.252779245376587,1.0069386959075928,1876,57.91424736613408
0.0016949152341112494,0.0016949152341112494,0.0039610478561371565,0.0039610478561371565,0.005655963090248406,0.25,533.0,368.75,211.0,1.9757894736842105,0.0,0.609375,0.0028789618518203497,4.36513253398507e-07,0.00015057623386383057,4.25,1.5122166872024536,0.5461457967758179,1.5122166872024536,0.6475775837898254,1877,89.09849024075083
0.005457797786220908,0.005457797786220908,0.0006983240018598735,0.0006983240018598735,0.006156121788080782,0.75,428.0,277.25,128.0,1.9768421052631577,0.0,0.8828125,0.0049550361291039735,4.3569329714950703e-07,-0.0009784996509552002,3.0,0.6489375829696655,0.21275080740451813,0.6489375829696655,2.0011937618255615,1878,175.5292592868209
0.002599146100692451,0.002599146100692451,0.002443975768983364,0.002443975768983364,0.005043121869675815,0.75,501.0,388.0,264.0,1.9778947368421052,0.0,0.6015625,0.0027417761739343405,4.348735167125771e-07,0.0010791420936584473,4.5,1.9393500089645386,0.8265371322631836,1.9393500089645386,0.8797176480293274,1879,84.58017193572596
0.003068058518692851,0.003068058518692851,0.00043252596515230834,0.00043252596515230834,0.0035005844838451594,0.5,578.0,355.25,187.0,1.9789473684210526,0.0,0.60546875,0.0013204151182435453,4.340539143289655e-07,0.0008602887392044067,4.25,1.688425064086914,0.7565689086914062,1.688425064086914,0.6341979503631592,1880,78.51997303380631
0.0016443929926026613,0.0016443929926026613,0.0,0.0,0.0016443929926026613,0.5,545.0,412.5,211.0,1.98,0.0,0.83984375,0.0034635323099792004,4.332344922394341e-07,0.001987457275390625,4.75,1.3571749925613403,1.1202340126037598,1.3571749925613403,1.2251852750778198,1881,87.39395747403614
0.003218920377548784,0.003218920377548784,0.0006127451197244227,0.0006127451197244227,0.0038316654972732067,0.75,408.0,378.25,336.0,1.9810526315789474,0.0,0.74609375,0.0021015832608100027,4.324152526842517e-07,0.0007211565971374512,4.0,1.8693958520889282,1.066923975944519,1.8693958520889282,1.123203992843628,1882,82.0678298571147
0.006035084254108369,0.006035084254108369,0.002031533280387521,0.002031533280387521,0.00806661753449589,1.0,309.0,273.5,216.0,1.9821052631578948,0.0,1.0703125,0.0033030693884938955,4.3159619790318747e-07,-4.9874186515808105e-05,2.75,1.5982500314712524,0.17624637484550476,1.5982500314712524,0.1777505725622177,1883,59.75751592987217
0.004461483214981854,0.004461483214981854,0.0,0.0,0.004461483214981854,0.75,413.0,267.5,189.0,1.9831578947368422,0.0,1.78125,0.003310760483145714,4.307773301355062e-07,0.0036722570657730103,3.0,1.2292375564575195,0.9105590581893921,1.2292375564575195,1.0600030422210693,1884,56.94963631709106
0.0022727272007614374,0.0022727272007614374,0.0013157895300537348,0.0013157895300537348,0.003588516730815172,0.75,257.0,214.75,190.0,1.9842105263157894,0.0,0.76171875,0.00514137907885015,4.2995865161996104e-07,-8.061528205871582e-06,2.5,1.4614500999450684,0.2650943696498871,1.4614500999450684,0.22847729921340942,1885,46.99171220976859
0.0009140768088400364,0.0009140768088400364,0.0012626262614503503,0.0012626262614503503,0.0021767030702903867,0.5,547.0,337.25,196.0,1.9852631578947368,0.0,0.79296875,0.0019925879314541817,4.2914016459478786e-07,0.0007923692464828491,4.0,0.8034417033195496,0.8368844389915466,0.8034417033195496,1.1636154651641846,1886,79.50181444431655
0.005465949885547161,0.005465949885547161,0.002602817374281585,0.002602817374281585,0.008068767259828746,0.5,494.0,330.25,180.0,1.9863157894736843,0.0,0.8984375,0.0033748482237569988,4.283218712976991e-07,-0.00015208125114440918,3.75,0.8153291344642639,0.7544770240783691,0.8153291344642639,0.9968334436416626,1887,192.94775345199741
0.0008503401186317205,0.0008503401186317205,0.001308900536969304,0.001308900536969304,0.0021592406556010246,1.0,294.0,231.75,191.0,1.9873684210526315,0.0,0.69140625,0.003649294259957969,4.275037739658771e-07,0.000666305422782898,2.25,1.4862250089645386,0.19502004981040955,1.4862250089645386,0.2753501832485199,1888,48.77585418196395
0.003155680256895721,0.003155680256895721,0.0012987012742087245,0.0012987012742087245,0.0044543815311044455,0.75,385.0,258.0,185.0,1.9884210526315789,0.0,0.6171875,0.004599622159730643,4.266858748359686e-07,-0.00025713443756103516,3.25,0.438608318567276,0.06790583580732346,0.438608318567276,1.0535078048706055,1889,55.54777722689323
0.0,0.0,0.0023268398363143206,0.0023268398363143206,0.0023268398363143206,1.0,220.0,207.5,195.0,1.9894736842105263,0.0,0.5625,0.0036972689849790186,4.258681761440789e-07,-0.0004680454730987549,2.0,1.1489875316619873,0.00022978460765443742,1.1489875316619873,0.00020154923549853265,1890,40.35413968912326
0.003496503457427025,0.003496503457427025,0.0,0.0,0.003496503457427025,0.75,572.0,276.75,128.0,1.9905263157894737,0.5,0.44140625,0.0021536694548558444,4.250506801257652e-07,-0.0002292245626449585,2.5,0.6240500211715698,0.5300825834274292,0.6240500211715698,1.9726550579071045,1891,57.025424539111555
0.0009225092362612486,0.0009225092362612486,0.0015673980815336108,0.0015673980815336108,0.0024899073177948594,0.5,319.0,206.5,108.0,1.9915789473684211,0.5,0.478515625,0.002212877618148923,4.2423338901602983e-07,0.00047104060649871826,2.25,-0.7753999829292297,1.5904244184494019,-0.7753999829292297,1.8546860218048096,1892,42.63709840294905
0.0008928571478463709,0.0008928571478463709,0.002463054144755006,0.002463054144755006,0.0033559112926013768,0.75,560.0,303.25,194.0,1.9926315789473685,0.0,0.62109375,0.0031350922654382885,4.234163050493158e-07,0.001514822244644165,3.25,1.5468542575836182,0.03309846669435501,1.5468542575836182,0.232462078332901,1893,66.1080427588895
0.0024652148131281137,0.0024652148131281137,0.004507048928644508,0.004507048928644508,0.006972263741772622,0.5,435.0,374.25,255.0,1.993684210526316,0.0,0.56640625,0.0063882298418320715,4.225994304594993e-07,-0.0005917251110076904,4.5,2.3741250038146973,0.5664632320404053,2.3741250038146973,0.70330810546875,1894,78.5345727801323
0.004896071739494801,0.004896071739494801,0.0020344597287476063,0.0020344597287476063,0.006930531468242407,0.5,552.0,437.0,328.0,1.9947368421052631,0.0,0.484375,0.004559947643429041,4.2178276747988444e-07,-0.0009722411632537842,4.75,2.549299955368042,0.8141627311706543,2.549299955368042,0.7344231605529785,1895,90.10022657737136
0.0011737089371308684,0.0011737089371308684,0.0035964318085461855,0.0035964318085461855,0.004770140745677054,0.75,410.0,280.25,213.0,1.9957894736842106,0.0,0.77734375,0.0025112787552643567,4.2096631834319687e-07,0.001065179705619812,3.0,0.800208330154419,1.0227121114730835,0.800208330154419,0.8722109794616699,1896,56.55986649100669
0.00550881412345916,0.00550881412345916,0.002865054353605956,0.002865054353605956,0.008373868477065116,0.5,395.0,225.75,128.0,1.9968421052631578,0.0,0.91015625,0.0053078761557117105,4.201500852815768e-07,0.001099318265914917,2.75,-1.280229091644287,0.28935399651527405,-1.280229091644287,0.2576109766960144,1897,60.54868564312346
0.003568626125343144,0.003568626125343144,0.0032638406846672297,0.0032638406846672297,0.006832466810010374,0.25,429.0,288.25,127.0,1.9978947368421052,0.0,0.890625,0.002845062466803938,4.193340705265745e-07,0.0009232014417648315,3.5,2.024087429046631,1.0960685014724731,2.024087429046631,1.0049277544021606,1898,62.572233660612255
0.0,0.0,0.0,0.0,0.0,1.0,128.0,128.0,128.0,1.9989473684210526,1.0,0.06396484375,0.005076056579127908,4.1851827630914306e-07,0.0002030422620009631,1.0,-1.0,0.0,-1.0,0.0,1899,25.221959298709407
0.004682034137658775,0.004682034137658775,0.003629107610322535,0.003629107610322535,0.00831114174798131,0.75,345.0,247.75,206.0,2.0,0.0,0.58984375,0.0026781661435961723,4.1770270485963294e-07,0.0007094442844390869,2.5,1.5736875534057617,0.31867536902427673,1.5736875534057617,0.45087558031082153,1900,57.84789519011974
